VDS_s,ITcosts_s,skvozcosts_s,trainingcosts_s,RDcosts_s,RDsalary_s
16103185.655968767,903946.9476000001,7817.1093959750015,6438.38127156,993546.2544947502,329323.14322325
