VDS_r,AIusage_r,BDusage_r
6213962.399999999,0.16453537936913895,0.8013640238704177
