VDS_r,ITcosts_r,skvozcosts_r,trainingcosts_r
5914849.600000001,0.02923033691088265,0.03229829473390282,0.005057543662553844
