factoriescap_s,ITcosts_s,skvozcosts_s,trainingcosts_s
87323581.0,258750.9908536,7049.4571275200005,6438.38127156
