factoriescap_s,RDcosts_s,RDsalary_s,RDequip_s
48404921.544,0.07325699393612166,0.6293653000753583,0.491022352727009
