factoriescap_s,ITcosts_s,skvozcosts_s,trainingcosts_s
17725910.703199998,0.04795267309692723,0.13665074600041147,0.061296754944898925
