factoriescap_s,ITcosts_s,skvozcosts_s,trainingcosts_s
17725910.703199998,65454.8779604,1183.0054471199999,865.69803016
