factoriescap_s,ITcosts_s,skvozcosts_s,trainingcosts_s
48404921.544,0.04795267309692723,0.18210829728962055,0.6698397566510076
