factoriescap_r,ITcosts_r,skvozcosts_r,trainingcosts_r
10302678.694400001,0.02834199326303958,0.03229829473390282,0.005057543662553844
