sector,okved2,year,AIcosts_s
Применение информационных и коммуникационных технологий по видам  экономической деятельности,114.АГ,2024,90304.6767
"Деятельность в области культуры, спорта, отдыха и развлечений",135.АГ,2024,202.2998
Собирательная классификационная группировка видов экономической деятельности в области деятельности творческих (креативных) индустрий на основе Общероссийского классификатора видов экономической деятельности (ОКВЭД2) ОК 029-2014 (КДЕС Ред. 2),13210000.029.02,2024,3570.3494
"Собирательная классификационная группировка видов экономической деятельности в области лазерных, оптических и оптоэлектронных технологий (фотоники) на основе Общероссийского классификатора видов экономической деятельности (ОКВЭД 2) ОК 029-2014 (КДЕС Ред.2)",1323500.029.36,2024,
Сектор информационно-коммуникационных технологий,1324500.029.01,2024,11463.3601
Сектор контента и средств массовой информации,1324500.029.02,2024,34.973099999999995
Отрасль информационных технологий,1324500.029.11,2024,8943.7278
Сектор инжиниринговых услуг и промышленного дизайна,1323500.029.12,2024,5.2665
Виды экономической деятельности в области промышленности строительных материалов,1323500.029.33,2024,150.9366
Виды экономической деятельности в области производства товаров и оказания услуг для детей,1323500.029.35,2024,70.5837
"СЕЛЬСКОЕ, ЛЕСНОЕ ХОЗЯЙСТВО, ОХОТА, РЫБОЛОВСТВО И РЫБОВОДСТВО",A,2024,214.8929
"Растениеводство и животноводство, охота и предоставление соответствующих услуг в этих областях",01,2024,123.303
Выращивание однолетних культур,01.1,2024,62.915
"Выращивание зерновых (кроме риса), зернобобовых культур и семян масличных культур",01.11,2024,9.149
Выращивание зерновых культур,01.11.1,2024,7.4714
Выращивание пшеницы,01.11.11,2024,
Выращивание зернобобовых культур,01.11.2,2024,
Выращивание семян масличных культур,01.11.3,2024,0.8296
Выращивание семян подсолнечника,01.11.31,2024,
Выращивание риса,01.12,2024,
"Выращивание овощей, бахчевых, корнеплодных и клубнеплодных культур, грибов и трюфелей",01.13,2024,53.766
Выращивание овощей,01.13.1,2024,15.405
Выращивание овощей открытого грунта,01.13.11,2024,
Выращивание овощей защищенного грунта,01.13.12,2024,
Выращивание столовых корнеплодных и клубнеплодных культур с высоким содержанием крахмала или инулина,01.13.3,2024,
Выращивание картофеля,01.13.31,2024,
"Выращивание семян овощных культур, за исключением семян сахарной свеклы",01.13.4,2024,
Выращивание сахарной свеклы и семян сахарной свеклы,01.13.5,2024,36.473
Выращивание сахарной свеклы,01.13.51,2024,
Выращивание грибов и трюфелей,01.13.6,2024,
"Выращивание овощей, не включенных в другие группировки",01.13.9,2024,
Выращивание волокнистых прядильных культур,01.16,2024,
Выращивание прочих однолетних культур,01.19,2024,
Выращивание однолетних кормовых культур,01.19.1,2024,
Цветоводство,01.19.2,2024,
"Выращивание прочих однолетних культур, не включенных в другие группировки",01.19.9,2024,
Выращивание многолетних культур,01.2,2024,27.8837
Выращивание винограда,01.21,2024,27.8837
Выращивание семечковых и косточковых культур,01.24,2024,
"Выращивание прочих плодовых деревьев, кустарников и орехов",01.25,2024,
Выращивание прочих плодовых и ягодных культур,01.25.1,2024,
Выращивание плодов масличных культур,01.26,2024,
"Выращивание специй, пряно-ароматических, эфиромасличных и лекарственных культур",01.28,2024,
Выращивание хмеля,01.28.2,2024,
Выращивание прочих многолетних культур,01.29,2024,
Выращивание рассады,01.30,2024,
Животноводство,01.4,2024,31.867
"Разведение молочного крупного рогатого скота, производство сырого молока",01.41,2024,17.9559
Разведение молочного крупного рогатого скота,01.41.1,2024,9.9247
"Разведение молочного крупного рогатого скота, кроме племенного",01.41.11,2024,0.334
Разведение племенного молочного крупного рогатого скота,01.41.12,2024,
"Производство сырого коровьего молока и сырого молока прочего крупного рогатого скота (буйволов, яков и др.)",01.41.2,2024,8.0312
Производство сырого коровьего молока,01.41.21,2024,8.0052
"Производство сырого молока прочего крупного рогатого скота (буйволов, яков и др.)",01.41.29,2024,
"Разведение прочих пород крупного рогатого скота и буйволов, производство спермы",01.42,2024,
"Разведение мясного и прочего крупного рогатого скота, включая буйволов, яков и др.",01.42.1,2024,
"Разведение мясного и прочего крупного рогатого скота, включая буйволов, яков и др., на мясо",01.42.11,2024,
"Разведение племенного мясного и прочего крупного рогатого скота, включая буйволов, яков и др.",01.42.12,2024,
"Производство бычьей спермы, а также спермы буйволов, яков и др.",01.42.2,2024,
Разведение лошадей и прочих животных семейства лошадиных отряда непарнокопытных,01.43,2024,
"Разведение лошадей, ослов, мулов, лошаков",01.43.1,2024,
Разведение овец и коз,01.45.1,2024,
Разведение племенных овец и коз,01.45.4,2024,
Разведение свиней,01.46,2024,4.528
Выращивание и разведение свиней,01.46.1,2024,4.528
Выращивание свиней на мясо,01.46.11,2024,4.528
Разведение племенного поголовья свиней,01.46.12,2024,
Разведение сельскохозяйственной птицы,01.47,2024,9.3831
"Выращивание и разведение сельскохозяйственной птицы: кур, индеек, уток, гусей и цесарок",01.47.1,2024,0.7261
Выращивание сельскохозяйственной птицы на мясо,01.47.11,2024,0.7261
Разведение племенной сельскохозяйственной птицы,01.47.12,2024,
Производство яиц сельскохозяйственной птицы,01.47.2,2024,6.812
Деятельность инкубаторов для птицеводства,01.47.3,2024,
Разведение прочих животных,01.49,2024,
Пчеловодство,01.49.1,2024,
Пчеловодство медового направления,01.49.11,2024,
Разведение кроликов и прочих пушных зверей на фермах,01.49.2,2024,
Разведение прочих пушных зверей на фермах,01.49.22,2024,
Разведение оленей,01.49.4,2024,
Разведение домашних северных оленей,01.49.41,2024,
"Разведение благородных оленей (европейских, кавказских, маралов, изюбрей)",01.49.43,2024,
"Разведение прочих животных, не включенных в другие группировки",01.49.9,2024,
Смешанное сельское хозяйство,01.50,2024,
Деятельность вспомогательная в области производства сельскохозяйственных культур и послеуборочной обработки сельхозпродукции,01.6,2024,0.6373
Предоставление услуг в области растениеводства,01.61,2024,0.6373
Предоставление услуг в области животноводства,01.62,2024,
Деятельность сельскохозяйственная после сбора урожая,01.63,2024,
Обработка семян для посадки,01.64,2024,
"Охота, отлов и отстрел диких животных, включая предоставление услуг в этих областях",01.70,2024,
Лесоводство и лесозаготовки,02,2024,80.5449
Лесоводство и прочая лесохозяйственная деятельность,02.10,2024,5.1115
Деятельность лесопитомников,02.10.1,2024,
"Выращивание посадочного материала лесных растений (саженцев, сеянцев)",02.10.11,2024,
Деятельность лесохозяйственная прочая,02.10.2,2024,
Лесозаготовки,02.20,2024,73.97789999999999
Предоставление услуг в области лесоводства и лесозаготовок,02.40,2024,1.4555
Предоставление услуг в области лесоводства,02.40.1,2024,1.253
Предоставление услуг в области лесозаготовок,02.40.2,2024,
Рыболовство и рыбоводство,03,2024,
Рыболовство,03.1,2024,
Рыболовство морское,03.11,2024,
Рыболовство морское промышленное,03.11.1,2024,
Рыболовство морское прибрежное,03.11.2,2024,
Рыболовство пресноводное,03.12,2024,
Рыболовство пресноводное промышленное,03.12.1,2024,
Рыболовство любительское и спортивное,03.12.3,2024,
"Рыболовство в целях обеспечения ведения традиционного образа жизни и осуществления традиционной хозяйственной деятельности коренных малочисленных народов Севера, Сибири и Дальнего Востока Российской Федерации",03.12.4,2024,
Рыбоводство,03.2,2024,
Рыбоводство морское,03.21,2024,
Рыбоводство морское индустриальное,03.21.1,2024,
Рыбоводство пресноводное,03.22,2024,
Рыбоводство пресноводное индустриальное,03.22.1,2024,
Рыбоводство прудовое,03.22.3,2024,
Воспроизводство пресноводных биоресурсов искусственное,03.22.5,2024,
ДОБЫЧА ПОЛЕЗНЫХ ИСКОПАЕМЫХ,B,2024,1289.3559
Добыча угля,05,2024,4.8889
Добыча и обогащение угля и антрацита,05.10,2024,4.7889
Добыча угля и антрацита,05.10.1,2024,
Добыча антрацита открытым способом,05.10.11,2024,
Добыча коксующегося угля открытым способом,05.10.12,2024,
"Добыча угля, за исключением антрацита, угля коксующегося и угля бурого, открытым способом",05.10.13,2024,
Добыча антрацита подземным способом,05.10.14,2024,
Добыча коксующегося угля подземным способом,05.10.15,2024,
"Добыча угля, за исключением антрацита, угля коксующегося и угля бурого, подземным способом",05.10.16,2024,
Обогащение угля,05.10.2,2024,
Обогащение антрацита,05.10.21,2024,
Обогащение коксующегося угля,05.10.22,2024,
"Обогащение угля, кроме антрацита, угля коксующегося и угля бурого",05.10.23,2024,
Добыча и обогащение бурого угля (лигнита),05.20,2024,
Добыча бурого угля (лигнита),05.20.1,2024,
Добыча бурого угля (лигнита) открытым способом,05.20.11,2024,
Добыча бурого угля (лигнита) подземным способом,05.20.12,2024,
Добыча нефти и природного газа,06,2024,842.5316
Добыча нефти и нефтяного (попутного) газа,06.10,2024,842.5316
"Добыча нефти, горючих (битуминозных) сланцев, песка и озокерита",06.10.01.АГ,2024,842.5316
Добыча нефти,06.10.1,2024,842.5316
Добыча нефтяного (попутного) газа,06.10.3,2024,
Добыча природного газа и газового конденсата,06.20,2024,
Добыча природного газа,06.20.1,2024,
Добыча газового конденсата,06.20.2,2024,
Добыча металлических руд,07,2024,366.1014
Добыча и обогащение железных руд,07.10,2024,
Добыча железных руд подземным способом,07.10.1,2024,
Добыча железных руд открытым способом,07.10.2,2024,
Обогащение и агломерация железных руд,07.10.3,2024,
Добыча руд цветных металлов,07.2,2024,285.8491
Добыча урановой и ториевой руд,07.21,2024,
Добыча и первичное обогащение урановых руд,07.21.1,2024,
"Добыча урановых руд подземным способом, включая способы подземного и кучного выщелачивания",07.21.11,2024,
Добыча руд прочих цветных металлов,07.29,2024,285.8491
"Добыча и обогащение руд цветных металлов, не включенных в другие группировки",07.29.02.АГ,2024,9.9821
Добыча и обогащение медной руды,07.29.1,2024,
Добыча и обогащение алюминийсодержащего сырья (бокситов и нефелин-апатитовых руд),07.29.3,2024,
Добыча и обогащение свинцово-цинковой руды,07.29.5,2024,
Добыча и обогащение оловянной руды,07.29.6,2024,
Добыча и обогащение руд прочих цветных металлов,07.29.9,2024,
Добыча и обогащение сурьмяно-ртутных руд,07.29.91,2024,
Добыча и обогащение марганцевых руд,07.29.92,2024,
Добыча и обогащение хромовых (хромитовых) руд,07.29.93,2024,
"Добыча и обогащение руд прочих цветных металлов, не включенных в другие группировки",07.29.99,2024,
Добыча прочих полезных ископаемых,08,2024,75.652
"Добыча камня, песка и глины",08.1,2024,
"Добыча декоративного и строительного камня, известняка, гипса, мела и сланцев",08.11,2024,
Добыча и первичная обработка камня для памятников и строительства,08.11.1,2024,
Добыча и первичная обработка известняка и гипсового камня,08.11.2,2024,
Добыча мела и некальцинированного доломита,08.11.3,2024,
Добыча и первичная обработка сланцев,08.11.4,2024,
"Разработка гравийных и песчаных карьеров, добыча глины и каолина",08.12,2024,
Разработка гравийных и песчаных карьеров,08.12.1,2024,
Добыча глины и каолина,08.12.2,2024,
Добыча минерального сырья для химической промышленности и производства минеральных удобрений,08.91,2024,
Добыча и агломерация торфа,08.92,2024,
Добыча торфа,08.92.1,2024,
Добыча соли,08.93,2024,
"Добыча прочих полезных ископаемых, не включенных в другие группировки",08.99,2024,
"Добыча полезных ископаемых, не включенных в другие группировки",08.99.03.АГ,2024,
"Добыча природного асфальта, асфальтитов и битумных пород",08.99.1,2024,
"Добыча абразивных материалов, асбеста, кремнеземистой каменной муки, природных графитов, мыльного камня (талька), полевого шпата и т. д.",08.99.2,2024,
"Добыча природных абразивов, кроме алмазов",08.99.21,2024,
"Добыча драгоценных камней, кварца, слюды, мусковита и т. д.",08.99.3,2024,
"Добыча драгоценных и полудрагоценных камней, кроме алмазов",08.99.31,2024,
Добыча алмазов,08.99.32,2024,
Предоставление услуг в области добычи полезных ископаемых,09,2024,
Предоставление услуг в области добычи нефти и природного газа,09.10,2024,
"Предоставление услуг по бурению, связанному с добычей нефти, газа и газового конденсата",09.10.1,2024,
"Предоставление услуг по монтажу, ремонту и демонтажу буровых вышек",09.10.2,2024,
Сжижение и обогащение природного газа на месте добычи для последующей транспортировки,09.10.4,2024,
Предоставление прочих услуг в области добычи нефти и природного газа,09.10.9,2024,
Предоставление услуг в других областях добычи полезных ископаемых,09.90,2024,
ОБРАБАТЫВАЮЩИЕ ПРОИЗВОДСТВА,C,2024,4136.5913
Производство пищевых продуктов,10,2024,202.4157
Переработка и консервирование мяса и мясной пищевой продукции,10.1,2024,17.270799999999998
Переработка и консервирование мяса,10.11,2024,
Производство мяса в охлажденном виде,10.11.1,2024,
Производство пищевых субпродуктов в охлажденном виде,10.11.2,2024,
Производство мяса и пищевых субпродуктов в замороженном виде,10.11.3,2024,
Производство животных жиров,10.11.5,2024,
"Производство субпродуктов, непригодных для употребления в пищу",10.11.6,2024,
Производство и консервирование мяса птицы,10.12,2024,1.2253
Производство мяса птицы в охлажденном виде,10.12.1,2024,
Производство мяса птицы в замороженном виде,10.12.2,2024,
Производство пера и пуха,10.12.5,2024,
Производство продукции из мяса убойных животных и мяса птицы,10.13,2024,12.9255
"Производство соленого, вареного, запеченого, копченого, вяленого и прочего мяса",10.13.1,2024,
Производство колбасных изделий,10.13.2,2024,11.1235
Производство мясных (мясосодержащих) консервов,10.13.3,2024,
Производство мясных (мясосодержащих) полуфабрикатов,10.13.4,2024,
Производство кулинарных мясных (мясосодержащих) изделий,10.13.5,2024,
Производство прочей пищевой продукции из мяса или мясных пищевых субпродуктов,10.13.6,2024,
"Производство муки и гранул из мяса и мясных субпродуктов, непригодных для употребления в пищу",10.13.7,2024,
Предоставление услуг по тепловой обработке и прочим способам переработки мясных продуктов,10.13.9,2024,
"Переработка и консервирование рыбы, ракообразных и моллюсков",10.20,2024,
Переработка и консервирование рыбы,10.20.1,2024,
Переработка и консервирование ракообразных и моллюсков,10.20.2,2024,
Переработка и консервирование фруктов и овощей,10.3,2024,
Переработка и консервирование картофеля,10.31,2024,
Производство соковой продукции из фруктов и овощей,10.32,2024,
Прочие виды переработки и консервирования фруктов и овощей,10.39,2024,
Переработка и консервирование овощей (кроме картофеля) и грибов,10.39.1,2024,
Переработка и консервирование фруктов и орехов,10.39.2,2024,
Производство растительных и животных масел и жиров,10.4,2024,
Производство масел и жиров,10.41,2024,
"Производство нерафинированных животных масел и жиров, их фракций",10.41.1,2024,
Производство нерафинированных растительных масел и их фракций,10.41.2,2024,
Производство нерафинированного соевого масла и его фракций,10.41.21,2024,
Производство нерафинированного подсолнечного масла и его фракций,10.41.24,2024,
Производство нерафинированного рапсового сурепного и горчичного масла и их фракций,10.41.26,2024,
Производство прочих нерафинированных растительных масел и их фракций,10.41.29,2024,
Производство жмыха и муки тонкого и грубого помола из семян или плодов масличных культур,10.41.4,2024,
Производство рафинированных растительных масел и их фракций,10.41.5,2024,
Производство рафинированного подсолнечного масла и его фракций,10.41.54,2024,
Производство прочих рафинированных растительных масел и их фракций,10.41.59,2024,
Производство маргариновой продукции,10.42,2024,
Производство молочной продукции,10.5,2024,91.2173
Производство молока (кроме сырого) и молочной продукции,10.51,2024,91.2173
Производство питьевого молока и питьевых сливок,10.51.1,2024,
"Производство сливочного масла, топленого масла, масляной пасты, молочного жира, спредов и топленых сливочно-растительных смесей",10.51.2,2024,
Производство сыра и сырных продуктов,10.51.3,2024,
Производство молока и сливок в твердой форме,10.51.4,2024,
Производство прочей молочной продукции,10.51.9,2024,
Производство мороженого,10.52,2024,
"Производство продуктов мукомольной и крупяной промышленности, крахмала и крахмалосодержащих продуктов",10.6,2024,5.9482
Производство продуктов мукомольной и крупяной промышленности,10.61,2024,5.9482
Производство обработанного риса,10.61.1,2024,
Производство муки из зерновых культур,10.61.2,2024,
Производство крупы и гранул из зерновых культур,10.61.3,2024,
"Производство мучных смесей и приготовление мучных смесей или теста для хлеба, тортов, бисквитов и блинов",10.61.4,2024,
Производство крахмала и крахмалосодержащих продуктов,10.62,2024,
Производство крахмала,10.62.1,2024,
Производство прочих крахмалосодержащих продуктов,10.62.9,2024,
Производство хлебобулочных и мучных кондитерских изделий,10.7,2024,2.117
"Производство хлеба и мучных кондитерских изделий, тортов и пирожных недлительного хранения",10.71,2024,2.01
Производство хлеба и хлебобулочных изделий недлительного хранения,10.71.1,2024,2.01
"Производство мучных кондитерских изделий, тортов и пирожных недлительного хранения",10.71.2,2024,
"Производство сухарей, печенья и прочих сухарных хлебобулочных изделий, производство мучных кондитерских изделий, тортов, пирожных, пирогов и бисквитов, предназначенных для длительного хранения",10.72,2024,
"Производство хрустящих хлебцев, сухарей и прочих сухарных хлебобулочных изделий",10.72.1,2024,
Производство тортов и пирожных длительного хранения,10.72.2,2024,
Производство прочих мучных кондитерских изделий длительного хранения,10.72.3,2024,
Производство печенья,10.72.31,2024,
Производство пряников и коврижек,10.72.32,2024,
Производство вафель,10.72.33,2024,
Производство галет и крекеров,10.72.34,2024,
"Производство кексов, рулетов и аналогичных изделий длительного хранения",10.72.35,2024,
Производство восточных сладостей и прочих мучных кондитерских изделий,10.72.39,2024,
Производство замороженных хлебобулочных полуфабрикатов,10.72.4,2024,
Производство макаронных изделий кускуса и аналогичных мучных изделий,10.73,2024,
Производство макаронных изделий,10.73.1,2024,
Производство консервированных или замороженных макаронных изделий,10.73.3,2024,
Производство прочих пищевых продуктов,10.8,2024,47.902
Производство сахара,10.81,2024,
Производство сахара из сахарной свеклы и тростникового сырца,10.81.1,2024,
Производство сахара из сахарной свеклы,10.81.11,2024,
"Производство какао, шоколада и сахаристых кондитерских изделий",10.82,2024,4.993
Производство шоколада и сахаристых кондитерских изделий,10.82.2,2024,4.993
Производство кондитерских изделий из сахара,10.82.3,2024,
Производство чая и кофе,10.83,2024,
Производство приправ и пряностей,10.84,2024,
Производство готовых пищевых продуктов и блюд,10.85,2024,
Производство детского питания и диетических пищевых продуктов,10.86,2024,
Производство молока и молочных продуктов для детского питания,10.86.1,2024,
Производство молока и молочных продуктов для детей раннего возраста,10.86.11,2024,
Производство соковой продукции из фруктов и овощей для детского питания,10.86.2,2024,
"Производство мясной продукции для детского питания, в том числе из мяса птицы",10.86.3,2024,
Производство продуктов на злаковой основе для детского питания,10.86.4,2024,
Производство продуктов детского питания профилактического и лечебного назначения,10.86.5,2024,
"Производство специализированной пищевой продукции, в том числе диетических пищевых продуктов",10.86.6,2024,
Производство пищевой продукции для питания спортсменов,10.86.62,2024,
Производство прочих диетических пищевых продуктов,10.86.69,2024,
"Производство воды питьевой, напитков безалкогольных для детского питания",10.86.7,2024,
"Производство прочих пищевых продуктов, не включенных в другие группировки",10.89,2024,18.012
Производство супов и бульонов,10.89.1,2024,
"Производство скоропортящихся продуктов, таких как: сэндвичи и свежая пицца (полуфабрикат)",10.89.2,2024,
"Производство растительных соков и экстрактов, пептических веществ, растительных клеев и загустителей",10.89.3,2024,
Производство пищевых ферментов,10.89.4,2024,
"Переработка меда (темперирование, фильтрация, декристаллизация и смешивание меда)",10.89.6,2024,
Производство рационов питания и пайков,10.89.7,2024,
Производство биологически активных добавок к пище,10.89.8,2024,
"Производство прочих продуктов питания, не включенных в другие группировки",10.89.9,2024,0.87
Производство готовых кормов для животных,10.9,2024,1.1603
"Производство готовых кормов для животных, содержащихся на фермах",10.91,2024,1.1603
"Производство готовых кормов (смешанных и несмешанных), кроме муки и гранул из люцерны, для животных, содержащихся на фермах",10.91.1,2024,
"Производство кормового микробиологического белка, премиксов, кормовых витаминов, антибиотиков, аминокислот и ферментов",10.91.3,2024,
Производство готовых кормов для непродуктивных животных,10.92,2024,
Производство напитков,11.0,2024,
"Перегонка, очистка и смешивание спиртов",11.01,2024,
"Производство дистиллированных питьевых алкогольных напитков: водки, виски, бренди, джина, ликеров и т. п.",11.01.1,2024,
Производство пищевого спирта,11.01.4,2024,
Производство вина из винограда,11.02,2024,
Производство сидра и прочих плодовых вин,11.03,2024,
Производство пива,11.05,2024,
Производство солода,11.06,2024,
"Производство безалкогольных напитков; производство упакованных питьевых вод, включая минеральные воды.",11.07,2024,
"Производство упакованных питьевых вод, включая минеральные воды",11.07.1,2024,
Производство упакованных природных минеральных вод,11.07.11,2024,
Производство упакованных природных питьевых вод,11.07.12,2024,
Производство упакованных обработанных питьевых вод,11.07.13,2024,
"Производство безалкогольных напитков ароматизированных и/или с добавлением сахара, кроме минеральных вод",11.07.2,2024,
Производство табачных изделий,12.00,2024,
"Производство изделий из табака и махорки: сигарет, папирос, сигар, сигарилл, курительного тонкорезаного табака, трубочного табака, жевательного табака, сосательного табака, нюхательного табака, табака для кальяна, курительной и нюхательной махорки",12.00.1,2024,
Производство гомогенизированного или восстановленного табака,12.00.2,2024,
Производство текстильных изделий,13,2024,8.1693
Подготовка и прядение текстильных волокон,13.10,2024,
Прядение гребенное шерстяных волокон,13.10.3,2024,
"Изготовление натуральных шелковых, искусственных и синтетических волокон",13.10.5,2024,
Производство швейных ниток,13.10.6,2024,
Подготовка и прядение прочих текстильных волокон,13.10.9,2024,
Производство текстильных тканей,13.20,2024,
"Производство тканей (без специальных тканей) из натуральных волокон, кроме хлопка",13.20.1,2024,
Производство шелковых тканей,13.20.11,2024,
Производство шерстяных тканей,13.20.12,2024,
Производство льняных тканей,13.20.13,2024,
Производство хлопчатобумажных тканей,13.20.2,2024,
"Производство тканей, за исключением специальных тканей, из химических комплексных нитей и штапельных волокон",13.20.3,2024,
"Производство ворсовых, махровых полотенечных тканей и прочих специальных тканей",13.20.4,2024,
Производство хлопчатобумажных махровых полотенечных тканей,13.20.42,2024,
Производство марли,13.20.44,2024,
Производство тканей из стекловолокна,13.20.46,2024,
Отделка тканей и текстильных изделий,13.30,2024,
"Отбеливание и окрашивание текстиля, волокон, тканей и текстильных изделий, включая готовую одежду",13.30.1,2024,
Производство прочих текстильных изделий,13.9,2024,7.892
Производство трикотажного и вязаного полотна,13.91,2024,
Производство и обработка трикотажного или вязаного полотна,13.91.1,2024,
Производство искусственного меха методом вязания,13.91.2,2024,
"Производство готовых текстильных изделий, кроме одежды",13.92.1,2024,
Производство ковров и ковровых изделий,13.93,2024,
"Производство канатов, веревок, шпагата и сетей",13.94,2024,
"Производство шпагата, канатов, веревок и тросов из текстильных волокон и лент, с пропиткой и без пропитки, с покрытием, защищенных или не защищенных оболочкой из резины или пластмассы",13.94.1,2024,
"Производство изделий из веревки и сетного полотна: рыболовных сетей, предохранительных сеток на судах, защитных средств, используемых при погрузочно-разгрузочных работах, стропов, веревок или тросов с металлическими кольцами",13.94.2,2024,
"Производство нетканых текстильных материалов и изделий из них, кроме одежды",13.95,2024,
Производство прочих технических и промышленных текстильных изделий,13.96,2024,
"Производство текстильных материалов, пропитанных или с покрытием",13.96.4,2024,
Производство кордных тканей,13.96.5,2024,
"Производство текстильных материалов и изделий технического назначения (включая фитили, калильные сетки газовых фонарей, текстильные шланги, конвейерные ленты и приводные ремни, ситовые ткани и фильтровальные ткани)",13.96.6,2024,
"Производство узких текстильных тканей, в том числе состоящих из основы безуточного переплетения и соединяемых клеящим веществом",13.96.7,2024,
"Производство прочих текстильных изделий, не включенных в другие группировки",13.99,2024,
"Производство текстильных изделий различного назначения, не включенных в другие группировки",13.99.9,2024,
Производство одежды,14,2024,1.4697
"Производство одежды, кроме одежды из меха",14.1,2024,
Производство одежды из кожи,14.11,2024,
Производство спецодежды,14.12,2024,
Производство прочей верхней одежды,14.13,2024,
"Производство верхней одежды из текстильных материалов, кроме трикотажных или вязаных",14.13.2,2024,
"Производство верхней одежды из текстильных материалов, кроме трикотажных или вязаных, для мужчин или мальчиков",14.13.21,2024,
"Производство верхней одежды из текстильных материалов, кроме трикотажных или вязаных, для женщин или девочек",14.13.22,2024,
Производство нательного белья,14.14,2024,
Производство прочей одежды и аксессуаров одежды,14.19,2024,
Производство вязаных и трикотажных изделий одежды,14.3,2024,
Производство вязаных и трикотажных чулочно-носочных изделий,14.31,2024,
Производство кожи и изделий из кожи,15,2024,
"Дубление и отделка кожи, производство чемоданов, сумок, шорно-седельных изделий из кожи; выделка и крашение меха",15.1,2024,
"Дубление и выделка кожи, выделка и крашение меха",15.11,2024,
Выделка и крашение меха,15.11.1,2024,
"Дубление, выделка и крашение кожи из шкур крупного рогатого скота или животных семейства лошадиных",15.11.3,2024,
"Производство чемоданов, дамских сумок и аналогичных изделий из кожи и других материалов; производство шорно-седельных и других изделий из кожи",15.12,2024,
Производство обуви,15.20,2024,
"Производство обуви, кроме спортивной, защитной и ортопедической",15.20.1,2024,
"Производство обуви с верхом из кожи, кроме спортивной обуви, обуви с защитным металлическим подноском и различной специальной обуви",15.20.13,2024,
Производство защитной обуви,15.20.3,2024,
"Обработка древесины и производство изделий из дерева и пробки, кроме мебели, производство изделий из соломки и материалов для плетения",16,2024,7.5845
Распиловка и строгание древесины,16.10,2024,2.899
"Производство пиломатериалов, кроме профилированных, толщиной более 6 мм; производство непропитанных железнодорожных и трамвайных шпал из древесины",16.10.1,2024,
"Производство пиломатериалов, профилированных по кромке; производство древесного полотна, древесной муки; производство технологической щепы или стружки",16.10.2,2024,
"Производство древесины, пропитанной или обработанной защитными или другими веществами",16.10.3,2024,
Предоставление услуг по пропитке древесины,16.10.9,2024,
"Производство изделий из дерева, пробки, соломки и материалов для плетения",16.2,2024,
"Производство шпона, фанеры, деревянных плит и панелей",16.21,2024,
"Производство фанеры, деревянных фанерованных панелей и аналогичных слоистых материалов, древесных плит из древесины и других одревесневших материалов",16.21.1,2024,
"Производство фанеры, деревянных фанерованных панелей и аналогичных слоистых материалов",16.21.11,2024,
Производство древесно-стружечных плит из древесины или других одревесневших материалов,16.21.12,2024,
Производство древесно-волокнистых плит из древесины или других одревесневших материалов,16.21.13,2024,
"Производство листов для облицовки, шпона для фанеры, производство прессованной древесины",16.21.2,2024,
"Производство листов для облицовки, шпона для фанеры",16.21.21,2024,
Производство сборных паркетных покрытий,16.22,2024,
Производство прочих деревянных строительных конструкций и столярных изделий,16.23,2024,
Производство деревянных строительных конструкций и столярных изделий,16.23.1,2024,
Производство сборных деревянных строений,16.23.2,2024,
Производство деревянной тары,16.24,2024,
"Производство прочих деревянных изделий; производство изделий из пробки, соломки и материалов для плетения",16.29,2024,
Производство прочих деревянных изделий,16.29.1,2024,
Производство деревянных столовых и кухонных принадлежностей,16.29.12,2024,
Производство топливных гранул и брикетов из отходов деревопереработки,16.29.15,2024,
Производство бумаги и бумажных изделий,17,2024,4.024
"Производство целлюлозы, древесной массы, бумаги и картона",17.1,2024,
Производство целлюлозы и древесной массы,17.11,2024,
Производство целлюлозы,17.11.1,2024,
Производство бумаги и картона,17.12,2024,
Производство бумаги,17.12.1,2024,
Производство картона,17.12.2,2024,
Производство изделий из бумаги и картона,17.2,2024,4.024
"Производство гофрированной бумаги и картона, бумажной и картонной тары",17.21,2024,
Производство бумажных изделий хозяйственно-бытового и санитарно-гигиенического назначения,17.22,2024,
Производство бумажных канцелярских принадлежностей,17.23,2024,
Производство обоев,17.24,2024,
Производство прочих изделий из бумаги и картона,17.29,2024,
Деятельность полиграфическая и копирование носителей информации,18,2024,1.319
Деятельность полиграфическая и предоставление услуг в этой области,18.1,2024,1.319
Печатание газет,18.11,2024,
Прочие виды полиграфической деятельности,18.12,2024,1.236
Изготовление печатных форм и подготовительная деятельность,18.13,2024,
Копирование записанных носителей информации,18.20,2024,
Производство кокса и нефтепродуктов,19,2024,2063.9383000000003
Производство кокса,19.10,2024,
Производство нефтепродуктов,19.20,2024,2055.0537
Производство жидкого топлива,19.20.1,2024,
Разделение и извлечение фракций из нефтяного (попутного) газа,19.20.2,2024,
Производство прочих нефтепродуктов,19.20.9,2024,
"Агломерация угля, антрацита и бурого угля (лигнита) и производство термоуглей",19.3,2024,
Агломерация антрацита,19.31,2024,
Производство химических веществ и химических продуктов,20,2024,462.4929
"Производство химических продуктов, не включенных в другие группировки",20.05.АГ,2024,
"Производство основных химических веществ, удобрений и азотных соединений, пластмасс и синтетического каучука в первичных формах",20.1,2024,249.9424
Производство промышленных газов,20.11,2024,
Производство красителей и пигментов,20.12,2024,
Производство прочих основных неорганических химических веществ,20.13,2024,
Производство прочих основных органических химических веществ,20.14,2024,
Производство углеводородов и их производных,20.14.1,2024,
"Производство спиртов, фенолов, фенолоспиртов и их галогенированных, сульфированных, нитрованных или нитрозированных производных; производство жирных промышленных спиртов",20.14.2,2024,
"Производство промышленных монокарбоновых жирных кислот, карбоновых кислот и их производных",20.14.3,2024,
Производство органических соединений с азотсодержащими функциональными группами,20.14.4,2024,
Производство сераорганических соединений и прочих элементоорганических соединений,20.14.5,2024,
"Производство простых эфиров, органических пероксидов, эпоксидов, ацеталей и полуацеталей, прочих органических соединений",20.14.6,2024,
Производство прочих химических органических основных веществ,20.14.7,2024,
Производство удобрений и азотных соединений,20.15,2024,223.6371
"Производство азотных кислот, сульфоазотных кислот, аммиака",20.15.1,2024,
Производство азотных минеральных или химических удобрений,20.15.3,2024,38.8761
Производство фосфорных минеральных или химических удобрений,20.15.4,2024,
Производство калийных минеральных или химических удобрений,20.15.5,2024,
"Производство удобрений, не включенных в другие группировки",20.15.7,2024,
Производство пластмасс и синтетических смол в первичных формах,20.16,2024,
Производство синтетического каучука в первичных формах,20.17,2024,
Производство пестицидов и прочих агрохимических продуктов,20.20,2024,
"Производство красок, лаков и аналогичных материалов для нанесения покрытий, полиграфических красок и мастик",20.30,2024,
Производство красок и лаков на основе полимеров,20.30.1,2024,
"Производство прочих красок, лаков, эмалей и аналогичных материалов для нанесения покрытий, художественных и полиграфических красок",20.30.2,2024,
"Производство мыла и моющих, чистящих и полирующих средств; парфюмерных и косметических средств",20.4,2024,14.261
"Производство мыла и моющих, чистящих и полирующих средств",20.41,2024,0.911
"Производство органических поверхностно-активных веществ, кроме мыла",20.41.2,2024,
"Производство мыла и моющих средств, чистящих и полирующих средств",20.41.3,2024,0.812
Производство средств для ароматизации и дезодорирования воздуха и восков,20.41.4,2024,
Производство парфюмерных и косметических средств,20.42,2024,
Производство прочих химических продуктов,20.5,2024,
Производство клеев,20.52,2024,
Производство химических волокон,20.60,2024,
Производство синтетических волокон,20.60.1,2024,
Производство искусственных волокон,20.60.2,2024,
"Производство лекарственных средств и материалов, применяемых в медицинских целях и ветеринарии",21,2024,15.839
Производство фармацевтических субстанций,21.10,2024,
"Производство лекарственных препаратов и материалов, применяемых в медицинских целях и ветеринарии",21.20,2024,15.839
Производство лекарственных препаратов для медицинского применения,21.20.1,2024,4.911
"Производство материалов, применяемых в медицинских целях",21.20.2,2024,
Производство резиновых и пластмассовых изделий,22,2024,20.2086
Производство резиновых изделий,22.1,2024,
"Производство резиновых шин, покрышек и камер; восстановление резиновых шин и покрышек",22.11,2024,
Производство прочих резиновых изделий,22.19,2024,
"Производство регенерированной резины в первичной форме или в виде пластин, листов или полос (лент)",22.19.1,2024,
"Производство резиновых смесей и изделий из них; производство вулканизированной резины в виде нити, корда, пластин, листов, полос, прутков и профилей",22.19.2,2024,
"Производство труб, трубок, рукавов и шлангов из вулканизированной резины",22.19.3,2024,
"Производство конвейерных лент и приводных ремней, бельтинга из вулканизированной резины",22.19.4,2024,
"Производство изделий из вулканизированной резины, не включенных в другие группировки",22.19.7,2024,
Производство изделий из пластмасс,22.2,2024,11.5686
"Производство пластмассовых плит, полос, труб и профилей",22.21,2024,10.21
Производство пластмассовых изделий для упаковывания товаров,22.22,2024,
"Производство пластмассовых изделий, используемых в строительстве",22.23,2024,
Производство прочих пластмассовых изделий,22.29,2024,
"Производство прочих изделий из пластмасс, не включенных в другие группировки, кроме устройств пломбировочных из пластика",22.29.2,2024,
Предоставление услуг в области производства прочих пластмассовых изделий,22.29.9,2024,
Производство прочей неметаллической минеральной продукции,23,2024,35.7692
Производство стекла и изделий из стекла,23.1,2024,
Производство листового стекла,23.11,2024,
Производство листового тянутого стекла,23.11.1,2024,
"Производство листового узорчатого, прокатного (но не обработанного другим способом): армированного стекла",23.11.3,2024,
"Производство бесцветного листового стекла, изготовленного методом флоат",23.11.4,2024,
"Производство листового стекла, прочего",23.11.9,2024,
Формирование и обработка листового стекла,23.12,2024,
Производство упрочненного (в том числе термически упрочненного и закаленного) стекла,23.12.1,2024,
Производство многослойного стекла для строительства,23.12.3,2024,
Производство стеклопакетов,23.12.5,2024,
Производство полых стеклянных изделий,23.13,2024,
Производство бутылок и прочих емкостей из стекла или хрусталя,23.13.1,2024,
Производство стаканов и прочих сосудов для питья из стекла или хрусталя,23.13.2,2024,
Производство столовой и кухонной посуды из стекла или хрусталя,23.13.3,2024,
Производство стекловолокна,23.14,2024,
"Производство и обработка прочих стеклянных изделий, включая технические изделия из стекла",23.19,2024,
"Производство необработанного стекла в блоках, в виде шаров, прутков, труб или трубок",23.19.1,2024,
"Производство посуды для лабораторных, фармацевтических и гигиенических целей из стекла; производство ампул и прочих изделий из медицинского стекла",23.19.5,2024,
"Производство стеклянных деталей электрических ламп и осветительной арматуры, световых указателей, световых табло и аналогичных изделий",23.19.6,2024,
Производство электрических изоляторов из стекла,23.19.7,2024,
"Производство прочих изделий из стекла, не включенных в другие группировки",23.19.9,2024,
Производство огнеупорных изделий,23.20,2024,
"Производство огнеупорных кирпичей, блоков, плиток",23.20.1,2024,
"Производство огнеупорных цементов, растворов, бетонов и аналогичных составов",23.20.2,2024,
Производство безобжиговых огнеупорных изделий,23.20.3,2024,
Производство прочих огнеупорных керамических изделий,23.20.9,2024,
Производство строительных керамических материалов,23.3,2024,
Производство керамических плит и плиток,23.31,2024,
"Производство кирпича, черепицы и прочих строительных изделий из обожженной глины",23.32,2024,
Производство прочих фарфоровых и керамических изделий,23.4,2024,
Производство хозяйственных и декоративных керамических изделий,23.41,2024,
Производство столовой и кухонной керамической посуды,23.41.1,2024,
Производство керамических санитарно-технических изделий,23.42,2024,
Производство керамических изоляторов и изолирующей арматуры,23.43,2024,
Производство прочих технических керамических изделий,23.44,2024,
"Производство керамических изделий лабораторного, химического и промышленного назначения",23.44.1,2024,
Производство прочих керамических изделий,23.49,2024,
"Производство керамических изделий, не включенных в другие группировки",23.49.9,2024,
"Производство цемента, извести и гипса",23.5,2024,
Производство цемента,23.51,2024,
Производство извести и гипса,23.52,2024,
"Производство негашеной, гашеной и гидравлической извести",23.52.1,2024,
Производство гипса,23.52.2,2024,
"Производство изделий из бетона, цемента и гипса",23.6,2024,8.464
Производство изделий из бетона для использования в строительстве,23.61,2024,
"Производство готовых строительных изделий из бетона, цемента и искусственного камня",23.61.1,2024,
"Производство сборных строительных конструкций из бетона, цемента и искусственного камня",23.61.2,2024,
Производство гипсовых изделий для использования в строительстве,23.62,2024,
Производство товарного бетона,23.63,2024,
Производство сухих бетонных смесей,23.64,2024,
Производство изделий из хризотилцемента и волокнистого цемента,23.65,2024,
"Производство строительных материалов из растительного сырья, смешанного с цементом, гипсом или прочими минеральными связующими веществами",23.65.1,2024,
Производство изделий из хризотилцемента и волокнистого цемента с волокнами целлюлозы или аналогичных материалов,23.65.2,2024,
"Производство прочих изделий из гипса, бетона или цемента",23.69,2024,
"Резка, обработка и отделка камня",23.70,2024,
"Резка, обработка и отделка камня для использования в строительстве в качестве дорожного покрытия",23.70.1,2024,
"Резка, обработка и отделка камня для памятников",23.70.2,2024,
Производство гранул и порошков из природного камня,23.70.3,2024,
"Производство абразивных и неметаллических минеральных изделий, не включенных в другие группировки",23.9,2024,6.969399999999999
Производство абразивных изделий,23.91,2024,
"Производство прочей неметаллической минеральной продукции, не включенной в другие группировки",23.99,2024,1.432
"Производство обработанных хризотиловых волокон, смесей на основе хризотила и изделий из них",23.99.1,2024,
Производство изделий из асфальта или аналогичных материалов,23.99.2,2024,
"Производство битуминозных смесей на основе природного асфальта или битума, нефтяного битума, минеральных смол или их пеков",23.99.3,2024,
"Производство искусственного графита, коллоидного или полуколлоидного графита, продуктов на основе графита или прочих форм углерода в виде полуфабрикатов",23.99.4,2024,
Производство минеральных тепло- и звукоизоляционных материалов и изделий,23.99.6,2024,
Производство минеральных теплоизоляционных материалов и изделий,23.99.61,2024,
Производство металлургическое,24,2024,390.79
Производство прочих цветных металлов; производство ядерного топлива,24.04.АГ,2024,
"Литье легких и прочих цветных металлов, не включенных в другие группировки",24.05.АГ,2024,
"Производство чугуна, стали и ферросплавов",24.10,2024,132.1652
Производство основных продуктов из железа и стали,24.10.1,2024,
Производство чугуна,24.10.11,2024,
Производство ферросплавов,24.10.12,2024,
Производство продуктов прямого восстановления железной руды и губчатого железа,24.10.13,2024,
Производство гранул и порошков из чугуна или стали,24.10.14,2024,
Производство стали в слитках,24.10.2,2024,
Производство листового горячекатаного стального проката,24.10.3,2024,
Производство листового холоднокатаного стального проката,24.10.4,2024,
"Производство листового холоднокатаного стального проката, плакированного, с гальваническим или иным покрытием",24.10.5,2024,
Производство сортового горячекатаного проката и катанки,24.10.6,2024,
"Производство незамкнутых стальных профилей горячей обработки, листового проката в пакетах и стального рельсового профиля для железных дорог и трамвайных путей",24.10.7,2024,
"Производство прочего проката из черных металлов, не включенного в другие группировки",24.10.9,2024,
"Производство стальных труб, полых профилей и фитингов",24.20,2024,
Производство бесшовных труб и пустотелых профилей,24.20.1,2024,
Производство сварных труб,24.20.2,2024,
"Производство стальных фитингов для труб, кроме литых",24.20.3,2024,
Производство прочих стальных изделий первичной обработкой,24.3,2024,4.9653
Производство холоднотянутого штрипса,24.32,2024,
Производство профилей с помощью холодной штамповки или гибки,24.33,2024,
Производство проволоки методом холодного волочения,24.34,2024,
"Производство основных драгоценных металлов и прочих цветных металлов, производство ядерного топлива",24.4,2024,128.3545
Производство драгоценных металлов,24.41,2024,
Производство алюминия,24.42,2024,67.1325
"Производство свинца, цинка и олова",24.43,2024,
Производство свинца,24.43.1,2024,
Производство цинка,24.43.2,2024,
Производство олова,24.43.3,2024,
Производство меди,24.44,2024,
Литье металлов,24.5,2024,
Литье чугуна,24.51,2024,
Литье стали,24.52,2024,
"Производство готовых металлических изделий, кроме машин и оборудования",25,2024,508.6475
"Производство готовых металлических изделий, не включенных в другие группировки",25.04.АГ,2024,470.6101
Производство строительных металлических конструкций и изделий,25.1,2024,32.3928
"Производство строительных металлических конструкций, изделий и их частей",25.11,2024,32.3928
Производство металлических дверей и окон,25.12,2024,
"Производство металлических цистерн, резервуаров и прочих емкостей",25.2,2024,
Производство радиаторов и котлов центрального отопления,25.21,2024,
Производство радиаторов,25.21.1,2024,
Производство котлов центрального отопления,25.21.2,2024,
"Производство прочих металлических цистерн, резервуаров и емкостей",25.29,2024,
"Производство паровых котлов, кроме котлов центрального отопления",25.30,2024,
Производство паровых котлов и их частей,25.30.1,2024,
"Производство ядерных установок и их составных частей, в том числе для транспортных средств",25.30.2,2024,
"Производство ядерных установок, кроме устройств для разделения изотопов",25.30.21,2024,
"Производство частей ядерных установок, кроме устройств для разделения изотопов",25.30.22,2024,
"Ковка, прессование, штамповка и профилирование; изготовление изделий методом порошковой металлургии",25.5,2024,
"Ковка, прессование, штамповка и профилирование, изготовление изделий методом порошковой металлургии",25.50,2024,
"Предоставление услуг по ковке, прессованию, объемной и листовой штамповке и профилированию листового металла",25.50.1,2024,
Предоставление услуг по производству изделий методом порошковой металлургии,25.50.2,2024,
Обработка металлов и нанесение покрытий на металлы; механическая обработка металлов,25.6,2024,5.086600000000001
Обработка металлов и нанесение покрытий на металлы,25.61,2024,
Обработка металлических изделий механическая,25.62,2024,4.9251000000000005
"Производство ножевых изделий и столовых приборов, инструментов и универсальных скобяных изделий",25.7,2024,
Производство ножевых изделий и столовых приборов,25.71,2024,
"Производство замков, петель",25.72,2024,
Производство инструмента,25.73,2024,
"Производство компьютеров, электронных и оптических изделий",26,2024,91.409
Производство элементов электронной аппаратуры и печатных схем (плат),26.1,2024,
Производство элементов электронной аппаратуры,26.11,2024,
Производство электронных вакуумных ламп и трубок и прочих электронных вакуумных приборов,26.11.1,2024,
"Производство диодов, транзисторов и прочих полупроводниковых приборов, включая светоизлучающие диоды, пьезоэлектрические приборы и их части",26.11.2,2024,
Производство интегральных электронных схем,26.11.3,2024,
"Производство частей электронных ламп, трубок и прочих электронных компонентов, не включенных в другие группировки",26.11.9,2024,
Производство электронных печатных плат,26.12,2024,
Производство компьютеров и периферийного оборудования,26.20,2024,
"Производство устройств автоматической обработки данных, информационных и телекоммуникационных систем",26.20.04.АГ,2024,
Производство компьютеров,26.20.1,2024,
Производство периферийного оборудования,26.20.2,2024,
Производство запоминающих устройств и прочих устройств хранения данных,26.20.3,2024,
Производство коммуникационного оборудования,26.30,2024,18.281
"Производство прочего коммуникационного оборудования, не включенного в другие группировки",26.30.01.АГ,2024,
"Производство коммуникационной аппаратуры, радио- и телевизионной передающей аппаратуры, телевизионных камер",26.30.1,2024,18.281
"Производство средств связи, выполняющих функцию систем коммутации",26.30.11,2024,
"Производство оборудования средств связи, в том числе программное обеспечение, обеспечивающее выполнение установленных действий при проведении оперативно-розыскных мероприятий",26.30.16,2024,
Производство радио- и телевизионной передающей аппаратуры,26.30.17,2024,
Производство телевизионных камер,26.30.18,2024,
Производство прочего коммуникационного оборудования,26.30.19,2024,
"Производство оконечного (пользовательского) оборудования телефонной или телеграфной связи, аппаратуры видеосвязи",26.30.2,2024,
"Производство прочих телефонных аппаратов, устройств и аппаратуры для передачи и приема речи, изображений или других данных, включая оборудование коммуникационное для работы в проводных или беспроводных сетях связи (например, локальных и глобальных сетях)",26.30.29,2024,
Производство запасных частей и комплектующих коммуникационного оборудования,26.30.3,2024,
"Производство антенн, антенных отражателей всех видов и их деталей",26.30.4,2024,
Производство охранно-пожарной сигнализации и аналогичных приборов,26.30.6,2024,
Производство бытовой электроники,26.40,2024,
"Производство телевизионных приемников, включая видеомониторы и видеопроекторы",26.40.2,2024,
Производство телевизоров жидкокристаллических и плазменных,26.40.22,2024,
Производство видеомониторов и видеопроекторов,26.40.23,2024,
Производство аппаратуры для записи и воспроизведения звука и изображения,26.40.3,2024,
Производство электроакустической аппаратуры,26.40.4,2024,
Производство частей звукозаписывающей и звуковоспроизводящей аппаратуры и видеоаппаратуры,26.40.5,2024,
Производство контрольно-измерительных и навигационных приборов и аппаратов; производство часов,26.5,2024,40.606
"Производство инструментов и приборов для измерения, тестирования и навигации",26.51,2024,40.606
"Производство прочих инструментов и приборов для измерения, тестирования и навигации",26.51.02.АГ,2024,4.6555
"Производство навигационных, метеорологических, геодезических, геофизических и аналогичного типа приборов, аппаратуры и инструментов",26.51.1,2024,
"Производство точных весов; производство ручных инструментов для черчения, разметки и математических расчетов; производство ручных инструментов для измерения линейных размеров, не включенных в другие группировки",26.51.3,2024,
Производство приборов и аппаратуры для измерения электрических величин или ионизирующих излучений,26.51.4,2024,
Производство приборов для контроля прочих физических величин,26.51.5,2024,
"Производство прочих приборов, датчиков, аппаратуры и инструментов для измерения, контроля и испытаний",26.51.6,2024,26.9887
Производство часов,26.52,2024,
Производство часов всех видов и прочих приборов времени,26.52.1,2024,
"Производство облучающего и электротерапевтического оборудования, применяемого в медицинских целях",26.60,2024,
"Производство аппаратов, применяемых в медицинских целях, основанных на использовании рентгеновского, альфа-, бета- и гамма-излучений",26.60.1,2024,
"Производство инструмента, оборудования и приспособлений, применяемых в медицинских целях",26.60.4,2024,
"Производство диагностического и терапевтического оборудования, применяемого в медицинских целях",26.60.5,2024,
"Производство оптических приборов, фото- и кинооборудования",26.70,2024,
Производство фото- и кинооборудования,26.70.1,2024,
Производство оптических систем обнаружения оружия,26.70.3,2024,
Производство оптических прицелов и приборов определения координат целей,26.70.6,2024,
Производство незаписанных магнитных и оптических технических носителей информации,26.80,2024,
Производство электрического оборудования,27,2024,9.164
"Производство электродвигателей, генераторов, трансформаторов и распределительных устройств, а также контрольно-измерительной аппаратуры",27.1,2024,
"Производство электродвигателей, электрогенераторов и трансформаторов",27.11,2024,
"Производство электродвигателей, генераторов и трансформаторов, кроме ремонта",27.11.1,2024,
Производство электродвигателей,27.11.11,2024,
Производство генераторов,27.11.12,2024,
Производство трансформаторов,27.11.13,2024,
Производство электрической распределительной и регулирующей аппаратуры,27.12,2024,
Производство электрических аккумуляторов и аккумуляторных батарей,27.20,2024,
"Производство первичных элементов, батарей первичных элементов и их частей",27.20.1,2024,
"Производство аккумуляторов, в том числе для автомобилей, аккумуляторных батарей и их составных частей",27.20.2,2024,
Производство аккумуляторов для автомобилей,27.20.21,2024,
Производство аккумуляторных батарей и их частей,27.20.22,2024,
Производство прочих аккумуляторов,27.20.23,2024,
Производство солнечных батарей для наземного энергообеспечения и их составных частей,27.20.3,2024,
Производство кабелей и кабельной арматуры,27.3,2024,
Производство волоконно-оптических кабелей,27.31,2024,
Производство прочих проводов и кабелей для электронного и электрического оборудования,27.32,2024,
Производство кабелей для телефонной связи,27.32.1,2024,
Производство силовых кабелей,27.32.2,2024,
Производство обмоточных эмалированных кабелей,27.32.3,2024,
Производство электроустановочных изделий,27.33,2024,
Производство электрических ламп и осветительного оборудования,27.40,2024,
Производство бытовых приборов,27.5,2024,
Производство бытовых электрических приборов,27.51,2024,
Производство бытовых неэлектрических приборов,27.52,2024,
Производство прочего электрического оборудования,27.90,2024,
"Производство электрического оборудования прочего, не включенного в другие группировки",27.90.9,2024,
"Производство машин и оборудования, не включенных в другие группировки",28,2024,154.5616
Производство машин и оборудования общего назначения,28.1,2024,7.074
"Производство двигателей и турбин, кроме авиационных, автомобильных и мотоциклетных двигателей",28.11,2024,
"Производство двигателей, кроме авиационных, автомобильных и мотоциклетных",28.11.1,2024,
Производство турбин,28.11.2,2024,
Производство паровых турбин,28.11.21,2024,
Производство гидравлического и пневматического силового оборудования,28.12,2024,
Производство гидравлических и пневматических силовых установок и двигателей,28.12.1,2024,
Производство гидравлических насосов,28.12.2,2024,
Производство прочих насосов и компрессоров,28.13,2024,
Производство арматуры трубопроводной (арматуры),28.14,2024,
"Производство подшипников, зубчатых передач, элементов механических передач и приводов",28.15,2024,
Производство шариковых и роликовых подшипников,28.15.1,2024,
"Производство корпусов подшипников и подшипников скольжения, зубчатых колес, зубчатых передач и элементов приводов",28.15.2,2024,
Производство прочих машин и оборудования общего назначения,28.2,2024,83.234
"Производство печей, термокамер и печных горелок",28.21,2024,
"Производство неэлектрических печей, горелок и устройств для них",28.21.1,2024,
Производство электрических печей,28.21.2,2024,
Производство подъемно-транспортного оборудования,28.22,2024,
Производство талей и подъемников,28.22.1,2024,
Производство домкратов и подъемных механизмов для транспортных средств,28.22.3,2024,
Производство подъемных кранов,28.22.4,2024,
Производство прочих подъемных кранов,28.22.42,2024,
"Производство автопогрузчиков и тягачей, используемых на железнодорожных платформах",28.22.5,2024,
"Производство лифтов, скриповых подъемников, эскалаторов и движущихся пешеходных дорожек",28.22.6,2024,
Производство пневматических подъемников и конвейеров и прочего оборудования непрерывного действия для товаров или материалов,28.22.7,2024,
"Производство прочего грузоподъемного, транспортирующего и погрузочно-разгрузочного оборудования",28.22.9,2024,
Производство офисной техники и оборудования (кроме компьютеров и периферийного оборудования),28.23,2024,
"Производство фотокопировальных машин, офисных машин для офсетной печати и прочих офисных машин и оборудования и их составных частей",28.23.2,2024,
Производство ручных инструментов с механизированным приводом,28.24,2024,
Производство промышленного холодильного и вентиляционного оборудования,28.25,2024,81.537
"Производство теплообменных устройств, оборудования для кондиционирования воздуха промышленного холодильного и морозильного оборудования, производство оборудования для фильтрования и очистки газов",28.25.1,2024,81.537
Производство теплообменных устройств и машин для сжижения воздуха или прочих газов,28.25.11,2024,
Производство оборудования для кондиционирования воздуха,28.25.12,2024,
Производство промышленного холодильного и морозильного оборудования,28.25.13,2024,
Производство оборудования для фильтрования и очистки газов,28.25.14,2024,
Производство вентиляторов,28.25.2,2024,
"Производство прочих машин и оборудования общего назначения, не включенного в другие группировки",28.29,2024,
"Производство газогенераторов, аппаратов для дистилляции и фильтрования",28.29.1,2024,
"Производство генераторов для получения генераторного или водяного газа, ацетиленовых и аналогичных газогенераторов, установок для дистилляции или очистки",28.29.11,2024,
Производство оборудования и установок для фильтрования или очистки жидкостей,28.29.12,2024,
"Производство масляных, бензиновых и всасывающих воздушных фильтров для двигателей внутреннего сгорания",28.29.13,2024,
"Производство оборудования для мойки, заполнения, закупоривания или упаковывания бутылок или прочих емкостей, огнетушителей, распылителей, пароструйных или пескоструйных машин, прокладок",28.29.2,2024,
"Производство оборудования для мойки, заполнения, закупоривания или упаковывания бутылок или прочих емкостей",28.29.21,2024,
"Производство огнетушителей, распылителей, пароструйных или пескоструйных машин",28.29.22,2024,
"Производство промышленного, бытового и прочего оборудования для взвешивания и дозировки",28.29.3,2024,
Производство промышленного оборудования для взвешивания и дозировки,28.29.31,2024,
"Производство центрифуг, каландров и торговых автоматов",28.29.4,2024,
Производство центрифуг,28.29.41,2024,
"Производство оборудования для обработки материалов с использованием процессов, включающих изменение температуры, не включенного в другие группировки",28.29.6,2024,
"Производство неэлектрического оборудования и инструментов для пайки мягким и твердым припоем или сварки, машин и аппаратов для газотермического напыления",28.29.7,2024,
Производство машин и оборудования для сельского и лесного хозяйства,28.30,2024,30.0864
"Производство тракторов, управляемых рядом идущим водителем",28.30.1,2024,
Производство тракторов для сельского хозяйства,28.30.2,2024,
Производство колесных тракторов для сельского хозяйства,28.30.21,2024,
Производство машин и сельскохозяйственного оборудования для обработки почвы,28.30.3,2024,
Производство машин для уборки урожая,28.30.5,2024,
Производство зерноуборочных комбайнов,28.30.51,2024,
Производство прочих машин для уборки урожая,28.30.59,2024,
"Производство механических устройств для разбрасывания или распыления жидкостей или порошков, используемых в сельском хозяйстве или садоводстве",28.30.6,2024,
Производство самозагружающихся или саморазгружающихся прицепов и полуприцепов для сельского хозяйства,28.30.7,2024,
Производство прочих машин и оборудования для сельского и лесного хозяйства,28.30.8,2024,
Производство доильных аппаратов,28.30.82,2024,
Производство оборудования для приготовления кормов для животных,28.30.83,2024,
Производство машин и оборудования для содержания птицы,28.30.85,2024,
"Производство прочих машин и оборудования для сельского хозяйства, садоводства, птицеводства или пчеловодства, не включенных в другие группировки",28.30.89,2024,
"Производство станков, машин и оборудования для обработки металлов и прочих твердых материалов",28.4,2024,
Производство металлообрабатывающего оборудования,28.41,2024,
Производство металлообрабатывающих станков,28.41.1,2024,
Производство кузнечно-прессового оборудования,28.41.2,2024,
"Производство аддитивных установок, использующих в качестве сырья металл, керамику и композиты",28.41.3,2024,
Производство прочих станков,28.49,2024,
"Производство станков для обработки камня, дерева и аналогичных твердых материалов",28.49.1,2024,
"Производство станков для обработки камня, керамики, бетона или аналогичных минеральных материалов или для холодной обработки стекла",28.49.11,2024,
Производство деревообрабатывающих станков,28.49.12,2024,
Производство делительных головок и прочих специальных приспособлений для станков,28.49.4,2024,
Производство прочих машин специального назначения,28.9,2024,32.810199999999995
Производство машин и оборудования для металлургии,28.91,2024,
"Производство конвертеров, ковшей, изложниц и литейных машин",28.91.1,2024,
Производство прокатных станов,28.91.2,2024,
Производство валков для прокатных станов,28.91.3,2024,
Производство машин и оборудования для добычи полезных ископаемых и строительства,28.92,2024,
Производство оборудования для добычи полезных ископаемых подземным способом,28.92.1,2024,
Производство подъемников и конвейеров непрерывного действия для подземных работ,28.92.11,2024,
"Производство прочих машин для перемещения, грейдерных работ, планирования, скреперных работ, выемки, трамбовки, уплотнения или добычи, самоходных, для грунта, минералов или руд",28.92.2,2024,
Производство самоходных грейдеров и планировщиков,28.92.22,2024,
Производство самоходных фронтальных одноковшовых погрузчиков,28.92.25,2024,
Производство одноковшовых полноповоротных экскаваторов и погрузчиков,28.92.26,2024,
Производство прочих машин для выемки грунта и строительства,28.92.3,2024,
"Производство машин и оборудования для производства пищевых продуктов, напитков и табачных изделий",28.93,2024,
"Производство машин и оборудования для изготовления текстильных, швейных, меховых и кожаных изделий",28.94,2024,
"Производство прочего оборудования для текстильной и швейной промышленности, в том числе промышленных швейных машин",28.94.2,2024,
Производство машин и оборудования для изготовления бумаги и картона,28.95,2024,
"Производство прочих машин и оборудования специального назначения, не включенных в другие группировки",28.99,2024,28.2902
"Производство прочего оборудования специального назначения, не включенного в другие группировки",28.99.03.АГ,2024,28.2902
"Производство переплетного, наборного, включая фотонаборные машины, печатного оборудования и его составных частей",28.99.1,2024,
Производство промышленных роботов и робототехнических устройств,28.99.5,2024,
"Производство автотранспортных средств, прицепов и полуприцепов",29,2024,76.7702
Производство автотранспортных средств,29.10,2024,70.3462
Производство двигателей внутреннего сгорания автотранспортных средств,29.10.1,2024,
Производство двигателей внутреннего сгорания с рабочим объемом цилиндров более 1000 см3,29.10.12,2024,
Производство двигателей внутреннего сгорания с воспламенением от сжатия,29.10.13,2024,
Производство легковых автомобилей,29.10.2,2024,
Производство автобусов и троллейбусов,29.10.3,2024,
Производство автобусов,29.10.31,2024,
Производство троллейбусов,29.10.32,2024,
Производство грузовых автомобилей,29.10.4,2024,
Производство автомобилей специального назначения,29.10.5,2024,
Производство кузовов для автотранспортных средств; производство прицепов и полуприцепов,29.20,2024,4.852
Производство кузовов для легковых автомобилей,29.20.1,2024,
Производство кузовов для грузовых автомобилей,29.20.2,2024,
Производство кузовов для автобусов,29.20.3,2024,
Производство прицепов и полуприцепов,29.20.4,2024,
Производство грузовых контейнеров,29.20.5,2024,
Производство комплектующих и принадлежностей для автотранспортных средств,29.3,2024,1.572
Производство электрического и электронного оборудования для автотранспортных средств,29.31,2024,
Производство прочих комплектующих и принадлежностей для автотранспортных средств,29.32,2024,1.388
Производство сидений для автотранспортных средств,29.32.1,2024,
"Производство ремней безопасности, подушек безопасности, их частей и принадлежностей кузовов",29.32.2,2024,
"Производство частей и принадлежностей для автотранспортных средств, не включенных в другие группировки",29.32.3,2024,
Производство прочих транспортных средств и оборудования,30,2024,47.938300000000005
"Производство прочих транспортных средств, не включенных в другие группировки",30.01.АГ,2024,
Производство железнодорожных локомотивов и подвижного состава,30.20,2024,1.519
Производство железнодорожных локомотивов,30.20.1,2024,
Производство магистральных электровозов,30.20.11,2024,
Производство магистральных тепловозов,30.20.12,2024,
Производство маневровых тепловозов,30.20.13,2024,
"Производство моторных железнодорожных, трамвайных вагонов и вагонов метро, автодрезин, кроме транспортных средств для ремонта и технического обслуживания железнодорожных и трамвайных путей",30.20.2,2024,
Производство прочего подвижного состава,30.20.3,2024,
"Производство транспортных средств для ремонта и технического обслуживания железнодорожных, трамвайных и прочих путей",30.20.31,2024,
"Производство немоторных пассажирских железнодорожных, трамвайных вагонов и вагонов метро, багажных, почтовых и прочих вагонов специального назначения, кроме вагонов, предназначенных для ремонта и технического обслуживания путей",30.20.32,2024,
"Производство несамоходных железнодорожных, трамвайных и прочих вагонов для перевозки грузов",30.20.33,2024,
"Производство частей железнодорожных локомотивов, трамвайных и прочих моторных вагонов и подвижного состава; производство путевого оборудования и устройств для железнодорожных, трамвайных и прочих путей, механического и электромеханического оборудования для управления движением",30.20.4,2024,
"Предоставление услуг по восстановлению и оснащению (завершению) железнодорожных локомотивов, трамвайных моторных вагонов и прочего подвижного состава",30.20.9,2024,1.519
"Производство летательных аппаратов, включая космические, и соответствующего оборудования",30.30,2024,
"Производство силовых установок и двигателей для летательных аппаратов, включая космические; наземных тренажеров для летного состава; их частей",30.30.1,2024,
Производство двигателей летательных аппаратов с искровым зажиганием и их частей,30.30.11,2024,
Производство турбореактивных и турбовинтовых двигателей и их частей,30.30.12,2024,
Производство реактивных двигателей и их частей,30.30.13,2024,
Производство наземных тренажеров для летного состава и их частей,30.30.14,2024,
"Производство аэростатов, дирижаблей, планеров, дельтапланов и прочих безмоторных летательных аппаратов",30.30.2,2024,
"Производство вертолетов, самолетов и прочих летательных аппаратов",30.30.3,2024,
Производство вертолетов,30.30.31,2024,
Производство самолетов,30.30.32,2024,
Производство прочих летательных аппаратов,30.30.39,2024,
"Производство космических аппаратов (в том числе спутников), ракет-носителей",30.30.4,2024,
Производство частей и принадлежностей летательных и космических аппаратов,30.30.5,2024,
Производство беспилотных авиационных систем,30.30.6,2024,
"Производство транспортных средств и оборудования, не включенных в другие группировки",30.9,2024,
Производство мотоциклов,30.91,2024,
Производство велосипедов и инвалидных колясок,30.92,2024,
Производство велосипедов,30.92.1,2024,
Производство инвалидных колясок,30.92.2,2024,
"Производство прочих транспортных средств и оборудования, не включенных в другие группировки",30.99,2024,
Производство мебели,31.0,2024,14.248
Производство мебели для офисов и предприятий торговли,31.01,2024,
Производство кухонной мебели,31.02,2024,
Производство матрасов,31.03,2024,
Производство прочей мебели,31.09,2024,2.94
Производство прочих готовых изделий,32,2024,
"Производство ювелирных изделий, бижутерии и подобных товаров",32.1,2024,
Чеканка монет,32.11,2024,
Производство ювелирных изделий и аналогичных изделий,32.12,2024,
Обработка алмазов,32.12.3,2024,
"Обработка драгоценных, полудрагоценных, поделочных и синтетических камней, кроме алмазов и янтаря; производство изделий из полудрагоценных, поделочных и синтетических камней, кроме янтаря",32.12.4,2024,
"Производство ювелирных изделий, медалей из драгоценных металлов и драгоценных камней",32.12.5,2024,
Производство спортивных товаров,32.30,2024,
Производство игр и игрушек,32.40,2024,
Производство медицинских инструментов и оборудования,32.50,2024,
"Производство изделий, не включенных в другие группировки",32.9,2024,
Производство метел и щеток,32.91,2024,
"Производство прочих готовых изделий, не включенных в другие группировки",32.99,2024,
Производство головных защитных уборов и прочих средств защиты,32.99.1,2024,
Производство изделий народных художественных промыслов,32.99.8,2024,
"Производство прочих изделий, не включенных в другие группировки",32.99.9,2024,
Ремонт и монтаж машин и оборудования,33,2024,10.0585
"Ремонт и монтаж металлических изделий, машин и оборудования",33.1,2024,10.0435
Ремонт металлоизделий,33.11,2024,
Ремонт машин и оборудования,33.12,2024,2.6443000000000003
Ремонт электронного и оптического оборудования,33.13,2024,
Ремонт электрического оборудования,33.14,2024,
Ремонт и техническое обслуживание судов и лодок,33.15,2024,
"Ремонт и техническое обслуживание летательных аппаратов, включая космические",33.16,2024,
Ремонт и техническое обслуживание прочих транспортных средств и оборудования,33.17,2024,
Ремонт прочего оборудования,33.19,2024,
Монтаж промышленных машин и оборудования,33.20,2024,
"ОБЕСПЕЧЕНИЕ ЭЛЕКТРИЧЕСКОЙ ЭНЕРГИЕЙ, ГАЗОМ И ПАРОМ; КОНДИЦИОНИРОВАНИЕ ВОЗДУХА",D,2024,422.3049
"Обеспечение электрической энергией, газом и паром; кондиционирование воздуха",35,2024,422.3049
"Производство, передача и распределение электроэнергии",35.1,2024,364.8376
Производство электроэнергии,35.11,2024,
"Производство электроэнергии тепловыми электростанциями, в том числе деятельность по обеспечению работоспособности электростанций",35.11.1,2024,
"Производство электроэнергии гидроэлектростанциями, в том числе деятельность по обеспечению работоспособности электростанций",35.11.2,2024,
"Производство электроэнергии атомными электростанциями, в том числе деятельность по обеспечению работоспособности электростанций",35.11.3,2024,
"Производство электроэнергии, получаемой из возобновляемых источников энергии, включая выработанную солнечными, ветровыми, геотермальными электростанциями, в том числе деятельность по обеспечению их работоспособности",35.11.4,2024,
Передача электроэнергии и технологическое присоединение к распределительным электросетям,35.12,2024,73.71289999999999
Передача электроэнергии,35.12.1,2024,42.4319
Технологическое присоединение к распределительным электросетям,35.12.2,2024,
Распределение электроэнергии,35.13,2024,
Торговля электроэнергией,35.14,2024,67.4293
Производство и распределение газообразного топлива,35.2,2024,49.6556
Производство газа,35.21,2024,
Распределение газообразного топлива по газораспределительным сетям,35.22,2024,
"Распределение природного, сухого (отбензиненного) газа по газораспределительным сетям",35.22.1,2024,
"Распределение природного, сухого (отбензиненного) газа по газораспределительным сетям по тарифам, регулируемым государством",35.22.11,2024,
Распределение сжиженных углеводородных газов по газораспределительным сетям,35.22.2,2024,
"Распределение сжиженных углеводородных газов по газораспределительным сетям по тарифам, регулируемым государством",35.22.21,2024,
"Торговля газообразным топливом, подаваемым по распределительным сетям",35.23,2024,47.2556
"Торговля природным, сухим (отбензиненным) газом, подаваемым по распределительным сетям",35.23.1,2024,
"Торговля природным, сухим (отбензиненным) газом, подаваемым по распределительным сетям по регулируемым государством ценам (тарифам)",35.23.11,2024,
"Производство, передача и распределение пара и горячей воды; кондиционирование воздуха",35.30,2024,7.8117
Производство пара и горячей воды (тепловой энергии),35.30.1,2024,6.3647
Производство пара и горячей воды (тепловой энергии) тепловыми электростанциями,35.30.11,2024,
Производство пара и горячей воды (тепловой энергии) прочими электростанциями и промышленными блок-станциями,35.30.13,2024,
Производство пара и горячей воды (тепловой энергии) котельными,35.30.14,2024,6.3647
Передача пара и горячей воды (тепловой энергии),35.30.2,2024,
Распределение пара и горячей воды (тепловой энергии),35.30.3,2024,
Обеспечение работоспособности котельных,35.30.4,2024,
Обеспечение работоспособности тепловых сетей,35.30.5,2024,
Торговля паром и горячей водой (тепловой энергией),35.30.6,2024,
"ВОДОСНАБЖЕНИЕ; ВОДООТВЕДЕНИЕ, ОРГАНИЗАЦИЯ СБОРА И УТИЛИЗАЦИИ ОТХОДОВ, ДЕЯТЕЛЬНОСТЬ ПО ЛИКВИДАЦИИ ЗАГРЯЗНЕНИЙ",E,2024,228.6432
"Забор, очистка и распределение воды",36.00,2024,204.2486
Забор и очистка воды для питьевых и промышленных нужд,36.00.1,2024,10.6009
Распределение воды для питьевых и промышленных нужд,36.00.2,2024,1.8819
Сбор и обработка сточных вод,37.00,2024,21.0036
"Сбор, обработка и утилизация отходов; обработка вторичного сырья",38,2024,3.391
Сбор отходов,38.1,2024,2.6975
Сбор неопасных отходов,38.11,2024,2.6175
Сбор опасных отходов,38.12,2024,
Обработка и утилизация отходов,38.2,2024,
Обработка и утилизация неопасных отходов,38.21,2024,
Обработка и утилизация опасных отходов,38.22,2024,
Обработка и утилизация радиоактивных отходов,38.22.1,2024,
Деятельность по обращению с отработавшим ядерным топливом,38.22.11,2024,
Деятельность по обращению с удаляемыми радиоактивными отходами,38.22.13,2024,
"Обработка и утилизация опасных отходов прочих, не включенных в другие группировки",38.22.9,2024,
Деятельность по обработке вторичного сырья,38.3,2024,0.6935
Утилизация отсортированных материалов,38.32,2024,0.6935
Обработка (переработка) лома и отходов драгоценных металлов,38.32.2,2024,
"Заготовка, хранение, переработка и реализация лома и отходов черных металлов",38.32.3,2024,
"Заготовка, хранение, переработка и реализация лома и отходов цветных металлов",38.32.4,2024,
"Заготовка, хранение, переработка и реализация лома и отходов металлов, содержащих медь",38.32.41,2024,
"Заготовка, хранение, переработка и реализация лома и отходов металлов, содержащих никель",38.32.42,2024,
"Заготовка, хранение, переработка и реализация лома и отходов металлов, содержащих алюминий",38.32.43,2024,
"Заготовка, хранение, переработка и реализация лома и отходов, содержащих прочие цветные металлы",38.32.49,2024,
Утилизация вторичных неметаллических ресурсов во вторичное сырье,38.32.5,2024,
Утилизация отходов бумаги и картона во вторичное сырье,38.32.52,2024,
Утилизация отходов и лома пластмасс во вторичное сырье,38.32.53,2024,
Утилизация отходов резины во вторичное сырье,38.32.54,2024,
Утилизация прочих вторичных неметаллических ресурсов во вторичное сырье,38.32.59,2024,
"Предоставление услуг в области ликвидации последствий загрязнений и прочих услуг, связанных с удалением отходов",39.00,2024,
СТРОИТЕЛЬСТВО,F,2024,137.1473
Строительство зданий,41,2024,81.8382
Разработка строительных проектов,41.10,2024,
Строительство жилых и нежилых зданий,41.20,2024,81.8382
Строительство инженерных сооружений,42,2024,40.7376
Строительство автомобильных и железных дорог,42.1,2024,30.9634
Строительство автомобильных дорог и автомагистралей,42.11,2024,27.685
Строительство железных дорог и метро,42.12,2024,
Строительство мостов и тоннелей,42.13,2024,2.6764
Строительство инженерных коммуникаций,42.2,2024,8.7919
"Строительство инженерных коммуникаций для водоснабжения и водоотведения, газоснабжения",42.21,2024,2.8599
Строительство коммунальных объектов для обеспечения электроэнергией и телекоммуникациями,42.22,2024,
Строительство междугородних линий электропередачи и связи,42.22.1,2024,
Строительство местных линий электропередачи и связи,42.22.2,2024,
Строительство электростанций,42.22.3,2024,
Строительство прочих инженерных сооружений,42.9,2024,
Строительство водных сооружений,42.91,2024,
Строительство портовых сооружений,42.91.1,2024,
Строительство гидротехнических сооружений,42.91.2,2024,
"Производство дноочистительных, дноуглубительных и берегоукрепительных работ",42.91.4,2024,
"Производство подводных работ, включая водолазные",42.91.5,2024,
"Строительство прочих инженерных сооружений, не включенных в другие группировки",42.99,2024,
Работы строительные специализированные,43,2024,14.5715
"Разборка и снос зданий, подготовка строительного участка",43.1,2024,7.7168
Разборка и снос зданий,43.11,2024,
Подготовка строительной площадки,43.12,2024,0.2318
Расчистка территории строительной площадки,43.12.1,2024,
Производство земляных работ,43.12.3,2024,
"Подготовка участка к разработке и добыче полезных ископаемых, за исключением нефтяных и газовых участков",43.12.4,2024,
Разведочное бурение,43.13,2024,
"Производство электромонтажных, санитарно-технических и прочих строительно-монтажных работ",43.2,2024,
Производство электромонтажных работ,43.21,2024,
"Производство санитарно-технических работ, монтаж отопительных систем и систем кондиционирования воздуха",43.22,2024,
Производство прочих строительно-монтажных работ,43.29,2024,
Работы строительные отделочные,43.3,2024,
Производство штукатурных работ,43.31,2024,
Работы столярные и плотничные,43.32,2024,
"Установка дверей (кроме автоматических и вращающихся), окон, дверных и оконных рам из дерева или прочих материалов",43.32.1,2024,
"Работы по установке внутренних лестниц, встроенных шкафов, встроенного кухонного оборудования",43.32.2,2024,
Работы по устройству покрытий полов и облицовке стен,43.33,2024,
Производство малярных и стекольных работ,43.34,2024,
Производство малярных работ,43.34.1,2024,
Производство прочих отделочных и завершающих работ,43.39,2024,
Работы строительные специализированные прочие,43.9,2024,3.205
Производство кровельных работ,43.91,2024,
"Работы строительные специализированные прочие, не включенные в другие группировки",43.99,2024,3.205
Работы гидроизоляционные,43.99.1,2024,
Работы по установке строительных лесов и подмостей,43.99.2,2024,
Работы свайные и работы по строительству фундаментов,43.99.3,2024,
Работы бетонные и железобетонные,43.99.4,2024,
Работы по монтажу стальных строительных конструкций,43.99.5,2024,
Работы каменные и кирпичные,43.99.6,2024,
Работы по сборке и монтажу сборных конструкций,43.99.7,2024,
"Работы строительные специализированные, не включенные в другие группировки",43.99.9,2024,
ТОРГОВЛЯ ОПТОВАЯ И РОЗНИЧНАЯ; РЕМОНТ АВТОТРАНСПОРТНЫХ СРЕДСТВ И МОТОЦИКЛОВ,G,2024,1612.3962
Торговля оптовая и розничная автотранспортными средствами и мотоциклами и их ремонт,45,2024,80.7773
Торговля автотранспортными средствами,45.1,2024,35.3476
Торговля легковыми автомобилями и грузовыми автомобилями малой грузоподъемности,45.11,2024,35.3266
Торговля оптовая легковыми автомобилями и легкими автотранспортными средствами,45.11.1,2024,
Торговля розничная легковыми автомобилями и легкими автотранспортными средствами в специализированных магазинах,45.11.2,2024,29.7298
Торговля розничная легковыми автомобилями и легкими автотранспортными средствами прочая,45.11.3,2024,
"Торговля розничная легковыми автомобилями и легкими автотранспортными средствами прочая, не включенная в другие группировки",45.11.39,2024,
Торговля оптовая легковыми автомобилями и легкими автотранспортными средствами за вознаграждение или на договорной основе,45.11.4,2024,
Торговля оптовая легковыми автомобилями и легкими автотранспортными средствами за вознаграждение или на договорной основе прочая,45.11.49,2024,
Торговля прочими автотранспортными средствами,45.19,2024,
Торговля оптовая прочими автотранспортными средствами,45.19.1,2024,
Торговля розничная прочими автотранспортными средствами в специализированных магазинах,45.19.2,2024,
Торговля розничная прочими автотранспортными средствами прочая,45.19.3,2024,
"Торговля розничная прочими автотранспортными средствами прочая, не включенная в другие группировки",45.19.39,2024,
Торговля оптовая прочими автотранспортными средствами за вознаграждение или на договорной основе,45.19.4,2024,
Торговля оптовая прочими автотранспортными средствами за вознаграждение или на договорной основе прочая,45.19.49,2024,
Техническое обслуживание и ремонт автотранспортных средств,45.20,2024,13.667
Техническое обслуживание и ремонт легковых автомобилей и легких грузовых автотранспортных средств,45.20.1,2024,
Техническое обслуживание и ремонт прочих автотранспортных средств,45.20.2,2024,
Техническая помощь на дорогах и транспортирование неисправных автотранспортных средств к месту их ремонта или стоянки,45.20.4,2024,
Деятельность по зарядке аккумуляторных батарей транспортных средств с электродвигателями,45.20.5,2024,
"Торговля автомобильными деталями, узлами и принадлежностями",45.3,2024,31.7627
"Торговля оптовая автомобильными деталями, узлами и принадлежностями",45.31,2024,31.5527
"Торговля оптовая автомобильными деталями, узлами и принадлежностями, кроме деятельности агентов",45.31.1,2024,31.1437
"Деятельность агентов по оптовой торговле автомобильными деталями, узлами и принадлежностями",45.31.2,2024,
"Торговля розничная автомобильными деталями, узлами и принадлежностями",45.32,2024,
"Торговля розничная автомобильными деталями, узлами и принадлежностями в специализированных магазинах",45.32.1,2024,
"Торговля розничная автомобильными деталями, узлами и принадлежностями прочая",45.32.2,2024,
"Торговля розничная автомобильными деталями, узлами и принадлежностями через информационно-коммуникационную сеть Интернет",45.32.21,2024,
"Торговля розничная автомобильными деталями, узлами и принадлежностями прочая, не включенная в другие группировки",45.32.29,2024,
"Торговля мотоциклами, их деталями, узлами и принадлежностями; техническое обслуживание и ремонт мотоциклов",45.40,2024,
"Торговля оптовая мотоциклами, их деталями, узлами и принадлежностями",45.40.1,2024,
"Торговля оптовая, кроме оптовой торговли автотранспортными средствами и мотоциклами",46,2024,407.6183
Торговля оптовая за вознаграждение или на договорной основе,46.1,2024,14.5722
"Деятельность агентов по оптовой торговле сельскохозяйственным сырьем, живыми животными, текстильным сырьем и полуфабрикатами",46.11,2024,
"Деятельность агентов по оптовой торговле прочим сельскохозяйственным сырьем, текстильным сырьем и полуфабрикатами",46.11.3,2024,
Деятельность агентов по оптовой торговле зерном,46.11.31,2024,
"Деятельность агентов по оптовой торговле прочими сельскохозяйственным сырьем и сельскохозяйственными полуфабрикатами, не включенными в другие группировки",46.11.39,2024,
"Деятельность агентов по оптовой торговле топливом, рудами, металлами и химическими веществами",46.12,2024,
"Деятельность агентов по оптовой торговле твердым, жидким и газообразным топливом и связанными продуктами",46.12.1,2024,
Деятельность агентов по оптовой торговле рудами и металлами в первичных формах,46.12.2,2024,
Деятельность агентов по оптовой торговле металлами в первичных формах,46.12.22,2024,
"Деятельность агентов по оптовой торговле промышленными и техническими химическими веществами, удобрениями и агрохимикатами",46.12.3,2024,
Деятельность агентов по оптовой торговле промышленными и техническими химическими веществами,46.12.31,2024,
Деятельность агентов по оптовой торговле лесоматериалами и строительными материалами,46.13,2024,
Деятельность агентов по оптовой торговле строительными материалами,46.13.2,2024,
"Деятельность агентов по оптовой торговле машинами, промышленным оборудованием, судами и летательными аппаратами",46.14,2024,
"Деятельность агентов по оптовой торговле вычислительной техникой, телекоммуникационным оборудованием и прочим офисным оборудованием",46.14.1,2024,
Деятельность агентов по оптовой торговле прочими видами машин и промышленным оборудованием,46.14.9,2024,
"Деятельность агентов по оптовой торговле мебелью, бытовыми товарами, скобяными, ножевыми и прочими металлическими изделиями",46.15,2024,
"Деятельность агентов по оптовой торговле радио- и телеаппаратурой, техническими носителями информации",46.15.4,2024,
"Деятельность агентов по оптовой торговле текстильными изделиями, одеждой, обувью, изделиями из кожи и меха",46.16,2024,
"Деятельность агентов по оптовой торговле пищевыми продуктами, напитками и табачными изделиями",46.17,2024,
Деятельность агентов по оптовой торговле пищевыми продуктами,46.17.1,2024,
"Деятельность агентов, специализирующихся на оптовой торговле прочими отдельными видами товаров",46.18,2024,10.468
"Деятельность агентов, специализирующихся на оптовой торговле фармацевтической продукцией, изделиями, применяемыми в медицинских целях, парфюмерными и косметическими товарами, включая мыло, и чистящими средствами",46.18.1,2024,
"Деятельность агентов, специализирующихся на оптовой торговле парфюмерными и косметическими товарами, включая мыло",46.18.13,2024,
"Деятельность агентов, специализирующихся на оптовой торговле товарами, не включенными в другие группировки",46.18.9,2024,
"Деятельность агентов, специализирующихся на оптовой торговле прочими товарами, не включенными в другие группировки",46.18.99,2024,
Деятельность агентов по оптовой торговле универсальным ассортиментом товаров,46.19,2024,
Торговля оптовая сельскохозяйственным сырьем и живыми животными,46.2,2024,7.843199999999999
"Торговля оптовая зерном, необработанным табаком, семенами и кормами для сельскохозяйственных животных",46.21,2024,7.819199999999999
"Торговля оптовая зерном, семенами и кормами для животных",46.21.1,2024,6.0998
Торговля оптовая зерном,46.21.11,2024,
"Торговля оптовая семенами, кроме семян масличных культур",46.21.12,2024,
Торговля оптовая масличными семенами и маслосодержащими плодами,46.21.13,2024,
Торговля оптовая кормами для сельскохозяйственных животных,46.21.14,2024,
"Торговля оптовая сельскохозяйственным сырьем, не включенным в другие группировки",46.21.19,2024,
Торговля оптовая цветами и растениями,46.22,2024,
Торговля оптовая живыми животными,46.23,2024,
"Торговля оптовая пищевыми продуктами, напитками и табачными изделиями",46.3,2024,43.5715
Торговля оптовая фруктами и овощами,46.31,2024,2.5219
"Торговля оптовая свежими овощами, фруктами и орехами",46.31.1,2024,2.075
Торговля оптовая свежим картофелем,46.31.11,2024,
Торговля оптовая прочими свежими овощами,46.31.12,2024,
Торговля оптовая свежими фруктами и орехами,46.31.13,2024,
"Торговля оптовая консервированными овощами, фруктами и орехами",46.31.2,2024,
Торговля оптовая мясом и мясными продуктами,46.32,2024,9.124
"Торговля оптовая мясом и мясом птицы, включая субпродукты",46.32.1,2024,
Торговля оптовая продуктами из мяса и мяса птицы,46.32.2,2024,
Торговля оптовая консервами из мяса и мяса птицы,46.32.3,2024,
"Торговля оптовая молочными продуктами, яйцами и пищевыми маслами и жирами",46.33,2024,8.2844
Торговля оптовая молочными продуктами,46.33.1,2024,7.6291
Торговля оптовая яйцами,46.33.2,2024,
Торговля оптовая пищевыми маслами и жирами,46.33.3,2024,
Торговля оптовая напитками,46.34,2024,17.1947
"Торговля оптовая соками, минеральной водой и прочими безалкогольными напитками",46.34.1,2024,
"Торговля оптовая алкогольными напитками, включая пиво и пищевой этиловый спирт",46.34.2,2024,13.2907
"Торговля оптовая алкогольными напитками, кроме пива и пищевого этилового спирта",46.34.21,2024,
Торговля оптовая пивом,46.34.23,2024,
Торговля оптовая табачными изделиями,46.35,2024,
"Торговля оптовая сахаром, шоколадом и сахаристыми кондитерскими изделиями",46.36,2024,
Торговля оптовая сахаром,46.36.1,2024,
Торговля оптовая шоколадом и сахаристыми кондитерскими изделиями,46.36.2,2024,
Торговля оптовая хлебобулочными изделиями,46.36.4,2024,
"Торговля оптовая кофе, чаем, какао и пряностями",46.37,2024,
"Торговля оптовая прочими пищевыми продуктами, включая рыбу, ракообразных и моллюсков",46.38,2024,1.9504
"Торговля оптовая рыбой, ракообразными и моллюсками, консервами и пресервами из рыбы и морепродуктов",46.38.1,2024,
Торговля оптовая прочими пищевыми продуктами,46.38.2,2024,1.7154
"Торговля оптовая гомогенизированными пищевыми продуктами, детским и диетическим питанием",46.38.21,2024,
Торговля оптовая кормами для домашних животных,46.38.22,2024,
Торговля оптовая мукой и макаронными изделиями,46.38.23,2024,
Торговля оптовая крупами,46.38.24,2024,
Торговля оптовая солью,46.38.25,2024,
Торговля оптовая мороженым и замороженными десертами,46.38.26,2024,
"Торговля оптовая прочими пищевыми продуктами, не включенными в другие группировки",46.38.29,2024,
"Торговля оптовая неспециализированная пищевыми продуктами, напитками и табачными изделиями",46.39,2024,0.5541
Торговля оптовая неспециализированная замороженными пищевыми продуктами,46.39.1,2024,
"Торговля оптовая неспециализированная незамороженными пищевыми продуктами, напитками и табачными изделиями",46.39.2,2024,
Торговля оптовая непродовольственными потребительскими товарами,46.4,2024,176.44039999999998
Торговля оптовая текстильными изделиями,46.41,2024,
"Торговля оптовая текстильными изделиями, кроме текстильных галантерейных изделий",46.41.1,2024,
Торговля оптовая галантерейными изделиями,46.41.2,2024,
Торговля оптовая одеждой и обувью,46.42,2024,13.7052
Торговля оптовая одеждой,46.42.1,2024,
"Торговля оптовая одеждой, включая спортивную, кроме нательного белья",46.42.11,2024,
Торговля оптовая нательным бельем,46.42.12,2024,
"Торговля оптовая аксессуарами одежды и головными уборами, кроме меховых",46.42.14,2024,
Торговля оптовая обувью,46.42.2,2024,
Торговля оптовая бытовыми электротоварами,46.43,2024,12.5344
Торговля оптовая электрической бытовой техникой,46.43.1,2024,
"Торговля оптовая радио-, теле- и видеоаппаратурой и аппаратурой для цифровых видеодисков (DVD)",46.43.2,2024,
Торговля оптовая фототоварами и оптическими товарами,46.43.4,2024,
Торговля оптовая изделиями из керамики и стекла и чистящими средствами,46.44,2024,73.8607
Торговля оптовая изделиями из керамики и стекла,46.44.1,2024,
Торговля оптовая чистящими средствами,46.44.2,2024,
Торговля оптовая парфюмерными и косметическими товарами,46.45,2024,
"Торговля оптовая парфюмерными и косметическими товарами, кроме мыла",46.45.1,2024,
Торговля оптовая туалетным и хозяйственным мылом,46.45.2,2024,
Торговля оптовая фармацевтической продукцией,46.46,2024,28.7498
Торговля оптовая фармацевтической продукцией,46.46.1,2024,26.152
"Торговля оптовая изделиями, применяемыми в медицинских целях",46.46.2,2024,
"Торговля оптовая мебелью, коврами и осветительным оборудованием",46.47,2024,
Торговля оптовая бытовой мебелью,46.47.1,2024,
Торговля оптовая осветительным оборудованием,46.47.2,2024,
Торговля оптовая коврами и ковровыми изделиями,46.47.3,2024,
Торговля оптовая часами и ювелирными изделиями,46.48,2024,
Торговля оптовая ювелирными изделиями,46.48.2,2024,
Торговля оптовая прочими бытовыми товарами,46.49,2024,6.266
Торговля оптовая ножевыми изделиями и бытовой металлической посудой,46.49.1,2024,
"Торговля оптовая книгами, газетами и журналами, писчебумажными и канцелярскими товарами",46.49.3,2024,
Торговля оптовая книгами,46.49.31,2024,
Торговля оптовая газетами и журналами,46.49.32,2024,
Торговля оптовая писчебумажными и канцелярскими товарами,46.49.33,2024,
Торговля оптовая прочими потребительскими товарами,46.49.4,2024,
Торговля оптовая музыкальными инструментами и нотными изданиями,46.49.41,2024,
Торговля оптовая играми и игрушками,46.49.42,2024,
"Торговля оптовая спортивными товарами, включая велосипеды",46.49.43,2024,
"Торговля оптовая прочими потребительскими товарами, не включенными в другие группировки",46.49.49,2024,
Торговля оптовая информационным и коммуникационным оборудованием,46.5,2024,70.515
"Торговля оптовая компьютерами, периферийными устройствами к компьютерам и программным обеспечением",46.51,2024,70.478
Торговля оптовая компьютерами и периферийными устройствами,46.51.1,2024,
Торговля оптовая программным обеспечением,46.51.2,2024,
Торговля оптовая электронным и телекоммуникационным оборудованием и его запасными частями,46.52,2024,
Торговля оптовая телекоммуникационным оборудованием и его запасными частями,46.52.1,2024,
Торговля оптовая электронным оборудованием и его запасными частями,46.52.2,2024,
"Торговля оптовая прочими машинами, оборудованием и принадлежностями",46.6,2024,37.0089
"Торговля оптовая машинами, оборудованием и инструментами для сельского хозяйства",46.61,2024,2.8641
"Торговля оптовая сельскохозяйственными и лесохозяйственными машинами, оборудованием и инструментами, включая тракторы",46.61.1,2024,2.4251
Торговля оптовая садово-огородной техникой и инвентарем,46.61.2,2024,
Торговля оптовая станками,46.62,2024,
Торговля оптовая деревообрабатывающими станками,46.62.1,2024,
Торговля оптовая металлообрабатывающими станками,46.62.2,2024,
Торговля оптовая станками для обработки прочих материалов,46.62.3,2024,
Торговля оптовая машинами и оборудованием для добычи полезных ископаемых и строительства,46.63,2024,
"Торговля оптовая машинами и оборудованием для текстильного, швейного и трикотажного производств",46.64,2024,
Торговля оптовая офисной мебелью,46.65,2024,
Торговля оптовая прочей офисной техникой и оборудованием,46.66,2024,
Торговля оптовая прочими машинами и оборудованием,46.69,2024,12.2834
"Торговля оптовая транспортными средствами, кроме автомобилей, мотоциклов и велосипедов",46.69.1,2024,
Торговля оптовая эксплуатационными материалами и принадлежностями машин,46.69.2,2024,3.268
Торговля оптовая подъемно-транспортными машинами и оборудованием,46.69.3,2024,
"Торговля оптовая машинами и оборудованием для производства пищевых продуктов, напитков и табачных изделий",46.69.4,2024,
"Торговля оптовая производственным электротехническим оборудованием, машинами, аппаратурой и материалами",46.69.5,2024,
Торговля оптовая измерительными приборами и оборудованием,46.69.7,2024,
"Торговля оптовая техникой, оборудованием и инструментами, применяемыми в медицинских целях",46.69.8,2024,
"Торговля оптовая прочими машинами, приборами, аппаратурой и оборудованием общепромышленного и специального назначения",46.69.9,2024,2.468
Торговля оптовая специализированная прочая,46.7,2024,50.4868
"Торговля оптовая твердым, жидким и газообразным топливом и подобными продуктами",46.71,2024,8.976299999999998
Торговля оптовая твердым топливом,46.71.1,2024,
"Торговля оптовая моторным топливом, включая авиационный бензин",46.71.2,2024,6.576
Торговля оптовая нефтью,46.71.3,2024,1.8333
Торговля оптовая природным (естественным) газом,46.71.4,2024,
Торговля оптовая сжиженными углеводородными газами,46.71.5,2024,
Торговля оптовая сжиженными углеводородными газами по не регулируемым государством ценам (тарифам),46.71.52,2024,
Торговля оптовая прочим топливом и подобными продуктами,46.71.9,2024,
Торговля оптовая металлами и металлическими рудами,46.72,2024,10.5798
Торговля оптовая металлическими рудами,46.72.1,2024,
Торговля оптовая железными рудами,46.72.11,2024,
Торговля оптовая металлами в первичных формах,46.72.2,2024,10.1983
Торговля оптовая черными металлами в первичных формах,46.72.21,2024,6.4443
"Торговля оптовая цветными металлами в первичных формах, кроме драгоценных",46.72.22,2024,
Торговля оптовая золотом и другими драгоценными металлами,46.72.23,2024,
"Торговля оптовая лесоматериалами, строительными материалами и санитарно-техническим оборудованием",46.73,2024,24.4227
Торговля оптовая древесным сырьем и необработанными лесоматериалами,46.73.1,2024,
Торговля оптовая пиломатериалами,46.73.2,2024,
Торговля оптовая санитарно-техническим оборудованием,46.73.3,2024,
Торговля оптовая лакокрасочными материалами,46.73.4,2024,
Торговля оптовая листовым стеклом,46.73.5,2024,
Торговля оптовая прочими строительными материалами и изделиями,46.73.6,2024,5.7241
Торговля оптовая обоями,46.73.7,2024,
Торговля оптовая напольными покрытиями (кроме ковров),46.73.8,2024,
"Торговля оптовая скобяными изделиями, водопроводным и отопительным оборудованием и принадлежностями",46.74,2024,
Торговля оптовая скобяными изделиями,46.74.1,2024,
Торговля оптовая водопроводным и отопительным оборудованием и санитарно-технической арматурой,46.74.2,2024,
Торговля оптовая ручными инструментами,46.74.3,2024,
Торговля оптовая химическими продуктами,46.75,2024,3.795
Торговля оптовая удобрениями и агрохимическими продуктами,46.75.1,2024,3.611
Торговля оптовая промышленными химикатами,46.75.2,2024,0.184
Торговля оптовая прочими промежуточными продуктами,46.76,2024,0.266
Торговля оптовая бумагой и картоном,46.76.1,2024,
Торговля оптовая текстильными волокнами,46.76.2,2024,
Торговля оптовая пластмассами и резиной в первичных формах,46.76.3,2024,
Торговля оптовая драгоценными камнями,46.76.4,2024,
Торговля оптовая отходами и ломом,46.77,2024,
Торговля оптовая неспециализированная,46.90,2024,7.1803
"Торговля розничная, кроме торговли автотранспортными средствами и мотоциклами",47,2024,1124.0006
Торговля розничная в неспециализированных магазинах,47.1,2024,53.7997
"Торговля розничная преимущественно пищевыми продуктами, включая напитки, и табачными изделиями в неспециализированных магазинах",47.11,2024,51.4535
"Торговля розничная незамороженными продуктами, включая напитки и табачные изделия, в неспециализированных магазинах",47.11.2,2024,
Деятельность по розничной торговле большим товарным ассортиментом с преобладанием продовольственных товаров в неспециализированных магазинах,47.11.3,2024,
Торговля розничная прочая в неспециализированных магазинах,47.19,2024,
Торговля розничная большим товарным ассортиментом с преобладанием непродовольственных товаров в неспециализированных магазинах,47.19.1,2024,
"Деятельность универсальных магазинов, торгующих товарами общего ассортимента",47.19.2,2024,
"Торговля розничная пищевыми продуктами, напитками и табачными изделиями в специализированных магазинах",47.2,2024,35.4684
Торговля розничная фруктами и овощами в специализированных магазинах,47.21,2024,
"Торговля розничная свежими фруктами, овощами, картофелем и орехами в специализированных магазинах",47.21.1,2024,
Торговля розничная мясом и мясными продуктами в специализированных магазинах,47.22,2024,
"Торговля розничная мясом и мясом птицы, включая субпродукты в специализированных магазинах",47.22.1,2024,
"Торговля розничная рыбой, ракообразными и моллюсками в специализированных магазинах",47.23,2024,
Торговля розничная рыбой и морепродуктами в специализированных магазинах,47.23.1,2024,
Торговля розничная хлебом и хлебобулочными изделиями и кондитерскими изделиями в специализированных магазинах,47.24,2024,
Торговля розничная хлебом и хлебобулочными изделиями в специализированных магазинах,47.24.1,2024,
Торговля розничная кондитерскими изделиями в специализированных магазинах,47.24.2,2024,
Торговля розничная мучными кондитерскими изделиями в специализированных магазинах,47.24.21,2024,
"Торговля розничная кондитерскими изделиями, включая шоколад, в специализированных магазинах",47.24.22,2024,
Торговля розничная напитками в специализированных магазинах,47.25,2024,17.3854
"Торговля розничная алкогольными напитками, включая пиво, в специализированных магазинах",47.25.1,2024,
"Торговля розничная алкогольными напитками, кроме пива, в специализированных магазинах",47.25.11,2024,
Торговля розничная безалкогольными напитками в специализированных магазинах,47.25.2,2024,
Торговля розничная табачными изделиями в специализированных магазинах,47.26,2024,
Торговля розничная молочными продуктами и яйцами в специализированных магазинах,47.29.1,2024,
Торговля розничная молочными продуктами в специализированных магазинах,47.29.11,2024,
Торговля розничная прочими пищевыми продуктами в специализированных магазинах,47.29.3,2024,
Торговля розничная мукой и макаронными изделиями в специализированных магазинах,47.29.31,2024,
Торговля розничная сахаром в специализированных магазинах,47.29.33,2024,
"Торговля розничная прочими пищевыми продуктами в специализированных магазинах, не включенными в другие группировки",47.29.39,2024,
Торговля розничная моторным топливом в специализированных магазинах,47.30.1,2024,
Торговля розничная бензином и дизельным топливом в специализированных магазинах,47.30.11,2024,
Торговля розничная газом для заправки автомобилей в специализированных магазинах,47.30.12,2024,
Торговля розничная информационным и коммуникационным оборудованием в специализированных магазинах,47.4,2024,
"Торговля розничная компьютерами, периферийными устройствами к ним и программным обеспечением в специализированных магазинах",47.41,2024,
"Торговля розничная телекоммуникационным оборудованием, включая розничную торговлю мобильными телефонами, в специализированных магазинах",47.42,2024,
Торговля розничная аудио- и видеотехникой в специализированных магазинах,47.43,2024,
Торговля розничная прочими бытовыми изделиями в специализированных магазинах,47.5,2024,2.566
Торговля розничная текстильными изделиями в специализированных магазинах,47.51.1,2024,
"Торговля розничная скобяными изделиями, лакокрасочными материалами и стеклом в специализированных магазинах",47.52,2024,
Торговля розничная лакокрасочными материалами в специализированных магазинах,47.52.2,2024,
Торговля розничная санитарно-техническим оборудованием в специализированных магазинах,47.52.5,2024,
Торговля розничная садово-огородной техникой и инвентарем в специализированных магазинах,47.52.6,2024,
"Торговля розничная строительными материалами, не включенными в другие группировки, в специализированных магазинах",47.52.7,2024,
"Торговля розничная прочими строительными материалами, не включенными в другие группировки, в специализированных магазинах",47.52.79,2024,
"Торговля розничная коврами, ковровыми изделиями, покрытиями для пола и стен в специализированных магазинах",47.53,2024,
Торговля розничная обоями и напольными покрытиями в специализированных магазинах,47.53.3,2024,
Торговля розничная бытовыми электротоварами в специализированных магазинах,47.54,2024,
"Торговля розничная мебелью, осветительными приборами и прочими бытовыми изделиями в специализированных магазинах",47.59,2024,
Торговля розничная мебелью в специализированных магазинах,47.59.1,2024,
"Торговля розничная различной домашней утварью, ножевыми изделиями, посудой, изделиями из стекла и керамики, в том числе фарфора и фаянса в специализированных магазинах",47.59.2,2024,
Торговля розничная осветительными приборами в специализированных магазинах,47.59.3,2024,
Торговля розничная музыкальными инструментами и нотными изданиями в специализированных магазинах,47.59.5,2024,
Торговля розничная товарами культурно-развлекательного назначения в специализированных магазинах,47.6,2024,
Торговля розничная книгами в специализированных магазинах,47.61,2024,
Торговля розничная газетами и канцелярскими товарами в специализированных магазинах,47.62,2024,
Торговля розничная газетами и журналами в специализированных магазинах,47.62.1,2024,
Торговля розничная писчебумажными и канцелярскими товарами в специализированных магазинах,47.62.2,2024,
Торговля розничная спортивным оборудованием и спортивными товарами в специализированных магазинах,47.64,2024,
Торговля розничная играми и игрушками в специализированных магазинах,47.65,2024,
Торговля розничная прочими товарами в специализированных магазинах,47.7,2024,988.7965
Торговля розничная одеждой в специализированных магазинах,47.71,2024,983.256
"Торговля розничная мужской, женской и детской одеждой в специализированных магазинах",47.71.1,2024,
Торговля розничная нательным бельем в специализированных магазинах,47.71.2,2024,
Торговля розничная изделиями из меха в специализированных магазинах,47.71.3,2024,
Торговля розничная спортивной одеждой в специализированных магазинах,47.71.5,2024,
"Торговля розничная аксессуарами одежды (перчатками, галстуками, шарфами, ремнями, подтяжками и т. п.) в специализированных магазинах",47.71.8,2024,
Торговля розничная обувью и изделиями из кожи в специализированных магазинах,47.72,2024,
Торговля розничная обувью в специализированных магазинах,47.72.1,2024,
Торговля розничная изделиями из кожи и дорожными принадлежностями в специализированных магазинах,47.72.2,2024,
Торговля розничная лекарственными средствами в специализированных магазинах (аптеках),47.73,2024,4.6008
"Торговля розничная изделиями, применяемыми в медицинских целях, ортопедическими изделиями в специализированных магазинах",47.74,2024,
"Торговля розничная изделиями, применяемыми в медицинских целях, в специализированных магазинах",47.74.1,2024,
Торговля розничная косметическими и товарами личной гигиены в специализированных магазинах,47.75,2024,
"Торговля розничная косметическими и парфюмерными товарами, кроме мыла в специализированных магазинах",47.75.1,2024,
"Торговля розничная цветами и другими растениями, семенами, удобрениями, домашними животными и кормами для домашних животных в специализированных магазинах",47.76,2024,
"Торговля розничная цветами и другими растениями, семенами и удобрениями в специализированных магазинах",47.76.1,2024,
Торговля розничная домашними животными и кормами для домашних животных в специализированных магазинах,47.76.2,2024,
Торговля розничная часами и ювелирными изделиями в специализированных магазинах,47.77,2024,
Торговля розничная часами в специализированных магазинах,47.77.1,2024,
Торговля розничная ювелирными изделиями в специализированных магазинах,47.77.2,2024,
Торговля розничная прочая в специализированных магазинах,47.78,2024,
"Торговля розничная фотоаппаратурой, оптическими приборами и средствами измерений, кроме очков, в специализированных магазинах",47.78.1,2024,
"Торговля розничная очками, включая сборку и ремонт очков в специализированных магазинах",47.78.2,2024,
Торговля розничная очками в специализированных магазинах,47.78.21,2024,
"Торговля розничная сувенирами, изделиями народных художественных промыслов",47.78.3,2024,
"Торговля розничная бытовым жидким котельным топливом, газом в баллонах, углем, древесным топливом, топливным торфом в специализированных магазинах",47.78.6,2024,
"Торговля розничная бытовым жидким котельным топливом, углем, древесным топливом, топливным торфом в специализированных магазинах",47.78.61,2024,
Торговля розничная филателистическими и нумизматическими товарами в специализированных магазинах,47.78.8,2024,
"Торговля розничная непродовольственными товарами, не включенными в другие группировки, в специализированных магазинах",47.78.9,2024,
Торговля розничная бывшими в употреблении товарами в магазинах,47.79,2024,
Торговля розничная в нестационарных торговых объектах и на рынках,47.8,2024,
"Торговля розничная в нестационарных торговых объектах и на рынках пищевыми продуктами, напитками и табачной продукцией",47.81,2024,
"Торговля розничная вне магазинов, палаток, рынков",47.9,2024,
Торговля розничная по почте или по информационно-коммуникационной сети Интернет,47.91,2024,
"Торговля розничная, осуществляемая непосредственно при помощи информационно-коммуникационной сети Интернет",47.91.2,2024,
"Торговля розничная прочая вне магазинов, палаток, рынков",47.99,2024,
ТРАНСПОРТИРОВКА И ХРАНЕНИЕ,H,2024,1871.0953
Деятельность сухопутного и трубопроводного транспорта,49,2024,1266.46
Деятельность железнодорожного транспорта: междугородные и международные пассажирские перевозки,49.10,2024,
Перевозка пассажиров железнодорожным транспортом в междугородном сообщении,49.10.1,2024,
Перевозка пассажиров железнодорожным транспортом в междугородном сообщении в регулируемом секторе,49.10.11,2024,
Перевозка пассажиров железнодорожным транспортом в междугородном сообщении в нерегулируемом секторе,49.10.12,2024,
Деятельность железнодорожного транспорта: грузовые перевозки,49.20,2024,1000.1752
Перевозка опасных грузов,49.20.1,2024,
Перевозка прочих грузов,49.20.9,2024,
Деятельность прочего сухопутного пассажирского транспорта,49.3,2024,11.9651
Деятельность сухопутного пассажирского транспорта: перевозки пассажиров в городском и пригородном сообщении,49.31,2024,11.4513
Перевозка пассажиров железнодорожным транспортом в пригородном сообщении,49.31.1,2024,4.614
Перевозка пассажиров железнодорожным транспортом в пригородном сообщении в регулируемом секторе,49.31.11,2024,4.614
Регулярные перевозки пассажиров прочим сухопутным транспортом в городском и пригородном сообщении,49.31.2,2024,4.2693
Регулярные перевозки пассажиров автобусами в городском и пригородном сообщении,49.31.21,2024,3.4834
Регулярные перевозки пассажиров троллейбусами в городском и пригородном сообщении,49.31.22,2024,
Регулярные перевозки пассажиров трамваями в городском и пригородном сообщении,49.31.23,2024,
Перевозка пассажиров метрополитеном,49.31.24,2024,
"Перевозка пассажиров фуникулерами, подвесными канатными дорогами и подъемниками, являющимися частью городской или пригородной транспортной системы",49.31.25,2024,
Деятельность легкового такси и арендованных легковых автомобилей с водителем,49.32,2024,
"Деятельность прочего сухопутного пассажирского транспорта, не включенная в другие группировки",49.39,2024,0.5137999999999999
"Регулярные перевозки пассажиров сухопутным транспортом, кроме железнодорожного транспорта, в междугородном и международном сообщении, а также специальные перевозки (для собственных нужд)",49.39.1,2024,
Регулярные перевозки пассажиров автобусами в междугородном сообщении,49.39.11,2024,
Регулярные перевозки пассажиров автобусами в международном сообщении,49.39.12,2024,
Специальные перевозки (для собственных нужд) автобусами,49.39.13,2024,
"Перевозка пассажиров фуникулерами, подвесными канатными дорогами и лыжными подъемниками, не являющимися частью внутригородской, пригородной или городской и пригородной транспортных систем",49.39.2,2024,
Перевозки пассажиров сухопутным транспортом по заказам,49.39.3,2024,
Перевозки пассажиров арендованными автобусами с водителем,49.39.31,2024,
"Перевозка пассажиров автобусами в городском и пригородном сообщении по заказам, за исключением перевозки арендованными автобусами с водителем и по туристическим или экскурсионным маршрутам",49.39.33,2024,
"Перевозки пассажиров сухопутным транспортом прочие, не включенные в другие группировки",49.39.39,2024,
Деятельность автомобильного грузового транспорта и услуги по перевозкам,49.4,2024,11.3012
Деятельность автомобильного грузового транспорта,49.41,2024,11.3012
Перевозка грузов специализированными автотранспортными средствами,49.41.1,2024,4.851
Перевозка грузов неспециализированными автотранспортными средствами,49.41.2,2024,2.6226
Аренда грузового автомобильного транспорта с водителем,49.41.3,2024,
Предоставление услуг по перевозкам,49.42,2024,
Деятельность трубопроводного транспорта,49.50,2024,
Транспортирование по трубопроводам нефти и нефтепродуктов,49.50.1,2024,
Транспортирование по трубопроводам нефти,49.50.11,2024,
Транспортирование по трубопроводам нефтепродуктов,49.50.12,2024,
Транспортирование по трубопроводам газа и продуктов его переработки,49.50.2,2024,
Транспортирование по трубопроводам газа,49.50.21,2024,
Транспортирование по трубопроводам продуктов переработки газа,49.50.22,2024,
Деятельность трубопроводного транспорта прочая,49.50.9,2024,
Деятельность водного транспорта,50,2024,20.1657
Деятельность морского пассажирского транспорта,50.10,2024,
Перевозка пассажиров морскими судами каботажного плавания,50.10.2,2024,
"Перевозка пассажиров морскими судами каботажного плавания, подчиняющимися расписанию",50.10.21,2024,
Деятельность морского грузового транспорта,50.20,2024,
Перевозка грузов морскими судами заграничного плавания,50.20.1,2024,
Перевозка замороженных или охлажденных грузов судами-рефрижераторами заграничного плавания,50.20.11,2024,
Перевозка нефти морскими судами-танкерами заграничного плавания,50.20.12,2024,
Перевозка прочих жидкостей или газов морскими судами-танкерами заграничного плавания,50.20.13,2024,
Перевозка сухих сыпучих грузов морскими судами заграничного плавания,50.20.15,2024,
Перевозка прочих грузов морскими судами заграничного плавания,50.20.19,2024,
Перевозка грузов морскими судами каботажного плавания,50.20.2,2024,
Перевозка замороженных или охлажденных грузов судами-рефрижераторами каботажного плавания,50.20.21,2024,
Перевозка нефти морскими судами-танкерами каботажного плавания,50.20.22,2024,
Перевозка прочих жидкостей или газов морскими судами-танкерами каботажного плавания,50.20.23,2024,
Перевозка контейнерных грузов судами-контейнеровозами каботажного плавания,50.20.24,2024,
Перевозка сухих сыпучих грузов морскими судами каботажного плавания,50.20.25,2024,
Перевозка прочих грузов морскими судами каботажного плавания,50.20.29,2024,
Аренда морских судов заграничного и каботажного плавания для перевозки грузов с экипажем,50.20.3,2024,
Аренда морских судов заграничного плавания для перевозки грузов с экипажем,50.20.31,2024,
Аренда морских судов каботажного плавания для перевозки грузов с экипажем,50.20.32,2024,
"Буксировка и маневровые услуги, оказываемые судами заграничного и каботажного плавания",50.20.4,2024,
Буксировка судами заграничного и каботажного плавания,50.20.41,2024,
Деятельность по оказанию маневровых услуг судами заграничного и каботажного плавания,50.20.42,2024,
Деятельность внутреннего водного пассажирского транспорта,50.30,2024,
Перевозка пассажиров по внутренним водным путям,50.30.1,2024,
Аренда судов внутреннего водного транспорта для перевозки пассажиров с экипажем,50.30.2,2024,
Деятельность внутреннего водного грузового транспорта,50.40,2024,
Перевозка грузов по внутренним водным путям,50.40.1,2024,
Буксировка и маневровые услуги на внутренних водных путях,50.40.2,2024,
Аренда судов внутреннего водного транспорта для перевозки грузов с экипажем,50.40.3,2024,
Деятельность воздушного и космического транспорта,51,2024,
Деятельность пассажирского воздушного транспорта,51.10,2024,
"Перевозка воздушным пассажирским транспортом, подчиняющимся расписанию",51.10.1,2024,
"Перевозка воздушным пассажирским транспортом, не подчиняющимся расписанию",51.10.2,2024,
Деятельность грузового воздушного транспорта и космического транспорта,51.2,2024,
Деятельность грузового воздушного транспорта,51.21,2024,
"Перевозка воздушным грузовым транспортом, подчиняющимся расписанию",51.21.1,2024,
"Перевозка воздушным грузовым транспортом, не подчиняющимся расписанию",51.21.2,2024,
Деятельность космического транспорта,51.22,2024,
Запуск ракет космического назначения и выведение космических объектов на орбиту,51.22.3,2024,
Складское хозяйство и вспомогательная транспортная деятельность,52,2024,575.7331999999999
Деятельность по складированию и хранению,52.10,2024,35.6358
Хранение и складирование замороженных или охлажденных грузов,52.10.1,2024,
Хранение и складирование жидких или газообразных грузов,52.10.2,2024,
Хранение и складирование нефти и продуктов ее переработки,52.10.21,2024,
Хранение и складирование газа и продуктов его переработки,52.10.22,2024,
Хранение и складирование прочих жидких или газообразных грузов,52.10.23,2024,
Хранение и складирование зерна,52.10.3,2024,
Хранение ядерных материалов и радиоактивных веществ,52.10.4,2024,
Хранение и складирование прочих грузов,52.10.9,2024,0.3598
Деятельность транспортная вспомогательная,52.2,2024,540.0974
"Деятельность вспомогательная, связанная с сухопутным транспортом",52.21,2024,22.966
"Деятельность вспомогательная, связанная с железнодорожным транспортом",52.21.1,2024,
Предоставление железнодорожных маневровых или буксировочных услуг,52.21.11,2024,
Деятельность железнодорожной инфраструктуры,52.21.13,2024,
"Деятельность вспомогательная прочая, связанная с железнодорожным транспортом",52.21.19,2024,
"Деятельность вспомогательная, связанная с автомобильным транспортом",52.21.2,2024,5.4045
Деятельность автовокзалов и автостанций,52.21.21,2024,
Деятельность по эксплуатации автомобильных дорог и автомагистралей,52.21.22,2024,5.4045
Деятельность по эксплуатации мостов и тоннелей,52.21.23,2024,
Деятельность стоянок для транспортных средств,52.21.24,2024,
"Деятельность вспомогательная прочая, связанная с автомобильным транспортом",52.21.29,2024,
"Деятельность вспомогательная, связанная с трубопроводным транспортом",52.21.3,2024,
"Деятельность вспомогательная, связанная с водным транспортом",52.22,2024,
"Деятельность вспомогательная, связанная с морским транспортом",52.22.1,2024,
"Деятельность инфраструктуры морских портов, включая портовые гидротехнические сооружения (причалы, морские терминалы, доки и др.)",52.22.11,2024,
"Деятельность по постановке судов к причалу, осуществление швартовых операций с судами в морских портах",52.22.13,2024,
Деятельность по навигационному обеспечению судоходства на морском транспорте,52.22.14,2024,
Деятельность аварийно-спасательная и судоподъемная на морском транспорте,52.22.15,2024,
"Снабженческое (шипчандлерское) обслуживание судов, включая бункеровку судов топливом, обслуживание судов в период стоянки в портах: агентирование судов, обследовательское (сюрвейерское) обслуживание судов на морском транспорте",52.22.16,2024,
Деятельность ледокольного флота на морском транспорте,52.22.18,2024,
"Деятельность вспомогательная, связанная морским транспортом, прочая, не включенная в другие группировки",52.22.19,2024,
"Деятельность вспомогательная, связанная с внутренним водным транспортом",52.22.2,2024,
Деятельность инфраструктуры речных портов и гидротехнических сооружений,52.22.21,2024,
"Обеспечение судоходства по внутренним водным путям, в том числе лоцманская проводка судов",52.22.22,2024,
"Деятельность вспомогательная, связанная с внутренним водным транспортом, прочая, не включенная в другие группировки",52.22.29,2024,
"Деятельность вспомогательная, связанная с воздушным и космическим транспортом",52.23,2024,391.4984
"Деятельность вспомогательная, связанная с воздушным транспортом",52.23.1,2024,391.4984
Деятельность аэропортовая,52.23.11,2024,389.83
Обеспечение обслуживания (управления) воздушного движения,52.23.12,2024,
Выполнение авиационных работ,52.23.13,2024,
"Деятельность вспомогательная прочая, связанная с воздушным транспортом",52.23.19,2024,
"Деятельность вспомогательная, связанная с космическим транспортом",52.23.2,2024,
"Деятельность поисковых и аварийно-спасательных служб, в том числе по эвакуации спускаемых аппаратов (капсул), составных частей ракет космического назначения",52.23.22,2024,
Транспортная обработка грузов,52.24,2024,97.025
Транспортная обработка контейнеров,52.24.1,2024,
Транспортная обработка прочих грузов,52.24.2,2024,50.869
"Деятельность вспомогательная прочая, связанная с перевозками",52.29,2024,28.608
Деятельность почтовой связи и курьерская деятельность,53,2024,
Деятельность почтовой связи общего пользования,53.10,2024,
"Деятельность почтовой связи, связанная с пересылкой письменной корреспонденции",53.10.2,2024,
"Деятельность почтовой связи, связанная с пересылкой посылочной почты",53.10.3,2024,
Деятельность почтовой связи общего пользования прочая,53.10.9,2024,
Деятельность почтовой связи прочая и курьерская деятельность,53.20,2024,
Деятельность специальной почтовой связи,53.20.1,2024,
Деятельность фельдъегерской связи,53.20.2,2024,
Деятельность федеральной фельдъегерской связи,53.20.21,2024,
Деятельность фельдъегерско-почтовой связи,53.20.22,2024,
"Деятельность почтовой связи прочая, не включенная в другие группировки",53.20.29,2024,
Деятельность курьерская,53.20.3,2024,
Деятельность по курьерской доставке различными видами транспорта,53.20.31,2024,
Деятельность курьерская прочая,53.20.39,2024,
ДЕЯТЕЛЬНОСТЬ ГОСТИНИЦ И ПРЕДПРИЯТИЙ ОБЩЕСТВЕННОГО ПИТАНИЯ,I,2024,182.0723
Деятельность по предоставлению мест для временного проживания,55,2024,6.3709
Деятельность гостиниц и прочих мест для временного проживания,55.10,2024,5.9378
Деятельность по предоставлению мест для краткосрочного проживания,55.20,2024,
"Деятельность по предоставлению мест для временного проживания в кемпингах, жилых автофургонах и туристических автоприцепах",55.30,2024,
Деятельность по предоставлению прочих мест для временного проживания,55.90,2024,0.353
Деятельность по предоставлению продуктов питания и напитков,56,2024,175.7014
Деятельность ресторанов и услуги по доставке продуктов питания,56.10,2024,1.768
"Деятельность ресторанов и кафе с полным ресторанным обслуживанием, кафетериев, ресторанов быстрого питания и самообслуживания",56.10.1,2024,
"Деятельность по приготовлению и/или продаже пищи, готовой к непосредственному употреблению на месте, с транспортных средств или передвижных лавок",56.10.2,2024,
Деятельность предприятий общественного питания с обслуживанием на вынос,56.10.21,2024,
Деятельность предприятий общественного питания по обслуживанию торжественных мероприятий и прочим видам организации питания,56.2,2024,173.9334
Деятельность предприятий общественного питания по обслуживанию торжественных мероприятий,56.21,2024,
Деятельность предприятий общественного питания по прочим видам организации питания,56.29,2024,173.9334
"Деятельность организаций общественного питания, поставляющих готовую пищу (для транспортных и строительных компаний, туристическим группам, личному составу вооруженных сил, предприятиям розничной торговли и другим группам потребителей) по договору",56.29.1,2024,
Деятельность столовых и буфетов при предприятиях и учреждениях,56.29.2,2024,173.647
"Деятельность по доставке продуктов питания учебным, спортивным и прочим учреждениям (по льготным ценам)",56.29.3,2024,
"Деятельность социальных столовых, буфетов или кафетериев (в офисах, больницах, школах, институтах и пр.) на основе льготных цен на питание",56.29.4,2024,
ДЕЯТЕЛЬНОСТЬ В ОБЛАСТИ ИНФОРМАЦИИ И СВЯЗИ,J,2024,11377.0152
Деятельность издательская,58,2024,3.1733
"Издание книг, периодических публикаций и другие виды издательской деятельности",58.1,2024,3.1733
Издание книг,58.11,2024,
"Издание книг, брошюр, рекламных буклетов и аналогичных изданий, включая издание словарей и энциклопедий, в том числе для слепых, в печатном виде",58.11.1,2024,
"Издание книг, брошюр, рекламных буклетов и аналогичных изданий, включая издание словарей и энциклопедий на электронных носителях",58.11.2,2024,
Издание адресных справочников и списков адресатов,58.12,2024,
Издание справочников в печатном виде,58.12.1,2024,
Издание газет,58.13,2024,1.3473
Издание газет в печатном виде,58.13.1,2024,0.4363
Издание газет на электронных носителях,58.13.2,2024,
Издание журналов и периодических изданий,58.14,2024,
Издание журналов и периодических публикаций в печатном виде,58.14.1,2024,
Издание журналов и периодических публикаций на электронных носителях,58.14.2,2024,
Виды издательской деятельности прочие,58.19,2024,
Издание программного обеспечения,58.2,2024,
Издание прочих программных продуктов,58.29,2024,
"Производство кинофильмов, видеофильмов и телевизионных программ, издание звукозаписей и нот",59,2024,4.4283
"Производство кинофильмов, видеофильмов и телевизионных программ",59.1,2024,4.4283
"Производство кинофильмов, видеофильмов и телевизионных программ",59.11,2024,3.7748
Производство анимационных фильмов,59.11.1,2024,
"Производство прочих кинофильмов, видеофильмов и телевизионных программ",59.11.9,2024,
"Деятельность по распространению кинофильмов, видеофильмов и телевизионных программ",59.13,2024,
Деятельность в области демонстрации кинофильмов,59.14,2024,0.5935
Деятельность в области звукозаписи и издания музыкальных произведений,59.20,2024,
"Издание аудиовизуальных произведений на магнитных, электронных и цифровых носителях",59.20.1,2024,
Деятельность в области телевизионного и радиовещания,60,2024,23.9415
Деятельность в области радиовещания,60.10,2024,14.1272
Деятельность в области телевизионного вещания,60.20,2024,9.8143
Деятельность в сфере телекоммуникаций,61,2024,1491.5875
Деятельность в области связи на базе проводных технологий,61.10,2024,536.825
Деятельность по предоставлению услуг телефонной связи,61.10.1,2024,
Деятельность по предоставлению услуг по передаче данных для целей передачи голосовой информации (IР-телефония),61.10.2,2024,
Деятельность по предоставлению услуг по передаче данных и услуг доступа к информационно-коммуникационной сети Интернет,61.10.3,2024,
Деятельность в области документальной электросвязи,61.10.4,2024,
Деятельность по трансляции телерадиоканалов по сетям кабельного телерадиовещания,61.10.5,2024,
Деятельность в области связи на базе проводных технологий прочая,61.10.9,2024,25.425
Деятельность в области связи на базе беспроводных технологий,61.20,2024,
Деятельность по предоставлению услуг подвижной связи для целей передачи голоса,61.20.1,2024,
Деятельность по предоставлению услуг подвижной связи для целей передачи данных,61.20.2,2024,
Деятельность по предоставлению услуг подвижной связи для доступа к информационно-коммуникационной сети Интернет,61.20.3,2024,
Деятельность по предоставлению услуг связи для целей открытого эфирного вещания,61.20.4,2024,
Деятельность по предоставлению услуг цифрового телерадиовещания на базе беспроводных технологий,61.20.5,2024,
Деятельность в области спутниковой связи,61.30,2024,
Деятельность по предоставлению услуг доступа к информационно-коммуникационной сети Интернет оператором спутниковой связи,61.30.1,2024,
Деятельность в области телекоммуникаций прочая,61.90,2024,
"Разработка компьютерного программного обеспечения, консультационные услуги в данной области и другие сопутствующие услуги",62.0,2024,4497.928
Разработка компьютерного программного обеспечения,62.01,2024,3234.4081
Деятельность консультативная и работы в области компьютерных технологий,62.02,2024,291.7861
"Деятельность по планированию, проектированию компьютерных систем",62.02.1,2024,
Деятельность по обследованию и экспертизе компьютерных систем,62.02.2,2024,
Деятельность по обучению пользователей,62.02.3,2024,
Деятельность по подготовке компьютерных систем к эксплуатации,62.02.4,2024,
Деятельность консультативная в области компьютерных технологий прочая,62.02.9,2024,274.4748
Деятельность по управлению компьютерным оборудованием,62.03,2024,65.007
Деятельность по управлению компьютерными системами,62.03.1,2024,
Деятельность по управлению компьютерными системами непосредственно,62.03.11,2024,
Деятельность по управлению компьютерными системами дистанционно,62.03.12,2024,
Деятельность по сопровождению компьютерных систем,62.03.13,2024,
"Деятельность по управлению компьютерным оборудованием прочая, не включенная в другие группировки",62.03.19,2024,
"Деятельность, связанная с использованием вычислительной техники и информационных технологий, прочая",62.09,2024,906.7268
Деятельность в области информационных технологий,63,2024,5355.9566
"Деятельность по обработке данных, предоставление услуг по размещению информации, деятельность порталов в информационно-коммуникационной сети Интернет",63.1,2024,5352.526599999999
"Деятельность по обработке данных, предоставление услуг по размещению информации и связанная с этим деятельность",63.11,2024,5352.526599999999
Деятельность по созданию и использованию баз данных и информационных ресурсов,63.11.1,2024,5156.6234
Деятельность по предоставлению услуг по размещению информации прочая,63.11.9,2024,
Деятельность web-порталов,63.12,2024,
Деятельность сетевых изданий,63.12.1,2024,
Деятельность в области информационных услуг прочая,63.9,2024,
Деятельность информационных агентств,63.91,2024,
"Деятельность информационных служб прочая, не включенная в другие группировки",63.99,2024,
Деятельность по оказанию консультационных и информационных услуг,63.99.1,2024,
Деятельность по оказанию компьютерных информационных услуг телефонной связи,63.99.11,2024,
Деятельность по оказанию услуг службами информационного поиска по договору или на платной основе,63.99.12,2024,
"Деятельность по оказанию услуг по составлению обзоров новостей, услуг по подборке печатных изданий и подобной информации",63.99.2,2024,
ДЕЯТЕЛЬНОСТЬ ФИНАНСОВАЯ И СТРАХОВАЯ,K,2024,56828.0861
"Деятельность по предоставлению финансовых услуг, кроме услуг по страхованию и пенсионному обеспечению",64,2024,56250.6088
Денежное посредничество,64.1,2024,55972.2886
Деятельность Центрального банка Российской Федерации (Банка России),64.11,2024,
Денежное посредничество прочее,64.19,2024,55972.2886
Деятельность холдинговых компаний,64.20,2024,192.0254
Деятельность инвестиционных фондов и аналогичных финансовых организаций,64.30,2024,
"Деятельность по предоставлению прочих финансовых услуг, кроме услуг по страхованию и пенсионному обеспечению",64.9,2024,86.29480000000001
Деятельность по финансовой аренде (лизингу/сублизингу),64.91,2024,76.43130000000001
Деятельность по финансовой аренде (лизингу/сублизингу) племенных животных,64.91.1,2024,
"Деятельность по финансовой аренде (лизингу/сублизингу) в прочих областях, кроме племенных животных",64.91.2,2024,
Предоставление займов и прочих видов кредита,64.92,2024,1.5079
Деятельность по предоставлению потребительского кредита,64.92.1,2024,
Деятельность по предоставлению займов промышленности,64.92.2,2024,
Деятельность по предоставлению денежных ссуд под залог недвижимого имущества,64.92.3,2024,
"Деятельность по предоставлению кредитов на покупку домов специализированными учреждениями, не принимающими депозиты",64.92.4,2024,
Деятельность по предоставлению ломбардами краткосрочных займов под залог движимого имущества,64.92.6,2024,
Деятельность микрофинансовая,64.92.7,2024,0.5079
"Предоставление прочих финансовых услуг, кроме услуг по страхованию и пенсионному обеспечению, не включенных в другие группировки",64.99,2024,8.3556
Вложения в ценные бумаги и деятельность дилерская,64.99.1,2024,
Вложения в ценные бумаги,64.99.11,2024,
Деятельность дилерская,64.99.12,2024,
Деятельность по сбору пожертвований и по формированию целевого капитала некоммерческих организаций,64.99.2,2024,
Деятельность по сбору благотворительных пожертвований в денежной форме,64.99.21,2024,
"Капиталовложения в уставные капиталы, венчурное инвестирование, в том числе посредством инвестиционных компаний",64.99.3,2024,
"Заключение свопов, опционов и других срочных сделок",64.99.4,2024,
Предоставление факторинговых услуг,64.99.5,2024,
Деятельность по финансовой взаимопомощи,64.99.6,2024,
"Деятельность специализированного депозитария инвестиционных фондов, паевых инвестиционных фондов, негосударственных пенсионных фондов",64.99.7,2024,
"Деятельность ипотечных агентов, управляющих ипотечным покрытием; деятельность специализированных депозитариев ипотечного покрытия",64.99.8,2024,
Деятельность жилищных накопительных кооперативов,64.99.9,2024,
"Страхование, перестрахование, деятельность негосударственных пенсионных фондов, кроме обязательного социального обеспечения",65,2024,549.9567
Страхование,65.1,2024,549.9567
Страхование жизни,65.11,2024,
"Страхование, кроме страхования жизни",65.12,2024,549.9567
Страхование медицинское,65.12.1,2024,17.156
Страхование имущества,65.12.2,2024,
Страхование гражданской ответственности,65.12.3,2024,
Страхование от несчастных случаев и болезней,65.12.4,2024,
Страхование рисков,65.12.5,2024,
"Прочие виды страхования, не включенные в другие группировки",65.12.9,2024,
Перестрахование,65.20,2024,
Деятельность негосударственных пенсионных фондов,65.30,2024,
Деятельность вспомогательная в сфере финансовых услуг и страхования,66,2024,27.5206
"Деятельность вспомогательная в сфере финансовых услуг, кроме страхования и пенсионного обеспечения",66.1,2024,26.5306
Управление финансовыми рынками,66.11,2024,
Деятельность по организации торговли на финансовых рынках,66.11.1,2024,
"Управление и контроль за деятельностью фондовых, товарных, валютных и валютнофондовых бирж",66.11.2,2024,
Деятельность регистраторов по ведению реестра владельцев ценных бумаг,66.11.3,2024,
Деятельность по обеспечению эффективности функционирования финансовых рынков,66.11.4,2024,
Деятельность по определению взаимных обязательств (клиринг),66.11.5,2024,
Деятельность брокерская по сделкам с ценными бумагами и товарами,66.12,2024,25.1915
"Деятельность биржевых посредников и биржевых брокеров, совершающих товарные фьючерсные и опционные сделки в биржевой торговле",66.12.1,2024,
Деятельность по управлению ценными бумагами,66.12.2,2024,
Деятельность эмиссионная,66.12.3,2024,
"Деятельность вспомогательная прочая в сфере финансовых услуг, кроме страхования и пенсионного обеспечения",66.19,2024,
Деятельность по предоставлению брокерских услуг по ипотечным операциям,66.19.1,2024,
Деятельность по предоставлению консультационных услуг по вопросам финансового посредничества,66.19.4,2024,
"Предоставление услуг по хранению ценностей, депозитарная деятельность",66.19.5,2024,
Деятельность по приему платежей физических лиц платежными агентами,66.19.6,2024,
Деятельность операторов по приему платежей физических лиц,66.19.61,2024,
Деятельность платежных субагентов по приему платежей физических лиц,66.19.62,2024,
Рейтинговая деятельность,66.19.7,2024,
Деятельность вспомогательная в сфере страхования и пенсионного обеспечения,66.2,2024,
Оценка рисков и ущерба,66.21,2024,
Деятельность страховых агентов и брокеров,66.22,2024,
Деятельность вспомогательная прочая в сфере страхования и пенсионного обеспечения,66.29,2024,
Деятельность распорядителей спасательными работами,66.29.2,2024,
"Деятельность вспомогательная прочая в сфере страхования, кроме обязательного социального страхования",66.29.9,2024,
Деятельность по управлению фондами,66.30,2024,
Управление инвестиционными фондами,66.30.1,2024,
Управление на основе индивидуальных договоров доверительного управления активами,66.30.6,2024,
Другие виды деятельности по управлению активами,66.30.9,2024,
ДЕЯТЕЛЬНОСТЬ ПО ОПЕРАЦИЯМ С НЕДВИЖИМЫМ ИМУЩЕСТВОМ,L,2024,52.0961
Операции с недвижимым имуществом,68,2024,52.0961
Покупка и продажа собственного недвижимого имущества,68.10,2024,2.9865
Подготовка к продаже собственного недвижимого имущества,68.10.1,2024,
Подготовка к продаже собственного жилого недвижимого имущества,68.10.11,2024,
Подготовка к продаже собственного нежилого недвижимого имущества,68.10.12,2024,
Покупка и продажа собственного недвижимого имущества,68.10.2,2024,
Покупка и продажа собственного жилого недвижимого имущества,68.10.21,2024,
Покупка и продажа собственных нежилых зданий и помещений,68.10.22,2024,
Покупка и продажа земельных участков,68.10.23,2024,
Аренда и управление собственным или арендованным недвижимым имуществом,68.20,2024,16.3213
Аренда и управление собственным или арендованным жилым недвижимым имуществом,68.20.1,2024,0.5202
Аренда и управление собственным или арендованным нежилым недвижимым имуществом,68.20.2,2024,14.6741
Аренда и управление собственным или арендованным торговым объектом недвижимого имущества,68.20.21,2024,11.4372
Аренда и управление собственным или арендованным прочим нежилым недвижимым имуществом,68.20.29,2024,0.7322000000000001
Операции с недвижимым имуществом за вознаграждение или на договорной основе,68.3,2024,32.7883
Деятельность агентств недвижимости за вознаграждение или на договорной основе,68.31,2024,
Предоставление посреднических услуг при купле-продаже недвижимого имущества за вознаграждение или на договорной основе,68.31.1,2024,
Предоставление посреднических услуг при купле-продаже жилого недвижимого имущества за вознаграждение или на договорной основе,68.31.11,2024,
Предоставление посреднических услуг при купле-продаже нежилого недвижимого имущества за вознаграждение или на договорной основе,68.31.12,2024,
Предоставление посреднических услуг по аренде недвижимого имущества за вознаграждение или на договорной основе,68.31.2,2024,
Предоставление посреднических услуг по аренде жилого недвижимого имущества за вознаграждение или на договорной основе,68.31.21,2024,
Предоставление посреднических услуг по аренде нежилого недвижимого имущества за вознаграждение или на договорной основе,68.31.22,2024,
Предоставление консультационных услуг при купле-продаже недвижимого имущества за вознаграждение или на договорной основе,68.31.3,2024,
Предоставление консультационных услуг при купле-продаже жилого недвижимого имущества за вознаграждение или на договорной основе,68.31.31,2024,
Предоставление консультационных услуг по аренде недвижимого имущества за вознаграждение или на договорной основе,68.31.4,2024,
Предоставление консультационных услуг по аренде жилого недвижимого имущества за вознаграждение или на договорной основе,68.31.41,2024,
Предоставление консультационных услуг по аренде нежилого недвижимого имущества за вознаграждение или на договорной основе,68.31.42,2024,
Предоставление посреднических услуг при оценке недвижимого имущества за вознаграждение или на договорной основе,68.31.5,2024,
Предоставление посреднических услуг при оценке жилого недвижимого имущества за вознаграждение или на договорной основе,68.31.51,2024,
Управление недвижимым имуществом за вознаграждение или на договорной основе,68.32,2024,32.6883
Управление эксплуатацией жилого фонда за вознаграждение или на договорной основе,68.32.1,2024,7.9128
Управление эксплуатацией нежилого фонда за вознаграждение или на договорной основе,68.32.2,2024,18.7725
Деятельность по технической инвентаризации недвижимого имущества,68.32.3,2024,
"ДЕЯТЕЛЬНОСТЬ ПРОФЕССИОНАЛЬНАЯ, НАУЧНАЯ И ТЕХНИЧЕСКАЯ",M,2024,2058.5843
Деятельность в области права и бухгалтерского учета,69,2024,54.7786
Деятельность в области права,69.10,2024,8.4419
"Деятельность по оказанию услуг в области бухгалтерского учета, по проведению финансового аудита, по налоговому консультированию",69.20,2024,46.3367
Деятельность по проведению финансового аудита,69.20.1,2024,
Деятельность по оказанию услуг в области бухгалтерского учета,69.20.2,2024,43.8715
Деятельность области налогового консультирования,69.20.3,2024,
Деятельность головных офисов; консультирование по вопросам управления,70,2024,534.6637
Деятельность головных офисов,70.10,2024,446.826
Деятельность по управлению финансово-промышленными группами,70.10.1,2024,
Деятельность по управлению холдинг-компаниями,70.10.2,2024,
Консультирование по вопросам управления,70.2,2024,87.8377
Деятельность в сфере связей с общественностью,70.21,2024,
Консультирование по вопросам коммерческой деятельности и управления,70.22,2024,87.8297
"Деятельность в области архитектуры и инженерно-технического проектирования; технических испытаний, исследований и анализа",71,2024,302.2266
"Деятельность в области архитектуры, инженерных изысканий и предоставление технических консультаций в этих областях",71.1,2024,220.2269
Деятельность в области архитектуры,71.11,2024,12.068700000000002
"Деятельность в области архитектуры, связанная с созданием архитектурного объекта",71.11.1,2024,3.2442
Деятельность по территориальному планированию и планировке территории,71.11.2,2024,
Деятельность в области ландшафтной архитектуры и консультативные услуги в области архитектуры,71.11.3,2024,
"Деятельность в области инженерных изысканий, инженерно-технического проектирования, управления проектами строительства, выполнения строительного контроля и авторского надзора, предоставление технических консультаций в этих областях",71.12,2024,208.1582
"Деятельность, связанная с инженерно-техническим проектированием, управлением проектами строительства, выполнением строительного контроля и авторского надзора",71.12.1,2024,4.7518
"Разработка проектов тепло-, водо-, газоснабжения",71.12.11,2024,
"Разработка проектов промышленных процессов и производств, относящихся к электротехнике, электронной технике, горному делу, химической технологии, машиностроению, а также в области промышленного строительства, системотехники и техники безопасности",71.12.12,2024,
"Разработка проектов по кондиционированию воздуха, холодильной технике, санитарной технике и мониторингу загрязнения окружающей среды, строительной акустике",71.12.13,2024,
Разработка инженерно-технических проектов и контроль при строительстве и модернизации объектов использования атомной энергии,71.12.14,2024,
Инженерные изыскания в строительстве,71.12.15,2024,
"Деятельность заказчика-застройщика, генерального подрядчика",71.12.2,2024,
"Работы геолого-разведочные, геофизические и геохимические в области изучения недр и воспроизводства минерально-сырьевой базы",71.12.3,2024,
Деятельность геодезическая и картографическая,71.12.4,2024,
"Деятельность геодезическая, кроме создания геодезической, нивелирной и гравиметрической сетей",71.12.41,2024,
"Деятельность картографическая, кроме создания топографических карт и планов",71.12.42,2024,
Деятельность гидрографическая изыскательская,71.12.43,2024,
Деятельность по созданию топографических карт и планов,71.12.44,2024,
"Создание геодезической, нивелирной, гравиметрической сетей",71.12.45,2024,
"Деятельность в области гидрометеорологии и смежных с ней областях, мониторинга состояния окружающей среды, ее загрязнения",71.12.5,2024,138.2166
Деятельность наблюдательной гидрометеорологической сети,71.12.51,2024,
Деятельность по мониторингу загрязнения окружающей среды для физических и юридических лиц,71.12.53,2024,0.8995
"Работы полевые и изыскания в области гидрометеорологии и смежных с ней областях, экспедиционные обследования объектов окружающей среды с целью оценки уровней загрязнения",71.12.54,2024,
Деятельность по обработке и предоставлению гидрометеорологической информации органам государственной власти и населению,71.12.55,2024,
Обеспечение гидрометеорологическое деятельности физических и юридических лиц,71.12.56,2024,
"Деятельность, связанная с активными воздействиями на метеорологические и геофизические процессы и явления",71.12.57,2024,
"Деятельность в области технического регулирования, стандартизации, метрологии, аккредитации, каталогизации продукции",71.12.6,2024,43.0874
Деятельность в области технического регулирования и стандартизации,71.12.61,2024,
Деятельность в области метрологии,71.12.62,2024,
Деятельность в области аккредитации,71.12.63,2024,
Государственный контроль (надзор) за соблюдением требований технических регламентов,71.12.64,2024,
Кадастровая деятельность,71.12.7,2024,2.859
Деятельность по предоставлению инженерно-технических консультаций в сфере энергосбережения и повышения энергетической эффективности использования энергетических ресурсов,71.12.8,2024,
Землеустройство,71.12.9,2024,
"Технические испытания, исследования, анализ и сертификация",71.20,2024,81.99969999999999
"Испытания и анализ состава и чистоты материалов и веществ: анализ химических и биологических свойств материалов и веществ; испытания и анализ в области гигиены питания, включая ветеринарный контроль и контроль за производством продуктов питания",71.20.1,2024,
Судебно-экспертная деятельность,71.20.2,2024,
Испытания и анализ физико-механических свойств материалов и веществ,71.20.3,2024,
"Испытания, исследования и анализ целостных механических и электрических систем, энергетическое обследование",71.20.4,2024,
Технический осмотр автотранспортных средств,71.20.5,2024,
"Экспертиза проектной документации, запасов полезных ископаемых и подземных вод, геологической информации о предоставляемых в пользование участках недр, результатов инженерных изысканий",71.20.6,2024,
"Экспертиза проектной документации, запасов полезных ископаемых и подземных вод, геологической информации о предоставляемых в пользование участках недр, результатов инженерных изысканий государственная",71.20.61,2024,
Экспертиза проектной документации и результатов инженерных изысканий негосударственная,71.20.62,2024,
Деятельность по оценке условий труда,71.20.7,2024,
"Сертификация продукции, услуг и организаций",71.20.8,2024,
"Деятельность по техническому контролю, испытаниям и анализу прочая",71.20.9,2024,75.6322
Научные исследования и разработки,72,2024,1008.9493
Научные исследования и разработки в области естественных и технических наук,72.1,2024,1002.7174
Научные исследования и разработки в области биотехнологии,72.11,2024,
Научные исследования и разработки в области естественных и технических наук прочие,72.19,2024,1002.7174
"Научные исследования и разработки в области естественных и технических наук прочие, не включенные в другие группировки",72.19.9,2024,
Научные исследования и разработки в области общественных и гуманитарных наук,72.20,2024,6.2319
Научные исследования и разработки в области общественных наук,72.20.1,2024,6.0989
Научные исследования и разработки в области общественных наук прочие,72.20.19,2024,
Научные исследования и разработки в области гуманитарных наук,72.20.2,2024,
Деятельность рекламная и исследование конъюнктуры рынка,73,2024,155.8583
Деятельность рекламная,73.1,2024,151.59
Деятельность рекламных агентств,73.11,2024,151.59
Представление в средствах массовой информации,73.12,2024,
Исследование конъюнктуры рынка и изучение общественного мнения,73.20,2024,4.2683
Исследование конъюнктуры рынка,73.20.1,2024,
Деятельность по изучению общественного мнения,73.20.2,2024,
Деятельность профессиональная научная и техническая прочая,74,2024,
Деятельность специализированная в области дизайна,74.10,2024,
Деятельность в области фотографии,74.20,2024,
Деятельность по письменному и устному переводу,74.30,2024,
"Деятельность профессиональная, научная и техническая прочая, не включенная в другие группировки",74.90,2024,
Деятельность иная в области защиты информации,74.90.09.АГ,2024,
"Предоставление посреднических услуг по организации покупки и продажи мелких или средних коммерческих предприятий, включая профессиональную практику",74.90.1,2024,
"Деятельность, направленная на установление рыночной или иной стоимости (оценочная деятельность), кроме оценки, связанной с недвижимым имуществом или страхованием",74.90.2,2024,
"Деятельность, направленная на установление рыночной или иной стоимости отдельных материальных объектов (вещей)",74.90.21,2024,
"Деятельность, направленная на установление рыночной или иной стоимости совокупности вещей, составляющих имущество лица, в том числе имущество определенного вида (движимое или недвижимое, в том числе предприятия)",74.90.22,2024,
"Деятельность, направленная на установление рыночной или иной стоимости работ, услуг, информации",74.90.25,2024,
Предоставление консультационных услуг по вопросам безопасности,74.90.3,2024,
Предоставление услуг по проведению оценки уязвимости объектов транспортной инфраструктуры и транспортных средств,74.90.31,2024,
"Предоставление услуг по проведению оценки уязвимости объектов промышленного назначения, связи, здравоохранения и т. д.",74.90.32,2024,
Предоставление консультационных услуг в области сельского хозяйства,74.90.4,2024,
Предоставление консультационных услуг в области экологии,74.90.5,2024,
"Предоставление прочих технических консультаций, деятельность консультантов, кроме архитекторов, проектировщиков и консультантов по управлению",74.90.6,2024,
"Деятельность агентств и агентов, действующих от имени физических лиц, и обычно связанную с заключением контрактов (договоров) на участие в кинофильмах, театральных постановках и других развлекательных или спортивных мероприятиях, а также с предложением книг, пьес, предметов изобразительного искусства, фотографий и аналогичных предметов издателям, продюсерам",74.90.8,2024,
Деятельность в области защиты информации и обеспечения безопасности критической информационной инфраструктуры,74.90.9,2024,
Деятельность ветеринарная,75.00,2024,2.1078
Деятельность ветеринарная для сельскохозяйственных животных,75.00.1,2024,0.7258
Деятельность ветеринарная для домашних животных,75.00.2,2024,0.3405
ДЕЯТЕЛЬНОСТЬ АДМИНИСТРАТИВНАЯ И СОПУТСТВУЮЩИЕ ДОПОЛНИТЕЛЬНЫЕ УСЛУГИ,N,2024,557.8692
Аренда и лизинг,77,2024,
Аренда и лизинг автотранспортных средств,77.1,2024,
Аренда и лизинг легковых автомобилей и легких автотранспортных средств,77.11,2024,
Аренда и лизинг грузовых транспортных средств,77.12,2024,
Прокат и аренда предметов личного пользования и хозяйственно-бытового назначения,77.2,2024,
Прокат и аренда товаров для отдыха и спортивных товаров,77.21,2024,
Прокат и аренда прочих предметов личного пользования и хозяйственно-бытового назначения,77.29,2024,
"Прокат прочих бытовых изделий и предметов личного пользования для домашних хозяйств, предприятий и организаций, не включенных в другие группировки",77.29.9,2024,
Аренда и лизинг прочих машин и оборудования и материальных средств,77.3,2024,
Аренда и лизинг сельскохозяйственных машин и оборудования,77.31,2024,
Аренда и лизинг строительных машин и оборудования,77.32,2024,
"Аренда и лизинг офисных машин и оборудования, включая вычислительную технику",77.33,2024,
Аренда и лизинг офисных машин и оборудования,77.33.1,2024,
Аренда и лизинг вычислительных машин и оборудования,77.33.2,2024,
Аренда и лизинг водных транспортных средств и оборудования,77.34,2024,
Аренда и лизинг воздушных судов и авиационного оборудования,77.35,2024,
"Аренда и лизинг прочих видов транспорта, оборудования и материальных средств, не включенных в другие группировки",77.39,2024,
Аренда и лизинг прочих сухопутных транспортных средств и оборудования,77.39.1,2024,
Аренда и лизинг прочего автомобильного транспорта и оборудования,77.39.11,2024,
Аренда и лизинг железнодорожного транспорта и оборудования,77.39.12,2024,
"Аренда и лизинг прочих машин и оборудования, не включенных в другие группировки",77.39.2,2024,
"Аренда и лизинг двигателей, турбин и станков",77.39.21,2024,
Аренда и лизинг горного и нефтепромыслового оборудования,77.39.22,2024,
Аренда и лизинг подъемно-транспортного оборудования,77.39.23,2024,
Аренда и лизинг торгового оборудования,77.39.27,2024,
Аренда и лизинг прочих машин и оборудования научного и промышленного назначения,77.39.29,2024,
"Аренда интеллектуальной собственности и подобной продукции, кроме авторских прав",77.40,2024,
Деятельность по трудоустройству и подбору персонала,78,2024,17.346400000000003
Деятельность агентств по подбору персонала,78.10,2024,2.548
Деятельность агентств по временному трудоустройству,78.20,2024,14.5041
Деятельность по подбору персонала прочая,78.30,2024,
"Деятельность туристических агентств и прочих организаций, предоставляющих услуги в сфере туризма",79,2024,
Деятельность туристических агентств и туроператоров,79.1,2024,
Деятельность туристических агентств,79.11,2024,
Деятельность туроператоров,79.12,2024,
Услуги по бронированию прочие и сопутствующая деятельность,79.90,2024,
Деятельность по предоставлению туристических информационных услуг,79.90.1,2024,
Деятельность по предоставлению экскурсионных туристических услуг,79.90.2,2024,
Деятельность туристических агентств по предоставлению экскурсионных туристических услуг,79.90.21,2024,
"Деятельность по предоставлению туристических услуг, связанных с бронированием",79.90.3,2024,
"Деятельность по оказанию прочих услуг, связанных со службой предварительных заказов",79.90.32,2024,
Деятельность по обеспечению безопасности и проведению расследований,80,2024,3.8518
"Деятельность охранных служб, в том числе частных",80.10,2024,3.8518
Деятельность ведомственной охраны,80.10.1,2024,
Деятельность частных охранных организаций,80.10.2,2024,3.8518
Деятельность охранных служб прочих,80.10.9,2024,
Деятельность систем обеспечения безопасности,80.20,2024,
Деятельность по расследованию,80.30,2024,
Деятельность по обслуживанию зданий и территорий,81,2024,107.2806
Деятельность по комплексному обслуживанию помещений,81.10,2024,
Деятельность по чистке и уборке,81.2,2024,106.1223
Деятельность по общей уборке зданий,81.21,2024,
Деятельность по уборке прочих типов зданий и помещений,81.21.9,2024,
Деятельность по чистке и уборке жилых зданий и нежилых помещений прочая,81.22,2024,103.0644
Деятельность по чистке и уборке прочая,81.29,2024,3.0579
"Дезинфекция, дезинсекция, дератизация зданий, промышленного оборудования",81.29.1,2024,
Подметание улиц и уборка снега,81.29.2,2024,
"Деятельность по чистке и уборке прочая, не включенная в другие группировки",81.29.9,2024,2.4613
Предоставление услуг по благоустройству ландшафта,81.3,2024,1.1583
Деятельность по благоустройству ландшафта,81.30,2024,1.1583
"Деятельность административно-хозяйственная, вспомогательная деятельность по обеспечению функционирования организации, деятельность по предоставлению прочих вспомогательных услуг для бизнеса",82,2024,418.1542
Деятельность административно-хозяйственная и вспомогательная деятельность по обеспечению функционирования организации,82.1,2024,2.3714
Деятельность административно-хозяйственная комплексная по обеспечению работы организации,82.11,2024,2.3714
Деятельность по фотокопированию и подготовке документов и прочая специализированная вспомогательная деятельность по обеспечению деятельности офиса,82.19,2024,
Деятельность центров обработки телефонных вызовов,82.20,2024,291.9252
Деятельность по организации конференций и выставок,82.30,2024,
Деятельность по предоставлению выставочных/ярмарочных услуг,82.30.3,2024,
"Деятельность по предоставлению вспомогательных услуг для бизнеса, не включенная в другие группировки",82.9,2024,122.8398
Деятельность агентств по сбору платежей и бюро кредитной информации,82.91,2024,
Деятельность по упаковыванию товаров,82.92,2024,
"Деятельность по предоставлению прочих вспомогательных услуг для бизнеса, не включенная в другие группировки",82.99,2024,24.5728
ГОСУДАРСТВЕННОЕ УПРАВЛЕНИЕ И ОБЕСПЕЧЕНИЕ ВОЕННОЙ БЕЗОПАСНОСТИ; СОЦИАЛЬНОЕ ОБЕСПЕЧЕНИЕ,O,2024,6006.4986
"Деятельность органов государственного управления по обеспечению военной безопасности, обязательному социальному обеспечению",84,2024,6006.4986
"Предоставление государственных услуг обществу, не включенные в другие группировки",84.02.АГ,2024,39.2353
Деятельность органов государственного управления и местного самоуправления по вопросам общего и социально-экономического характера,84.1,2024,5882.379099999999
Деятельность органов государственного управления и местного самоуправления по вопросам общего характера,84.11,2024,5879.589400000001
"Деятельность федеральных органов государственной власти по управлению вопросами общего характера, кроме судебной власти",84.11.1,2024,200.875
"Деятельность федеральных органов государственной власти, кроме полномочных представителей Президента Российской Федерации и территориальных органов федеральных органов исполнительной власти",84.11.11,2024,186.854
"Деятельность полномочных представителей Президента Российской Федерации в регионах Российской Федерации и территориальных органов федеральных органов исполнительной власти в субъектах Российской Федерации (республиках, краях, областях)",84.11.12,2024,8.9543
Деятельность территориальных органов федеральных органов исполнительной власти в городах и районах субъектов Российской Федерации,84.11.13,2024,4.8167
"Деятельность органов государственной власти по управлению вопросами общего характера, кроме судебной власти, субъектов Российской Федерации",84.11.2,2024,677.152
"Деятельность органов государственной власти субъектов Российской Федерации (республик, краев, областей), кроме судебной власти, представительств исполнительных органов государственной власти субъектов Российской Федерации при Президенте Российской Федерации",84.11.21,2024,609.517
Деятельность органов государственной власти субъектов Российской Федерации по осуществлению своих полномочий в городах и районах,84.11.22,2024,38.6505
Деятельность органов государственной власти субъектов Российской Федерации по осуществлению своих полномочий в сельских населенных пунктах,84.11.23,2024,
Деятельность органов местного самоуправления по управлению вопросами общего характера,84.11.3,2024,175.7395
Деятельность органов местного самоуправления сельских поселений,84.11.31,2024,60.0852
Деятельность органов местного самоуправления городских поселений,84.11.32,2024,9.0895
Деятельность органов местного самоуправления муниципальных районов,84.11.33,2024,50.926300000000005
Деятельность органов местного самоуправления муниципальных округов,84.11.34,2024,7.1896
Деятельность органов местного самоуправления городских округов,84.11.35,2024,43.0795
Деятельность органов местного самоуправления городских округов с внутригородским делением,84.11.36,2024,
Деятельность органов местного самоуправления внутригородских районов,84.11.37,2024,
Деятельность органов местного самоуправления внутригородских территорий городов федерального значения,84.11.38,2024,1.8323
Управление финансовой деятельностью и деятельностью в сфере налогообложения,84.11.4,2024,4708.7195
Управление деятельностью в области прогнозирования и планирования,84.11.5,2024,
Управление деятельностью в области фундаментальных исследований,84.11.6,2024,
Управление деятельностью в области статистики,84.11.7,2024,
"Управление имуществом, находящимся в государственной собственности",84.11.8,2024,62.413
Управление деятельностью в области антимонопольного контроля,84.11.9,2024,
"Государственное регулирование деятельности в области здравоохранения, образования, социально-культурного развития и других социальных услуг, кроме социального обеспечения",84.12,2024,2.4502
Регулирование и содействие эффективному ведению экономической деятельности предприятий,84.13,2024,0.3395
Предоставление государственных услуг обществу,84.2,2024,44.2303
Деятельность в области юстиции и правосудия,84.23,2024,4.995
Деятельность федеральных судов,84.23.1,2024,3.5634
Деятельность Конституционного суда Российской Федерации,84.23.11,2024,
Деятельность Верховного суда Российской Федерации,84.23.12,2024,
"Деятельность кассационных судов общей юрисдикции, апелляционных судов общей юрисдикции, верховных судов республик, краевых, областных судов, судов городов федерального значения, суда автономной области, судов автономных округов",84.23.13,2024,
Деятельность районных судов,84.23.14,2024,
Деятельность военных судов,84.23.15,2024,
Деятельность федеральных арбитражных судов округов,84.23.17,2024,
"Деятельность арбитражных апелляционных судов, арбитражных судов субъектов Российской Федерации",84.23.18,2024,
Деятельность судов субъектов Российской Федерации,84.23.2,2024,
Деятельность мировых судей,84.23.22,2024,
Деятельность органов прокуратуры Российской Федерации,84.23.3,2024,
Деятельность Генеральной прокуратуры Российской Федерации,84.23.31,2024,
Деятельность прокуратур субъектов Российской Федерации,84.23.32,2024,
Деятельность прокуратур городов и районов,84.23.33,2024,
Деятельность Следственного комитета Российской Федерации,84.23.5,2024,
"Деятельность Главного военного следственного управления, главных следственных управлений и следственных управлений Следственного комитета Российской Федерации по субъектам Российской Федерации (в том числе подразделений указанных управлений по административным округам) и приравненных к ним специализированных (в том числе военных) следственных управлений и следственных отделов Следственного комитета Российской Федерации",84.23.52,2024,
Деятельность по обеспечению безопасности в чрезвычайных ситуациях; деятельность по обеспечению безопасности в области использования атомной энергии,84.25,2024,
Деятельность по обеспечению безопасности в чрезвычайных ситуациях прочая,84.25.9,2024,
Деятельность в области обязательного социального обеспечения,84.30,2024,79.8892
Образование высшее,85.22,2024,2774.7364
"Высшее образование, подготовка кадров высшей квалификации",85.22.01.АГ,2024,2785.7971
Образование высшее - бакалавриат,85.22.1,2024,55.3598
Образование высшее - специалитет,85.22.2,2024,
Образование высшее - магистратура,85.22.3,2024,
Подготовка кадров высшей квалификации,85.23,2024,11.0607
"Деятельность в сфере высшего образования, подготовки кадров высшей квалификации, здравоохранения и социальных услуг, культуры, спорта, организации досуга и развлечений",85.91.01.АГ,2024,3330.0279
ДЕЯТЕЛЬНОСТЬ В ОБЛАСТИ ЗДРАВООХРАНЕНИЯ И СОЦИАЛЬНЫХ УСЛУГ,Q,2024,340.778
Деятельность в области здравоохранения,86,2024,257.482
Деятельность больничных организаций,86.10,2024,199.6915
Медицинская и стоматологическая практика,86.2,2024,16.9458
Общая врачебная практика,86.21,2024,11.7964
Специальная врачебная практика,86.22,2024,
Специальная врачебная практика прочая,86.22.9,2024,
Стоматологическая практика,86.23,2024,5.1494
Деятельность в области медицины прочая,86.90,2024,40.8447
Деятельность организаций санитарно-эпидемиологической службы,86.90.1,2024,1.0866
Деятельность организаций судебно-медицинской экспертизы,86.90.2,2024,
Деятельность санаторно-курортных организаций,86.90.4,2024,28.6485
"Деятельность в области медицины прочая, не включенная в другие группировки",86.90.9,2024,11.1096
Деятельность по уходу с обеспечением проживания,87,2024,16.9832
Деятельность по медицинскому уходу с обеспечением проживания,87.10,2024,
"Деятельность по оказанию помощи на дому для лиц с ограниченными возможностями развития, душевнобольным и наркозависимым",87.20,2024,
Деятельность по уходу за престарелыми и инвалидами с обеспечением проживания,87.30,2024,2.1696
Деятельность по уходу с обеспечением проживания прочая,87.90,2024,14.8136
Предоставление социальных услуг без обеспечения проживания,88,2024,66.31280000000001
Предоставление социальных услуг без обеспечения проживания престарелым и инвалидам,88.10,2024,50.4564
Предоставление прочих социальных услуг без обеспечения проживания,88.9,2024,15.8564
Предоставление услуг по дневному уходу за детьми,88.91,2024,
"Предоставление прочих социальных услуг без обеспечения проживания, не включенных в другие группировки",88.99,2024,15.8439
"ДЕЯТЕЛЬНОСТЬ В ОБЛАСТИ КУЛЬТУРЫ, СПОРТА, ОРГАНИЗАЦИИ ДОСУГА И РАЗВЛЕЧЕНИЙ",R,2024,203.4528
"Деятельность творческая, деятельность в области искусства и организации развлечений",90.0,2024,36.8475
Деятельность в области исполнительских искусств,90.01,2024,5.8064
"Деятельность вспомогательная, связанная с исполнительскими искусствами",90.02,2024,
Деятельность в области художественного творчества,90.03,2024,
Деятельность художников,90.03.2,2024,
Деятельность в области художественного творчества прочая,90.03.9,2024,
Деятельность учреждений культуры и искусства,90.04,2024,30.9881
"Деятельность концертных залов, театров, оперных зданий, мюзик-холлов, включая услуги билетных касс",90.04.1,2024,6.4917
Деятельность многоцелевых центров и подобных заведений с преобладанием культурного обслуживания,90.04.2,2024,5.255199999999999
"Деятельность учреждений клубного типа: клубов, дворцов и домов культуры, домов народного творчества",90.04.3,2024,18.5692
"Деятельность библиотек, архивов, музеев и прочих объектов культуры",91.0,2024,109.6664
Деятельность библиотек и архивов,91.01,2024,99.9128
Деятельность музеев,91.02,2024,5.8401000000000005
"Деятельность по охране исторических мест и зданий, памятников культуры",91.03,2024,
"Деятельность ботанических садов, зоопарков, государственных природных заповедников и национальных парков",91.04,2024,3.8335
Деятельность зоопарков,91.04.1,2024,
Деятельность государственных природных заповедников (в том числе биосферных),91.04.2,2024,
Деятельность национальных парков,91.04.3,2024,
Деятельность природных парков,91.04.4,2024,
Деятельность природных заказников,91.04.5,2024,
Деятельность дендрологических парков и ботанических садов,91.04.6,2024,
"Деятельность по организации и проведению азартных игр и заключению пари, по организации и проведению лотерей",92,2024,
Деятельность по организации и проведению азартных игр и заключения пари,92.1,2024,
Деятельность казино,92.11,2024,
Деятельность залов игровых автоматов,92.12,2024,
Деятельность по организации заключения пари,92.13,2024,
Деятельность по организации и проведению лотерей,92.2,2024,
Деятельность операторов лотерей,92.22,2024,
Деятельность распространителей лотерейных билетов,92.23,2024,
"Деятельность в области спорта, отдыха и развлечений",93,2024,55.7859
Деятельность в области спорта,93.1,2024,54.807
Деятельность спортивных объектов,93.11,2024,9.5055
Деятельность спортивных клубов,93.12,2024,8.2228
Деятельность фитнес-центров,93.13,2024,
Деятельность в области спорта прочая,93.19,2024,37.0787
Деятельность в области отдыха и развлечений,93.2,2024,0.9789
Деятельность парков культуры и отдыха и тематических парков,93.21,2024,0.4291999999999999
Деятельность по организации отдыха и развлечений прочая,93.29,2024,0.5497000000000001
Деятельность парков отдыха и пляжей,93.29.1,2024,
"Деятельность танцплощадок, дискотек, школ танцев",93.29.2,2024,
"Организация обрядов (свадеб, юбилеев), в т.ч. музыкальное сопровождение",93.29.3,2024,
"Деятельность зрелищно-развлекательная прочая, не включенная в другие группировки",93.29.9,2024,0.4001
"Ремонт компьютеров, предметов личного потребления и хозяйственно-бытового назначения",95,2024,
Ремонт компьютеров и коммуникационного оборудования,95.1,2024,
Ремонт компьютеров и периферийного компьютерного оборудования,95.11,2024,
Ремонт коммуникационного оборудования,95.12,2024,
Ремонт предметов личного потребления и хозяйственно-бытового назначения,95.2,2024,
Ремонт электронной бытовой техники,95.21,2024,
"Ремонт бытовых приборов, домашнего и садового инвентаря",95.22,2024,
Ремонт бытовой техники,95.22.1,2024,
Всего по обследуемым видам экономической деятельности,114.АГ,2025,176115.921875
Собирательная классификационная группировка видов экономической деятельности в области деятельности творческих (креативных) индустрий на основе Общероссийского классификатора видов экономической деятельности (ОКВЭД2) ОК 029-2014 (КДЕС Ред. 2),13210000.029.02,2025,3579.751953125
"Собирательная классификационная группировка видов экономической деятельности в области лазерных, оптических и оптоэлектронных технологий (фотоники) на основе Общероссийского классификатора видов экономической деятельности (ОКВЭД 2) ОК 029-2014 (КДЕС Ред.2)",1323500.029.36,2025,
Сектор контента и средств массовой информации,1324500.029.02,2025,74.5530014038086
Отрасль информационных технологий,1324500.029.11,2025,5793.2138671875
Сектор инжиниринговых услуг и промышленного дизайна,1323500.029.12,2025,67.61670684814453
Виды экономической деятельности в области промышленности строительных материалов,1323500.029.33,2025,90.08379364013672
Виды экономической деятельности в области производства товаров и оказания услуг для детей,1323500.029.35,2025,56.13850021362305
Сектор информационно-коммуникационных технологий,1324500.029.01,2025,9301.140625
"СЕЛЬСКОЕ, ЛЕСНОЕ ХОЗЯЙСТВО, ОХОТА, РЫБОЛОВСТВО И РЫБОВОДСТВО",A,2025,122.6377944946289
"Растениеводство и животноводство, охота и предоставление соответствующих услуг в этих областях",01,2025,103.539794921875
Выращивание однолетних культур,01.1,2025,54.96500015258789
"Выращивание зерновых (кроме риса), зернобобовых культур и семян масличных культур",01.11,2025,8.574000358581543
Выращивание зерновых культур,01.11.1,2025,7.160999774932861
Выращивание пшеницы,01.11.11,2025,
Выращивание зернобобовых культур,01.11.2,2025,
Выращивание семян масличных культур,01.11.3,2025,
Выращивание семян подсолнечника,01.11.31,2025,
Выращивание риса,01.12,2025,
"Выращивание овощей, бахчевых, корнеплодных и клубнеплодных культур, грибов и трюфелей",01.13,2025,46.39099884033203
Выращивание овощей,01.13.1,2025,12.515000343322754
Выращивание овощей открытого грунта,01.13.11,2025,
Выращивание овощей защищенного грунта,01.13.12,2025,
Выращивание столовых корнеплодных и клубнеплодных культур с высоким содержанием крахмала или инулина,01.13.3,2025,
Выращивание картофеля,01.13.31,2025,
"Выращивание семян овощных культур, за исключением семян сахарной свеклы",01.13.4,2025,
Выращивание сахарной свеклы и семян сахарной свеклы,01.13.5,2025,28.214000701904297
Выращивание сахарной свеклы,01.13.51,2025,
Выращивание грибов и трюфелей,01.13.6,2025,
"Выращивание овощей, не включенных в другие группировки",01.13.9,2025,
Выращивание волокнистых прядильных культур,01.16,2025,
Выращивание прочих однолетних культур,01.19,2025,
Выращивание однолетних кормовых культур,01.19.1,2025,
Цветоводство,01.19.2,2025,
Выращивание цветов в открытом и защищенном грунте,01.19.21,2025,
"Выращивание прочих однолетних культур, не включенных в другие группировки",01.19.9,2025,
Выращивание многолетних культур,01.2,2025,15.34890079498291
Выращивание винограда,01.21,2025,15.258999824523926
Выращивание семечковых и косточковых культур,01.24,2025,
"Выращивание прочих плодовых деревьев, кустарников и орехов",01.25,2025,
Выращивание прочих плодовых и ягодных культур,01.25.1,2025,
"Выращивание специй, пряно-ароматических, эфиромасличных и лекарственных культур",01.28,2025,
Выращивание хмеля,01.28.2,2025,
Выращивание прочих многолетних культур,01.29,2025,
Выращивание рассады,01.3,2025,
Выращивание рассады,01.30,2025,
Животноводство,01.4,2025,32.50590133666992
"Разведение молочного крупного рогатого скота, производство сырого молока",01.41,2025,18.23969841003418
Разведение молочного крупного рогатого скота,01.41.1,2025,13.373000144958496
"Разведение молочного крупного рогатого скота, кроме племенного",01.41.11,2025,0.8859999775886536
Разведение племенного молочного крупного рогатого скота,01.41.12,2025,12.487000465393066
"Производство сырого коровьего молока и сырого молока прочего крупного рогатого скота (буйволов, яков и др.)",01.41.2,2025,4.866700172424316
Производство сырого коровьего молока,01.41.21,2025,4.215700149536133
"Производство сырого молока прочего крупного рогатого скота (буйволов, яков и др.)",01.41.29,2025,
"Разведение прочих пород крупного рогатого скота и буйволов, производство спермы",01.42,2025,
"Разведение мясного и прочего крупного рогатого скота, включая буйволов, яков и др.",01.42.1,2025,
"Разведение мясного и прочего крупного рогатого скота, включая буйволов, яков и др., на мясо",01.42.11,2025,
"Разведение племенного мясного и прочего крупного рогатого скота, включая буйволов, яков и др.",01.42.12,2025,
"Производство бычьей спермы, а также спермы буйволов, яков и др.",01.42.2,2025,
Разведение лошадей и прочих животных семейства лошадиных отряда непарнокопытных,01.43,2025,
"Разведение лошадей, ослов, мулов, лошаков",01.43.1,2025,
Разведение овец и коз,01.45,2025,
Разведение овец и коз,01.45.1,2025,
Разведение племенных овец и коз,01.45.4,2025,
Разведение свиней,01.46,2025,4.146999835968018
Выращивание и разведение свиней,01.46.1,2025,4.146999835968018
Выращивание свиней на мясо,01.46.11,2025,4.146999835968018
Разведение племенного поголовья свиней,01.46.12,2025,
Разведение сельскохозяйственной птицы,01.47,2025,5.819200038909912
"Выращивание и разведение сельскохозяйственной птицы: кур, индеек, уток, гусей и цесарок",01.47.1,2025,
Выращивание сельскохозяйственной птицы на мясо,01.47.11,2025,
Разведение племенной сельскохозяйственной птицы,01.47.12,2025,
Производство яиц сельскохозяйственной птицы,01.47.2,2025,5.27400016784668
Деятельность инкубаторов для птицеводства,01.47.3,2025,
Разведение прочих животных,01.49,2025,
Пчеловодство,01.49.1,2025,
Пчеловодство медового направления,01.49.11,2025,
Разведение кроликов и прочих пушных зверей на фермах,01.49.2,2025,
Разведение прочих пушных зверей на фермах,01.49.22,2025,
Разведение оленей,01.49.4,2025,
Разведение домашних северных оленей,01.49.41,2025,
"Разведение благородных оленей (европейских, кавказских, маралов, изюбрей)",01.49.43,2025,
"Разведение прочих животных, не включенных в другие группировки",01.49.9,2025,
Смешанное сельское хозяйство,01.5,2025,
Смешанное сельское хозяйство,01.50,2025,
Деятельность вспомогательная в области производства сельскохозяйственных культур и послеуборочной обработки сельхозпродукции,01.6,2025,0.7200000286102295
Предоставление услуг в области растениеводства,01.61,2025,0.7200000286102295
Предоставление услуг в области животноводства,01.62,2025,
Деятельность сельскохозяйственная после сбора урожая,01.63,2025,
Обработка семян для посадки,01.64,2025,
"Охота, отлов и отстрел диких животных, включая предоставление услуг в этих областях",01.7,2025,
"Охота, отлов и отстрел диких животных, включая предоставление услуг в этих областях",01.70,2025,
Лесоводство и лесозаготовки,02,2025,10.097999572753906
Лесоводство и прочая лесохозяйственная деятельность,02.1,2025,2.1783998012542725
Лесоводство и прочая лесохозяйственная деятельность,02.10,2025,2.1783998012542725
Деятельность лесопитомников,02.10.1,2025,
"Выращивание посадочного материала лесных растений (саженцев, сеянцев)",02.10.11,2025,
Деятельность лесохозяйственная прочая,02.10.2,2025,
Лесозаготовки,02.2,2025,7.349299907684326
Лесозаготовки,02.20,2025,7.349299907684326
"Сбор и заготовка пищевых лесных ресурсов, недревесных лесных ресурсов и лекарственных растений",02.3,2025,
"Сбор и заготовка пищевых лесных ресурсов, недревесных лесных ресурсов и лекарственных растений",02.30,2025,
Сбор и заготовка пищевых лесных ресурсов,02.30.1,2025,
"Сбор и заготовка дикорастущих плодов, ягод",02.30.12,2025,
Предоставление услуг в области лесоводства и лесозаготовок,02.4,2025,0.5702999830245972
Предоставление услуг в области лесоводства и лесозаготовок,02.40,2025,0.5702999830245972
Предоставление услуг в области лесоводства,02.40.1,2025,
Предоставление услуг в области лесозаготовок,02.40.2,2025,
Рыболовство и рыбоводство,03,2025,
Рыболовство,03.1,2025,
Рыболовство морское,03.11,2025,
Рыболовство морское промышленное,03.11.1,2025,
Рыболовство морское прибрежное,03.11.2,2025,
Рыболовство пресноводное,03.12,2025,
Рыболовство пресноводное промышленное,03.12.1,2025,
Рыболовство любительское и спортивное,03.12.3,2025,
Рыбоводство,03.2,2025,
Рыбоводство морское,03.21,2025,
Рыбоводство морское индустриальное,03.21.1,2025,
Воспроизводство морских биоресурсов искусственное,03.21.4,2025,
Рыбоводство пресноводное,03.22,2025,
Рыбоводство пресноводное индустриальное,03.22.1,2025,
Рыбоводство прудовое,03.22.3,2025,
Воспроизводство пресноводных биоресурсов искусственное,03.22.5,2025,
Деятельность по пресноводному рыбоводству прочая,03.22.9,2025,
ДОБЫЧА ПОЛЕЗНЫХ ИСКОПАЕМЫХ,B,2025,1032.6473388671875
Добыча угля,05,2025,
Добыча и обогащение угля и антрацита,05.1,2025,
Добыча и обогащение угля и антрацита,05.10,2025,
Добыча угля и антрацита,05.10.1,2025,
Добыча антрацита открытым способом,05.10.11,2025,
Добыча коксующегося угля открытым способом,05.10.12,2025,
"Добыча угля, за исключением антрацита, угля коксующегося и угля бурого, открытым способом",05.10.13,2025,
Добыча антрацита подземным способом,05.10.14,2025,
Добыча коксующегося угля подземным способом,05.10.15,2025,
"Добыча угля, за исключением антрацита, угля коксующегося и угля бурого, подземным способом",05.10.16,2025,
Обогащение угля,05.10.2,2025,
Обогащение антрацита,05.10.21,2025,
Обогащение коксующегося угля,05.10.22,2025,
"Обогащение угля, кроме антрацита, угля коксующегося и угля бурого",05.10.23,2025,
Добыча и обогащение бурого угля (лигнита),05.2,2025,
Добыча и обогащение бурого угля (лигнита),05.20,2025,
Добыча бурого угля (лигнита),05.20.1,2025,
Добыча бурого угля (лигнита) открытым способом,05.20.11,2025,
Добыча бурого угля (лигнита) подземным способом,05.20.12,2025,
Добыча нефти и природного газа,06,2025,845.2428588867188
Добыча нефти и нефтяного (попутного) газа,06.1,2025,818.2408447265625
Добыча нефти и нефтяного (попутного) газа,06.10,2025,818.2408447265625
"Добыча нефти, горючих (битуминозных) сланцев, песка и озокерита",06.10.01.АГ,2025,818.2408447265625
Добыча нефти,06.10.1,2025,818.2408447265625
Добыча нефтяного (попутного) газа,06.10.3,2025,
Добыча природного газа и газового конденсата,06.2,2025,
Добыча природного газа и газового конденсата,06.20,2025,
Добыча природного газа,06.20.1,2025,
Добыча газового конденсата,06.20.2,2025,
Добыча металлических руд,07,2025,102.25420379638672
Добыча и обогащение железных руд,07.1,2025,
Добыча и обогащение железных руд,07.10,2025,
Добыча железных руд подземным способом,07.10.1,2025,
Добыча железных руд открытым способом,07.10.2,2025,
Обогащение и агломерация железных руд,07.10.3,2025,
Добыча руд цветных металлов,07.2,2025,
Добыча урановой и ториевой руд,07.21,2025,
Добыча и первичное обогащение урановых руд,07.21.1,2025,
"Добыча урановых руд подземным способом, включая способы подземного и кучного выщелачивания",07.21.11,2025,
Добыча руд прочих цветных металлов,07.29,2025,
"Добыча и обогащение руд цветных металлов, не включенных в другие группировки",07.29.02.АГ,2025,
Добыча и обогащение медной руды,07.29.1,2025,
Добыча и обогащение свинцово-цинковой руды,07.29.5,2025,
Добыча и обогащение оловянной руды,07.29.6,2025,
Добыча и обогащение руд прочих цветных металлов,07.29.9,2025,
Добыча и обогащение сурьмяно-ртутных руд,07.29.91,2025,
Добыча и обогащение марганцевых руд,07.29.92,2025,
Добыча и обогащение хромовых (хромитовых) руд,07.29.93,2025,
"Добыча и обогащение руд прочих цветных металлов, не включенных в другие группировки",07.29.99,2025,
Добыча прочих полезных ископаемых,08,2025,
"Добыча камня, песка и глины",08.1,2025,
"Добыча декоративного и строительного камня, известняка, гипса, мела и сланцев",08.11,2025,
Добыча и первичная обработка камня для памятников и строительства,08.11.1,2025,
Добыча и первичная обработка известняка и гипсового камня,08.11.2,2025,
Добыча мела и некальцинированного доломита,08.11.3,2025,
Добыча и первичная обработка сланцев,08.11.4,2025,
"Разработка гравийных и песчаных карьеров, добыча глины и каолина",08.12,2025,
Разработка гравийных и песчаных карьеров,08.12.1,2025,
Добыча глины и каолина,08.12.2,2025,
"Добыча полезных ископаемых, не включенных в другие группировки",08.9,2025,
Добыча минерального сырья для химической промышленности и производства минеральных удобрений,08.91,2025,
Добыча и агломерация торфа,08.92,2025,
Добыча торфа,08.92.1,2025,
Добыча соли,08.93,2025,
"Добыча прочих полезных ископаемых, не включенных в другие группировки",08.99,2025,
"Добыча полезных ископаемых, не включенных в другие группировки",08.99.03.АГ,2025,
"Добыча природного асфальта, асфальтитов и битумных пород",08.99.1,2025,
"Добыча абразивных материалов, асбеста, кремнеземистой каменной муки, природных графитов, мыльного камня (талька), полевого шпата и т. д.",08.99.2,2025,
"Добыча драгоценных камней, кварца, слюды, мусковита и т. д.",08.99.3,2025,
"Добыча драгоценных и полудрагоценных камней, кроме алмазов",08.99.31,2025,
Добыча алмазов,08.99.32,2025,
Предоставление услуг в области добычи полезных ископаемых,09,2025,
Предоставление услуг в области добычи нефти и природного газа,09.1,2025,
Предоставление услуг в области добычи нефти и природного газа,09.10,2025,
"Предоставление услуг по бурению, связанному с добычей нефти, газа и газового конденсата",09.10.1,2025,
"Предоставление услуг по монтажу, ремонту и демонтажу буровых вышек",09.10.2,2025,
Сжижение и обогащение природного газа на месте добычи для последующей транспортировки,09.10.4,2025,
Предоставление прочих услуг в области добычи нефти и природного газа,09.10.9,2025,
Предоставление услуг в других областях добычи полезных ископаемых,09.9,2025,
Предоставление услуг в других областях добычи полезных ископаемых,09.90,2025,
ОБРАБАТЫВАЮЩИЕ ПРОИЗВОДСТВА,C,2025,3214.93115234375
Производство пищевых продуктов,10,2025,145.18699645996094
Переработка и консервирование мяса и мясной пищевой продукции,10.1,2025,37.87969970703125
Переработка и консервирование мяса,10.11,2025,
Производство мяса в охлажденном виде,10.11.1,2025,
Производство пищевых субпродуктов в охлажденном виде,10.11.2,2025,
Производство мяса и пищевых субпродуктов в замороженном виде,10.11.3,2025,
Производство животных жиров,10.11.5,2025,
"Производство субпродуктов, непригодных для употребления в пищу",10.11.6,2025,
Производство и консервирование мяса птицы,10.12,2025,
Производство мяса птицы в охлажденном виде,10.12.1,2025,
Производство мяса птицы в замороженном виде,10.12.2,2025,
Производство пера и пуха,10.12.5,2025,
Производство продукции из мяса убойных животных и мяса птицы,10.13,2025,33.67239761352539
"Производство соленого, вареного, запеченого, копченого, вяленого и прочего мяса",10.13.1,2025,
Производство колбасных изделий,10.13.2,2025,
Производство мясных (мясосодержащих) консервов,10.13.3,2025,
Производство мясных (мясосодержащих) полуфабрикатов,10.13.4,2025,
Производство кулинарных мясных (мясосодержащих) изделий,10.13.5,2025,
Производство прочей пищевой продукции из мяса или мясных пищевых субпродуктов,10.13.6,2025,
"Производство муки и гранул из мяса и мясных субпродуктов, непригодных для употребления в пищу",10.13.7,2025,
"Переработка и консервирование рыбы, ракообразных и моллюсков",10.2,2025,
"Переработка и консервирование рыбы, ракообразных и моллюсков",10.20,2025,
Переработка и консервирование рыбы,10.20.1,2025,
Переработка и консервирование ракообразных и моллюсков,10.20.2,2025,
Переработка и консервирование фруктов и овощей,10.3,2025,
Переработка и консервирование картофеля,10.31,2025,
Производство соковой продукции из фруктов и овощей,10.32,2025,
Прочие виды переработки и консервирования фруктов и овощей,10.39,2025,
Переработка и консервирование овощей (кроме картофеля) и грибов,10.39.1,2025,
Переработка и консервирование фруктов и орехов,10.39.2,2025,
Производство растительных и животных масел и жиров,10.4,2025,
Производство масел и жиров,10.41,2025,
"Производство нерафинированных животных масел и жиров, их фракций",10.41.1,2025,
Производство нерафинированных растительных масел и их фракций,10.41.2,2025,
Производство нерафинированного соевого масла и его фракций,10.41.21,2025,
Производство нерафинированного подсолнечного масла и его фракций,10.41.24,2025,
Производство нерафинированного рапсового сурепного и горчичного масла и их фракций,10.41.26,2025,
Производство прочих нерафинированных растительных масел и их фракций,10.41.29,2025,
Производство жмыха и муки тонкого и грубого помола из семян или плодов масличных культур,10.41.4,2025,
Производство рафинированных растительных масел и их фракций,10.41.5,2025,
Производство рафинированного подсолнечного масла и его фракций,10.41.54,2025,
Производство прочих рафинированных растительных масел и их фракций,10.41.59,2025,
Производство маргариновой продукции,10.42,2025,
Производство молочной продукции,10.5,2025,50.26150131225586
Производство молока (кроме сырого) и молочной продукции,10.51,2025,50.26150131225586
Производство питьевого молока и питьевых сливок,10.51.1,2025,
"Производство сливочного масла, топленого масла, масляной пасты, молочного жира, спредов и топленых сливочно-растительных смесей",10.51.2,2025,
Производство сыра и сырных продуктов,10.51.3,2025,
Производство молока и сливок в твердой форме,10.51.4,2025,
Производство прочей молочной продукции,10.51.9,2025,
Производство мороженого,10.52,2025,
"Производство продуктов мукомольной и крупяной промышленности, крахмала и крахмалосодержащих продуктов",10.6,2025,7.144899845123291
Производство продуктов мукомольной и крупяной промышленности,10.61,2025,7.144899845123291
Производство обработанного риса,10.61.1,2025,
Производство муки из зерновых культур,10.61.2,2025,4.771899700164795
Производство крупы и гранул из зерновых культур,10.61.3,2025,
"Производство мучных смесей и приготовление мучных смесей или теста для хлеба, тортов, бисквитов и блинов",10.61.4,2025,
Производство крахмала и крахмалосодержащих продуктов,10.62,2025,
Производство крахмала,10.62.1,2025,
Производство прочих крахмалосодержащих продуктов,10.62.9,2025,
Производство хлебобулочных и мучных кондитерских изделий,10.7,2025,8.313699722290039
"Производство хлеба и мучных кондитерских изделий, тортов и пирожных недлительного хранения",10.71,2025,7.7906999588012695
Производство хлеба и хлебобулочных изделий недлительного хранения,10.71.1,2025,6.127700328826904
"Производство мучных кондитерских изделий, тортов и пирожных недлительного хранения",10.71.2,2025,
"Производство сухарей, печенья и прочих сухарных хлебобулочных изделий, производство мучных кондитерских изделий, тортов, пирожных, пирогов и бисквитов, предназначенных для длительного хранения",10.72,2025,0.5230000019073486
"Производство хрустящих хлебцев, сухарей и прочих сухарных хлебобулочных изделий",10.72.1,2025,
Производство тортов и пирожных длительного хранения,10.72.2,2025,
Производство прочих мучных кондитерских изделий длительного хранения,10.72.3,2025,
Производство печенья,10.72.31,2025,
Производство пряников и коврижек,10.72.32,2025,
Производство вафель,10.72.33,2025,
Производство галет и крекеров,10.72.34,2025,
"Производство кексов, рулетов и аналогичных изделий длительного хранения",10.72.35,2025,
Производство восточных сладостей и прочих мучных кондитерских изделий,10.72.39,2025,
Производство замороженных хлебобулочных полуфабрикатов,10.72.4,2025,
Производство макаронных изделий кускуса и аналогичных мучных изделий,10.73,2025,
Производство макаронных изделий,10.73.1,2025,
Производство прочих пищевых продуктов,10.8,2025,
Производство сахара,10.81,2025,
Производство сахара из сахарной свеклы и тростникового сырца,10.81.1,2025,
Производство сахара из сахарной свеклы,10.81.11,2025,
"Производство какао, шоколада и сахаристых кондитерских изделий",10.82,2025,
"Производство какао, масла какао, жира какао, растительного масла какао, порошка какао",10.82.1,2025,
Производство шоколада и сахаристых кондитерских изделий,10.82.2,2025,
Производство кондитерских изделий из сахара,10.82.3,2025,
Производство чая и кофе,10.83,2025,
Производство приправ и пряностей,10.84,2025,
Производство готовых пищевых продуктов и блюд,10.85,2025,
Производство детского питания и диетических пищевых продуктов,10.86,2025,
Производство молока и молочных продуктов для детского питания,10.86.1,2025,
Производство молока и молочных продуктов для детей раннего возраста,10.86.11,2025,
Производство соковой продукции из фруктов и овощей для детского питания,10.86.2,2025,
"Производство мясной продукции для детского питания, в том числе из мяса птицы",10.86.3,2025,
Производство продуктов на злаковой основе для детского питания,10.86.4,2025,
"Производство специализированной пищевой продукции, в том числе диетических пищевых продуктов",10.86.6,2025,
Производство пищевой продукции для питания спортсменов,10.86.62,2025,
Производство прочих диетических пищевых продуктов,10.86.69,2025,
"Производство воды питьевой, напитков безалкогольных для детского питания",10.86.7,2025,
"Производство прочих пищевых продуктов, не включенных в другие группировки",10.89,2025,
Производство супов и бульонов,10.89.1,2025,
"Производство скоропортящихся продуктов, таких как: сэндвичи и свежая пицца (полуфабрикат)",10.89.2,2025,
"Производство растительных соков и экстрактов, пептических веществ, растительных клеев и загустителей",10.89.3,2025,
Производство пищевых ферментов,10.89.4,2025,
"Переработка меда (темперирование, фильтрация, декристаллизация и смешивание меда)",10.89.6,2025,
Производство биологически активных добавок к пище,10.89.8,2025,
"Производство прочих продуктов питания, не включенных в другие группировки",10.89.9,2025,
Производство готовых кормов для животных,10.9,2025,2.1559998989105225
"Производство готовых кормов для животных, содержащихся на фермах",10.91,2025,0.8270000219345093
"Производство готовых кормов (смешанных и несмешанных), кроме муки и гранул из люцерны, для животных, содержащихся на фермах",10.91.1,2025,
"Производство кормового микробиологического белка, премиксов, кормовых витаминов, антибиотиков, аминокислот и ферментов",10.91.3,2025,
Производство готовых кормов для непродуктивных животных,10.92,2025,
Производство напитков,11,2025,13.968000411987305
Производство напитков,11.0,2025,13.968000411987305
"Перегонка, очистка и смешивание спиртов",11.01,2025,1.9819999933242798
"Производство дистиллированных питьевых алкогольных напитков: водки, виски, бренди, джина, ликеров и т. п.",11.01.1,2025,1.8539999723434448
Производство пищевого спирта,11.01.4,2025,
Производство вина из винограда,11.02,2025,
Производство сидра и прочих плодовых вин,11.03,2025,
Производство пива,11.05,2025,1.4874999523162842
Производство солода,11.06,2025,
"Производство безалкогольных напитков; производство упакованных питьевых вод, включая минеральные воды.",11.07,2025,2.3338000774383545
"Производство упакованных питьевых вод, включая минеральные воды",11.07.1,2025,
Производство упакованных природных минеральных вод,11.07.11,2025,
Производство упакованных природных питьевых вод,11.07.12,2025,
Производство упакованных обработанных питьевых вод,11.07.13,2025,
"Производство безалкогольных напитков ароматизированных и/или с добавлением сахара, кроме минеральных вод",11.07.2,2025,
Производство табачных изделий,12,2025,
Производство табачных изделий,12.0,2025,
Производство табачных изделий,12.00,2025,
"Производство изделий из табака и махорки: сигарет, папирос, сигар, сигарилл, курительного тонкорезаного табака, трубочного табака, жевательного табака, сосательного табака, нюхательного табака, табака для кальяна, курительной и нюхательной махорки",12.00.1,2025,
Производство гомогенизированного или восстановленного табака,12.00.2,2025,
Производство текстильных изделий,13,2025,4.057100296020508
Подготовка и прядение текстильных волокон,13.1,2025,
Подготовка и прядение текстильных волокон,13.10,2025,
Прядение гребенное шерстяных волокон,13.10.3,2025,
Прядение льняных волокон,13.10.4,2025,
"Изготовление натуральных шелковых, искусственных и синтетических волокон",13.10.5,2025,
Производство швейных ниток,13.10.6,2025,
Подготовка и прядение прочих текстильных волокон,13.10.9,2025,
Производство текстильных тканей,13.2,2025,2.3546998500823975
Производство текстильных тканей,13.20,2025,2.3546998500823975
"Производство тканей (без специальных тканей) из натуральных волокон, кроме хлопка",13.20.1,2025,
Производство шелковых тканей,13.20.11,2025,
Производство шерстяных тканей,13.20.12,2025,
Производство льняных тканей,13.20.13,2025,
Производство хлопчатобумажных тканей,13.20.2,2025,
"Производство тканей, за исключением специальных тканей, из химических комплексных нитей и штапельных волокон",13.20.3,2025,
"Производство ворсовых, махровых полотенечных тканей и прочих специальных тканей",13.20.4,2025,
Производство марли,13.20.44,2025,
Производство тканей из стекловолокна,13.20.46,2025,
Отделка тканей и текстильных изделий,13.3,2025,
Отделка тканей и текстильных изделий,13.30,2025,
"Отбеливание и окрашивание текстиля, волокон, тканей и текстильных изделий, включая готовую одежду",13.30.1,2025,
Производство прочих текстильных изделий,13.9,2025,1.6313999891281128
Производство трикотажного и вязаного полотна,13.91,2025,
Производство и обработка трикотажного или вязаного полотна,13.91.1,2025,
Производство искусственного меха методом вязания,13.91.2,2025,
"Производство готовых текстильных изделий, кроме одежды",13.92,2025,
Производство ковров и ковровых изделий,13.93,2025,
"Производство канатов, веревок, шпагата и сетей",13.94,2025,
"Производство шпагата, канатов, веревок и тросов из текстильных волокон и лент, с пропиткой и без пропитки, с покрытием, защищенных или не защищенных оболочкой из резины или пластмассы",13.94.1,2025,
"Производство изделий из веревки и сетного полотна: рыболовных сетей, предохранительных сеток на судах, защитных средств, используемых при погрузочно-разгрузочных работах, стропов, веревок или тросов с металлическими кольцами",13.94.2,2025,
"Производство нетканых текстильных материалов и изделий из них, кроме одежды",13.95,2025,
Производство прочих технических и промышленных текстильных изделий,13.96,2025,
"Производство текстильных материалов, пропитанных или с покрытием",13.96.4,2025,
Производство кордных тканей,13.96.5,2025,
"Производство текстильных материалов и изделий технического назначения (включая фитили, калильные сетки газовых фонарей, текстильные шланги, конвейерные ленты и приводные ремни, ситовые ткани и фильтровальные ткани)",13.96.6,2025,
"Производство узких текстильных тканей, в том числе состоящих из основы безуточного переплетения и соединяемых клеящим веществом",13.96.7,2025,
"Производство прочих текстильных изделий, не включенных в другие группировки",13.99,2025,
Производство одежды,14,2025,3.4437999725341797
"Производство одежды, кроме одежды из меха",14.1,2025,3.4437999725341797
Производство спецодежды,14.12,2025,
Производство прочей верхней одежды,14.13,2025,
"Производство верхней одежды из текстильных материалов, кроме трикотажных или вязаных",14.13.2,2025,
"Производство верхней одежды из текстильных материалов, кроме трикотажных или вязаных, для мужчин или мальчиков",14.13.21,2025,
"Производство верхней одежды из текстильных материалов, кроме трикотажных или вязаных, для женщин или девочек",14.13.22,2025,
Производство нательного белья,14.14,2025,
Производство нательного белья из тканей,14.14.2,2025,
Производство прочей одежды и аксессуаров одежды,14.19,2025,
Производство вязаных и трикотажных изделий одежды,14.3,2025,
Производство вязаных и трикотажных чулочно-носочных изделий,14.31,2025,
Производство кожи и изделий из кожи,15,2025,
"Дубление и отделка кожи, производство чемоданов, сумок, шорно-седельных изделий из кожи; выделка и крашение меха",15.1,2025,
"Дубление и выделка кожи, выделка и крашение меха",15.11,2025,
"Дубление, выделка и крашение кожи из шкур крупного рогатого скота или животных семейства лошадиных",15.11.3,2025,
"Производство чемоданов, дамских сумок и аналогичных изделий из кожи и других материалов; производство шорно-седельных и других изделий из кожи",15.12,2025,
Производство обуви,15.2,2025,
Производство обуви,15.20,2025,
Производство защитной обуви,15.20.3,2025,
"Обработка древесины и производство изделий из дерева и пробки, кроме мебели, производство изделий из соломки и материалов для плетения",16,2025,5.898499965667725
Распиловка и строгание древесины,16.1,2025,
Распиловка и строгание древесины,16.10,2025,
"Производство пиломатериалов, кроме профилированных, толщиной более 6 мм; производство непропитанных железнодорожных и трамвайных шпал из древесины",16.10.1,2025,
"Производство пиломатериалов, профилированных по кромке; производство древесного полотна, древесной муки; производство технологической щепы или стружки",16.10.2,2025,
"Производство древесины, пропитанной или обработанной защитными или другими веществами",16.10.3,2025,
Предоставление услуг по пропитке древесины,16.10.9,2025,
"Производство изделий из дерева, пробки, соломки и материалов для плетения",16.2,2025,4.229499816894531
"Производство шпона, фанеры, деревянных плит и панелей",16.21,2025,
"Производство фанеры, деревянных фанерованных панелей и аналогичных слоистых материалов, древесных плит из древесины и других одревесневших материалов",16.21.1,2025,
"Производство фанеры, деревянных фанерованных панелей и аналогичных слоистых материалов",16.21.11,2025,
Производство древесно-стружечных плит из древесины или других одревесневших материалов,16.21.12,2025,
Производство древесно-волокнистых плит из древесины или других одревесневших материалов,16.21.13,2025,
"Производство листов для облицовки, шпона для фанеры, производство прессованной древесины",16.21.2,2025,
"Производство листов для облицовки, шпона для фанеры",16.21.21,2025,
Производство сборных паркетных покрытий,16.22,2025,
Производство прочих деревянных строительных конструкций и столярных изделий,16.23,2025,
Производство деревянных строительных конструкций и столярных изделий,16.23.1,2025,
Производство сборных деревянных строений,16.23.2,2025,
Производство деревянной тары,16.24,2025,
"Производство прочих деревянных изделий; производство изделий из пробки, соломки и материалов для плетения",16.29,2025,
Производство бумаги и бумажных изделий,17,2025,26.00040054321289
"Производство целлюлозы, древесной массы, бумаги и картона",17.1,2025,
Производство целлюлозы и древесной массы,17.11,2025,
Производство целлюлозы,17.11.1,2025,
Производство бумаги и картона,17.12,2025,
Производство бумаги,17.12.1,2025,
Производство бумаги из целлюлозы,17.12.11,2025,
Производство бумаги из древесной массы,17.12.12,2025,
Производство бумаги из макулатурной массы,17.12.13,2025,
Производство картона,17.12.2,2025,
Производство картона из целлюлозы,17.12.21,2025,
Производство картона из макулатурной массы,17.12.23,2025,
Производство изделий из бумаги и картона,17.2,2025,25.982900619506836
"Производство гофрированной бумаги и картона, бумажной и картонной тары",17.21,2025,20.822900772094727
Производство бумажных изделий хозяйственно-бытового и санитарно-гигиенического назначения,17.22,2025,
Производство бумажных канцелярских принадлежностей,17.23,2025,
Производство обоев,17.24,2025,
Производство прочих изделий из бумаги и картона,17.29,2025,
Деятельность полиграфическая и копирование носителей информации,18,2025,3.0329999923706055
Деятельность полиграфическая и предоставление услуг в этой области,18.1,2025,3.0329999923706055
Печатание газет,18.11,2025,
Прочие виды полиграфической деятельности,18.12,2025,
Изготовление печатных форм и подготовительная деятельность,18.13,2025,
Деятельность брошюровочно- переплетная и отделочная и сопутствующие услуги,18.14,2025,
Копирование записанных носителей информации,18.2,2025,
Копирование записанных носителей информации,18.20,2025,
Производство кокса и нефтепродуктов,19,2025,1860.8492431640625
Производство кокса,19.1,2025,
Производство кокса,19.10,2025,
Производство нефтепродуктов,19.2,2025,1860.8492431640625
Производство нефтепродуктов,19.20,2025,1860.8492431640625
Производство жидкого топлива,19.20.1,2025,1859.25439453125
Разделение и извлечение фракций из нефтяного (попутного) газа,19.20.2,2025,
Производство прочих нефтепродуктов,19.20.9,2025,1.5947999954223633
"Агломерация угля, антрацита и бурого угля (лигнита) и производство термоуглей",19.3,2025,
Производство термоуглей,19.34,2025,
Производство термоуглей из антрацита,19.34.1,2025,
Производство химических веществ и химических продуктов,20,2025,298.64141845703125
"Производство химических продуктов, не включенных в другие группировки",20.05.АГ,2025,
"Производство основных химических веществ, удобрений и азотных соединений, пластмасс и синтетического каучука в первичных формах",20.1,2025,264.9414978027344
Производство промышленных газов,20.11,2025,
Производство красителей и пигментов,20.12,2025,
Производство прочих основных неорганических химических веществ,20.13,2025,
Производство прочих основных органических химических веществ,20.14,2025,
Производство углеводородов и их производных,20.14.1,2025,
"Производство спиртов, фенолов, фенолоспиртов и их галогенированных, сульфированных, нитрованных или нитрозированных производных; производство жирных промышленных спиртов",20.14.2,2025,
"Производство промышленных монокарбоновых жирных кислот, карбоновых кислот и их производных",20.14.3,2025,
Производство органических соединений с азотсодержащими функциональными группами,20.14.4,2025,
Производство сераорганических соединений и прочих элементоорганических соединений,20.14.5,2025,
"Производство простых эфиров, органических пероксидов, эпоксидов, ацеталей и полуацеталей, прочих органических соединений",20.14.6,2025,
Производство прочих химических органических основных веществ,20.14.7,2025,
Производство удобрений и азотных соединений,20.15,2025,237.53199768066406
"Производство азотных кислот, сульфоазотных кислот, аммиака",20.15.1,2025,
Производство азотных минеральных или химических удобрений,20.15.3,2025,
Производство фосфорных минеральных или химических удобрений,20.15.4,2025,
Производство калийных минеральных или химических удобрений,20.15.5,2025,
"Производство удобрений, не включенных в другие группировки",20.15.7,2025,
Производство пластмасс и синтетических смол в первичных формах,20.16,2025,
Производство синтетического каучука в первичных формах,20.17,2025,
Производство пестицидов и прочих агрохимических продуктов,20.2,2025,
Производство пестицидов и прочих агрохимических продуктов,20.20,2025,
"Производство красок, лаков и аналогичных материалов для нанесения покрытий, полиграфических красок и мастик",20.3,2025,
"Производство красок, лаков и аналогичных материалов для нанесения покрытий, полиграфических красок и мастик",20.30,2025,
Производство красок и лаков на основе полимеров,20.30.1,2025,
"Производство прочих красок, лаков, эмалей и аналогичных материалов для нанесения покрытий, художественных и полиграфических красок",20.30.2,2025,
"Производство мыла и моющих, чистящих и полирующих средств; парфюмерных и косметических средств",20.4,2025,32.89099884033203
"Производство мыла и моющих, чистящих и полирующих средств",20.41,2025,
"Производство органических поверхностно-активных веществ, кроме мыла",20.41.2,2025,
"Производство мыла и моющих средств, чистящих и полирующих средств",20.41.3,2025,
Производство средств для ароматизации и дезодорирования воздуха и восков,20.41.4,2025,
Производство парфюмерных и косметических средств,20.42,2025,
Производство прочих химических продуктов,20.5,2025,
Производство клеев,20.52,2025,
Производство химических волокон,20.6,2025,
Производство химических волокон,20.60,2025,
Производство синтетических волокон,20.60.1,2025,
"Производство лекарственных средств и материалов, применяемых в медицинских целях и ветеринарии",21,2025,19.30299949645996
Производство фармацевтических субстанций,21.1,2025,
Производство фармацевтических субстанций,21.10,2025,
"Производство лекарственных препаратов и материалов, применяемых в медицинских целях и ветеринарии",21.2,2025,19.30299949645996
"Производство лекарственных препаратов и материалов, применяемых в медицинских целях и ветеринарии",21.20,2025,19.30299949645996
Производство лекарственных препаратов для медицинского применения,21.20.1,2025,
"Производство материалов, применяемых в медицинских целях",21.20.2,2025,
Производство лекарственных препаратов для ветеринарного применения,21.20.3,2025,
Производство резиновых и пластмассовых изделий,22,2025,8.752799987792969
Производство резиновых изделий,22.1,2025,
"Производство резиновых шин, покрышек и камер; восстановление резиновых шин и покрышек",22.11,2025,
Производство прочих резиновых изделий,22.19,2025,
"Производство регенерированной резины в первичной форме или в виде пластин, листов или полос (лент)",22.19.1,2025,
"Производство резиновых смесей и изделий из них; производство вулканизированной резины в виде нити, корда, пластин, листов, полос, прутков и профилей",22.19.2,2025,
"Производство труб, трубок, рукавов и шлангов из вулканизированной резины",22.19.3,2025,
"Производство конвейерных лент и приводных ремней, бельтинга из вулканизированной резины",22.19.4,2025,
"Производство изделий из вулканизированной резины, не включенных в другие группировки",22.19.7,2025,
Производство изделий из пластмасс,22.2,2025,2.681800127029419
"Производство пластмассовых плит, полос, труб и профилей",22.21,2025,1.4121999740600586
Производство пластмассовых изделий для упаковывания товаров,22.22,2025,
"Производство пластмассовых изделий, используемых в строительстве",22.23,2025,0.3546000123023987
Производство прочих пластмассовых изделий,22.29,2025,
"Производство прочих изделий из пластмасс, не включенных в другие группировки, кроме устройств пломбировочных из пластика",22.29.2,2025,
Предоставление услуг в области производства прочих пластмассовых изделий,22.29.9,2025,
Производство прочей неметаллической минеральной продукции,23,2025,47.607601165771484
Производство стекла и изделий из стекла,23.1,2025,
Производство листового стекла,23.11,2025,
Производство листового тянутого стекла,23.11.1,2025,
"Производство бесцветного листового стекла, изготовленного методом флоат",23.11.4,2025,
"Производство листового стекла, прочего",23.11.9,2025,
Формирование и обработка листового стекла,23.12,2025,
Производство упрочненного (в том числе термически упрочненного и закаленного) стекла,23.12.1,2025,
Производство многослойного стекла для строительства,23.12.3,2025,
Производство стеклопакетов,23.12.5,2025,
Производство полых стеклянных изделий,23.13,2025,
Производство бутылок и прочих емкостей из стекла или хрусталя,23.13.1,2025,
Производство стаканов и прочих сосудов для питья из стекла или хрусталя,23.13.2,2025,
Производство столовой и кухонной посуды из стекла или хрусталя,23.13.3,2025,
Производство стекловолокна,23.14,2025,
"Производство и обработка прочих стеклянных изделий, включая технические изделия из стекла",23.19,2025,
"Производство необработанного стекла в блоках, в виде шаров, прутков, труб или трубок",23.19.1,2025,
"Производство посуды для лабораторных, фармацевтических и гигиенических целей из стекла; производство ампул и прочих изделий из медицинского стекла",23.19.5,2025,
"Производство стеклянных деталей электрических ламп и осветительной арматуры, световых указателей, световых табло и аналогичных изделий",23.19.6,2025,
Производство электрических изоляторов из стекла,23.19.7,2025,
"Производство прочих изделий из стекла, не включенных в другие группировки",23.19.9,2025,
Производство огнеупорных изделий,23.2,2025,
Производство огнеупорных изделий,23.20,2025,
"Производство огнеупорных кирпичей, блоков, плиток",23.20.1,2025,
"Производство огнеупорных цементов, растворов, бетонов и аналогичных составов",23.20.2,2025,
Производство безобжиговых огнеупорных изделий,23.20.3,2025,
Производство прочих огнеупорных керамических изделий,23.20.9,2025,
Производство строительных керамических материалов,23.3,2025,27.586801528930664
Производство керамических плит и плиток,23.31,2025,
"Производство кирпича, черепицы и прочих строительных изделий из обожженной глины",23.32,2025,
Производство прочих фарфоровых и керамических изделий,23.4,2025,
Производство хозяйственных и декоративных керамических изделий,23.41,2025,
Производство столовой и кухонной керамической посуды,23.41.1,2025,
Производство керамических санитарно-технических изделий,23.42,2025,
Производство керамических изоляторов и изолирующей арматуры,23.43,2025,
Производство прочих технических керамических изделий,23.44,2025,
"Производство керамических изделий лабораторного, химического и промышленного назначения",23.44.1,2025,
Производство прочих керамических изделий,23.49,2025,
"Производство керамических изделий, не включенных в другие группировки",23.49.9,2025,
"Производство цемента, извести и гипса",23.5,2025,
Производство цемента,23.51,2025,
Производство извести и гипса,23.52,2025,
"Производство негашеной, гашеной и гидравлической извести",23.52.1,2025,
Производство гипса,23.52.2,2025,
"Производство изделий из бетона, цемента и гипса",23.6,2025,15.536299705505371
Производство изделий из бетона для использования в строительстве,23.61,2025,1.9700000286102295
"Производство готовых строительных изделий из бетона, цемента и искусственного камня",23.61.1,2025,1.5576000213623047
"Производство сборных строительных конструкций из бетона, цемента и искусственного камня",23.61.2,2025,
Производство гипсовых изделий для использования в строительстве,23.62,2025,
Производство товарного бетона,23.63,2025,
Производство сухих бетонных смесей,23.64,2025,
Производство изделий из хризотилцемента и волокнистого цемента,23.65,2025,
"Производство строительных материалов из растительного сырья, смешанного с цементом, гипсом или прочими минеральными связующими веществами",23.65.1,2025,
Производство изделий из хризотилцемента и волокнистого цемента с волокнами целлюлозы или аналогичных материалов,23.65.2,2025,
"Производство прочих изделий из гипса, бетона или цемента",23.69,2025,
"Резка, обработка и отделка камня",23.7,2025,
"Резка, обработка и отделка камня",23.70,2025,
"Резка, обработка и отделка камня для использования в строительстве в качестве дорожного покрытия",23.70.1,2025,
"Резка, обработка и отделка камня для памятников",23.70.2,2025,
Производство гранул и порошков из природного камня,23.70.3,2025,
"Производство абразивных и неметаллических минеральных изделий, не включенных в другие группировки",23.9,2025,2.305999994277954
Производство абразивных изделий,23.91,2025,
"Производство прочей неметаллической минеральной продукции, не включенной в другие группировки",23.99,2025,2.00600004196167
Производство изделий из асфальта или аналогичных материалов,23.99.2,2025,
"Производство битуминозных смесей на основе природного асфальта или битума, нефтяного битума, минеральных смол или их пеков",23.99.3,2025,
"Производство искусственного графита, коллоидного или полуколлоидного графита, продуктов на основе графита или прочих форм углерода в виде полуфабрикатов",23.99.4,2025,
Производство минеральных тепло- и звукоизоляционных материалов и изделий,23.99.6,2025,
Производство минеральных теплоизоляционных материалов и изделий,23.99.61,2025,
Производство металлургическое,24,2025,203.03179931640625
Производство прочих цветных металлов; производство ядерного топлива,24.04.АГ,2025,66.6427993774414
"Литье легких и прочих цветных металлов, не включенных в другие группировки",24.05.АГ,2025,
"Производство чугуна, стали и ферросплавов",24.1,2025,46.17239761352539
"Производство чугуна, стали и ферросплавов",24.10,2025,46.17239761352539
Производство основных продуктов из железа и стали,24.10.1,2025,
Производство чугуна,24.10.11,2025,
Производство ферросплавов,24.10.12,2025,
Производство продуктов прямого восстановления железной руды и губчатого железа,24.10.13,2025,
Производство гранул и порошков из чугуна или стали,24.10.14,2025,
Производство стали в слитках,24.10.2,2025,
Производство листового горячекатаного стального проката,24.10.3,2025,
Производство листового холоднокатаного стального проката,24.10.4,2025,
"Производство листового холоднокатаного стального проката, плакированного, с гальваническим или иным покрытием",24.10.5,2025,
Производство сортового горячекатаного проката и катанки,24.10.6,2025,
"Производство незамкнутых стальных профилей горячей обработки, листового проката в пакетах и стального рельсового профиля для железных дорог и трамвайных путей",24.10.7,2025,
"Производство прочего проката из черных металлов, не включенного в другие группировки",24.10.9,2025,
"Производство стальных труб, полых профилей и фитингов",24.2,2025,
"Производство стальных труб, полых профилей и фитингов",24.20,2025,
Производство бесшовных труб и пустотелых профилей,24.20.1,2025,
Производство сварных труб,24.20.2,2025,
"Производство стальных фитингов для труб, кроме литых",24.20.3,2025,
Производство прочих стальных изделий первичной обработкой,24.3,2025,
Производство холоднотянутого штрипса,24.32,2025,
Производство профилей с помощью холодной штамповки или гибки,24.33,2025,
Производство проволоки методом холодного волочения,24.34,2025,
"Производство основных драгоценных металлов и прочих цветных металлов, производство ядерного топлива",24.4,2025,100.8228988647461
Производство драгоценных металлов,24.41,2025,
Производство алюминия,24.42,2025,
"Производство свинца, цинка и олова",24.43,2025,
Производство свинца,24.43.1,2025,
Производство цинка,24.43.2,2025,
Производство олова,24.43.3,2025,
Производство меди,24.44,2025,1.4320999383926392
Литье металлов,24.5,2025,
Литье чугуна,24.51,2025,
Литье стали,24.52,2025,
"Производство готовых металлических изделий, кроме машин и оборудования",25,2025,212.95440673828125
"Производство готовых металлических изделий, не включенных в другие группировки",25.04.АГ,2025,190.2696990966797
Производство строительных металлических конструкций и изделий,25.1,2025,9.93440055847168
"Производство строительных металлических конструкций, изделий и их частей",25.11,2025,9.93440055847168
Производство металлических дверей и окон,25.12,2025,
"Производство металлических цистерн, резервуаров и прочих емкостей",25.2,2025,
Производство радиаторов и котлов центрального отопления,25.21,2025,
Производство радиаторов,25.21.1,2025,
Производство котлов центрального отопления,25.21.2,2025,
"Производство прочих металлических цистерн, резервуаров и емкостей",25.29,2025,
"Производство паровых котлов, кроме котлов центрального отопления",25.3,2025,
"Производство паровых котлов, кроме котлов центрального отопления",25.30,2025,
Производство паровых котлов и их частей,25.30.1,2025,
"Производство ядерных установок и их составных частей, в том числе для транспортных средств",25.30.2,2025,
"Производство ядерных установок, кроме устройств для разделения изотопов",25.30.21,2025,
"Производство частей ядерных установок, кроме устройств для разделения изотопов",25.30.22,2025,
"Ковка, прессование, штамповка и профилирование; изготовление изделий методом порошковой металлургии",25.5,2025,
"Ковка, прессование, штамповка и профилирование, изготовление изделий методом порошковой металлургии",25.50,2025,
"Предоставление услуг по ковке, прессованию, объемной и листовой штамповке и профилированию листового металла",25.50.1,2025,
Предоставление услуг по производству изделий методом порошковой металлургии,25.50.2,2025,
Обработка металлов и нанесение покрытий на металлы; механическая обработка металлов,25.6,2025,3.1583001613616943
Обработка металлов и нанесение покрытий на металлы,25.61,2025,
Обработка металлических изделий механическая,25.62,2025,2.9885001182556152
"Производство ножевых изделий и столовых приборов, инструментов и универсальных скобяных изделий",25.7,2025,
Производство ножевых изделий и столовых приборов,25.71,2025,
"Производство замков, петель",25.72,2025,
Производство инструмента,25.73,2025,
"Производство компьютеров, электронных и оптических изделий",26,2025,152.13650512695312
Производство элементов электронной аппаратуры и печатных схем (плат),26.1,2025,
Производство элементов электронной аппаратуры,26.11,2025,
Производство электронных вакуумных ламп и трубок и прочих электронных вакуумных приборов,26.11.1,2025,
"Производство диодов, транзисторов и прочих полупроводниковых приборов, включая светоизлучающие диоды, пьезоэлектрические приборы и их части",26.11.2,2025,
Производство интегральных электронных схем,26.11.3,2025,
"Производство частей электронных ламп, трубок и прочих электронных компонентов, не включенных в другие группировки",26.11.9,2025,
Производство электронных печатных плат,26.12,2025,
Производство компьютеров и периферийного оборудования,26.2,2025,6.329999923706055
Производство компьютеров и периферийного оборудования,26.20,2025,6.329999923706055
"Производство устройств автоматической обработки данных, информационных и телекоммуникационных систем",26.20.04.АГ,2025,
Производство компьютеров,26.20.1,2025,
Производство периферийного оборудования,26.20.2,2025,
Производство запоминающих устройств и прочих устройств хранения данных,26.20.3,2025,
Производство коммуникационного оборудования,26.3,2025,5.589000225067139
Производство коммуникационного оборудования,26.30,2025,5.589000225067139
"Производство прочего коммуникационного оборудования, не включенного в другие группировки",26.30.01.АГ,2025,
"Производство коммуникационной аппаратуры, радио- и телевизионной передающей аппаратуры, телевизионных камер",26.30.1,2025,5.589000225067139
"Производство средств связи, выполняющих функцию систем коммутации",26.30.11,2025,3.8359999656677246
"Производство оборудования средств связи, в том числе программное обеспечение, обеспечивающее выполнение установленных действий при проведении оперативно-розыскных мероприятий",26.30.16,2025,
Производство радио- и телевизионной передающей аппаратуры,26.30.17,2025,
Производство телевизионных камер,26.30.18,2025,
Производство прочего коммуникационного оборудования,26.30.19,2025,
"Производство оконечного (пользовательского) оборудования телефонной или телеграфной связи, аппаратуры видеосвязи",26.30.2,2025,
"Производство прочих телефонных аппаратов, устройств и аппаратуры для передачи и приема речи, изображений или других данных, включая оборудование коммуникационное для работы в проводных или беспроводных сетях связи (например, локальных и глобальных сетях)",26.30.29,2025,
Производство запасных частей и комплектующих коммуникационного оборудования,26.30.3,2025,
"Производство антенн, антенных отражателей всех видов и их деталей",26.30.4,2025,
Производство запасных частей и комплектующих радио- и телевизионной передающей аппаратуры и телевизионных камер,26.30.5,2025,
Производство охранно-пожарной сигнализации и аналогичных приборов,26.30.6,2025,
Производство бытовой электроники,26.4,2025,
Производство бытовой электроники,26.40,2025,
"Производство телевизионных приемников, включая видеомониторы и видеопроекторы",26.40.2,2025,
Производство телевизоров жидкокристаллических и плазменных,26.40.22,2025,
Производство видеомониторов и видеопроекторов,26.40.23,2025,
Производство аппаратуры для записи и воспроизведения звука и изображения,26.40.3,2025,
Производство электроакустической аппаратуры,26.40.4,2025,
Производство частей звукозаписывающей и звуковоспроизводящей аппаратуры и видеоаппаратуры,26.40.5,2025,
Производство контрольно-измерительных и навигационных приборов и аппаратов; производство часов,26.5,2025,67.41950225830078
"Производство инструментов и приборов для измерения, тестирования и навигации",26.51,2025,67.41950225830078
"Производство прочих инструментов и приборов для измерения, тестирования и навигации",26.51.02.АГ,2025,54.4276008605957
"Производство навигационных, метеорологических, геодезических, геофизических и аналогичного типа приборов, аппаратуры и инструментов",26.51.1,2025,
"Производство точных весов; производство ручных инструментов для черчения, разметки и математических расчетов; производство ручных инструментов для измерения линейных размеров, не включенных в другие группировки",26.51.3,2025,
Производство приборов и аппаратуры для измерения электрических величин или ионизирующих излучений,26.51.4,2025,
Производство приборов для контроля прочих физических величин,26.51.5,2025,
"Производство прочих приборов, датчиков, аппаратуры и инструментов для измерения, контроля и испытаний",26.51.6,2025,
Производство приборов и аппаратуры для автоматического регулирования или управления,26.51.7,2025,
Производство часов,26.52,2025,
Производство часов всех видов и прочих приборов времени,26.52.1,2025,
"Производство облучающего и электротерапевтического оборудования, применяемого в медицинских целях",26.6,2025,
"Производство облучающего и электротерапевтического оборудования, применяемого в медицинских целях",26.60,2025,
"Производство аппаратов, применяемых в медицинских целях, основанных на использовании рентгеновского, альфа-, бета- и гамма-излучений",26.60.1,2025,
"Производство инструмента, оборудования и приспособлений, применяемых в медицинских целях",26.60.4,2025,
"Производство диагностического и терапевтического оборудования, применяемого в медицинских целях",26.60.5,2025,
"Производство ультразвукового оборудования, применяемого в медицинских целях",26.60.7,2025,
"Производство оптических приборов, фото- и кинооборудования",26.7,2025,
"Производство оптических приборов, фото- и кинооборудования",26.70,2025,
Производство фото- и кинооборудования,26.70.1,2025,
Производство оптических систем обнаружения оружия,26.70.3,2025,
Производство оборудования оптического позиционирования на местности,26.70.4,2025,
Производство оптических прицелов и приборов определения координат целей,26.70.6,2025,
Производство незаписанных магнитных и оптических технических носителей информации,26.8,2025,
Производство незаписанных магнитных и оптических технических носителей информации,26.80,2025,
Производство электрического оборудования,27,2025,23.371599197387695
"Производство электродвигателей, генераторов, трансформаторов и распределительных устройств, а также контрольно-измерительной аппаратуры",27.1,2025,4.959000110626221
"Производство электродвигателей, электрогенераторов и трансформаторов",27.11,2025,
"Производство электродвигателей, генераторов и трансформаторов, кроме ремонта",27.11.1,2025,
Производство электродвигателей,27.11.11,2025,
Производство генераторов,27.11.12,2025,
Производство трансформаторов,27.11.13,2025,
Производство электрической распределительной и регулирующей аппаратуры,27.12,2025,
Производство электрических аккумуляторов и аккумуляторных батарей,27.2,2025,
Производство электрических аккумуляторов и аккумуляторных батарей,27.20,2025,
"Производство первичных элементов, батарей первичных элементов и их частей",27.20.1,2025,
"Производство аккумуляторов, в том числе для автомобилей, аккумуляторных батарей и их составных частей",27.20.2,2025,
Производство аккумуляторов для автомобилей,27.20.21,2025,
Производство аккумуляторных батарей и их частей,27.20.22,2025,
Производство прочих аккумуляторов,27.20.23,2025,
Производство солнечных батарей для наземного энергообеспечения и их составных частей,27.20.3,2025,
Производство кабелей и кабельной арматуры,27.3,2025,10.107999801635742
Производство волоконно-оптических кабелей,27.31,2025,
Производство прочих проводов и кабелей для электронного и электрического оборудования,27.32,2025,9.527999877929688
Производство кабелей для телефонной связи,27.32.1,2025,
Производство силовых кабелей,27.32.2,2025,6.627999782562256
Производство обмоточных эмалированных кабелей,27.32.3,2025,
Производство электроустановочных изделий,27.33,2025,
Производство электрических ламп и осветительного оборудования,27.4,2025,
Производство электрических ламп и осветительного оборудования,27.40,2025,
Производство бытовых приборов,27.5,2025,
Производство бытовых электрических приборов,27.51,2025,
Производство бытовых неэлектрических приборов,27.52,2025,
Производство прочего электрического оборудования,27.9,2025,
Производство прочего электрического оборудования,27.90,2025,
"Производство электрического оборудования прочего, не включенного в другие группировки",27.90.9,2025,
"Производство машин и оборудования, не включенных в другие группировки",28,2025,43.73530197143555
Производство машин и оборудования общего назначения,28.1,2025,
"Производство двигателей и турбин, кроме авиационных, автомобильных и мотоциклетных двигателей",28.11,2025,
"Производство двигателей, кроме авиационных, автомобильных и мотоциклетных",28.11.1,2025,
Производство турбин,28.11.2,2025,
Производство паровых турбин,28.11.21,2025,
Производство гидравлического и пневматического силового оборудования,28.12,2025,
Производство гидравлических и пневматических силовых установок и двигателей,28.12.1,2025,
Производство гидравлических насосов,28.12.2,2025,
Производство прочих насосов и компрессоров,28.13,2025,
Производство арматуры трубопроводной (арматуры),28.14,2025,
"Производство подшипников, зубчатых передач, элементов механических передач и приводов",28.15,2025,
Производство шариковых и роликовых подшипников,28.15.1,2025,
"Производство корпусов подшипников и подшипников скольжения, зубчатых колес, зубчатых передач и элементов приводов",28.15.2,2025,
Производство прочих машин и оборудования общего назначения,28.2,2025,11.206999778747559
"Производство печей, термокамер и печных горелок",28.21,2025,
"Производство неэлектрических печей, горелок и устройств для них",28.21.1,2025,
Производство электрических печей,28.21.2,2025,
Производство подъемно-транспортного оборудования,28.22,2025,
Производство талей и подъемников,28.22.1,2025,
Производство домкратов и подъемных механизмов для транспортных средств,28.22.3,2025,
Производство подъемных кранов,28.22.4,2025,
Производство подъемных кранов для строительства,28.22.41,2025,
Производство прочих подъемных кранов,28.22.42,2025,
"Производство автопогрузчиков и тягачей, используемых на железнодорожных платформах",28.22.5,2025,
"Производство лифтов, скиповых подъемников, эскалаторов и движущихся пешеходных дорожек",28.22.6,2025,
Производство пневматических подъемников и конвейеров и прочего оборудования непрерывного действия для товаров или материалов,28.22.7,2025,
"Производство прочего грузоподъемного, транспортирующего и погрузочно-разгрузочного оборудования",28.22.9,2025,
Производство офисной техники и оборудования (кроме компьютеров и периферийного оборудования),28.23,2025,
"Производство фотокопировальных машин, офисных машин для офсетной печати и прочих офисных машин и оборудования и их составных частей",28.23.2,2025,
Производство ручных инструментов с механизированным приводом,28.24,2025,
Производство промышленного холодильного и вентиляционного оборудования,28.25,2025,
"Производство теплообменных устройств, оборудования для кондиционирования воздуха промышленного холодильного и морозильного оборудования, производство оборудования для фильтрования и очистки газов",28.25.1,2025,
Производство теплообменных устройств и машин для сжижения воздуха или прочих газов,28.25.11,2025,
Производство оборудования для кондиционирования воздуха,28.25.12,2025,
Производство промышленного холодильного и морозильного оборудования,28.25.13,2025,
Производство оборудования для фильтрования и очистки газов,28.25.14,2025,
Производство вентиляторов,28.25.2,2025,
"Производство прочих машин и оборудования общего назначения, не включенного в другие группировки",28.29,2025,
"Производство газогенераторов, аппаратов для дистилляции и фильтрования",28.29.1,2025,
"Производство генераторов для получения генераторного или водяного газа, ацетиленовых и аналогичных газогенераторов, установок для дистилляции или очистки",28.29.11,2025,
Производство оборудования и установок для фильтрования или очистки жидкостей,28.29.12,2025,
"Производство масляных, бензиновых и всасывающих воздушных фильтров для двигателей внутреннего сгорания",28.29.13,2025,
"Производство оборудования для мойки, заполнения, закупоривания или упаковывания бутылок или прочих емкостей, огнетушителей, распылителей, пароструйных или пескоструйных машин, прокладок",28.29.2,2025,
"Производство оборудования для мойки, заполнения, закупоривания или упаковывания бутылок или прочих емкостей",28.29.21,2025,
"Производство огнетушителей, распылителей, пароструйных или пескоструйных машин",28.29.22,2025,
"Производство промышленного, бытового и прочего оборудования для взвешивания и дозировки",28.29.3,2025,
Производство промышленного оборудования для взвешивания и дозировки,28.29.31,2025,
"Производство центрифуг, каландров и торговых автоматов",28.29.4,2025,
Производство центрифуг,28.29.41,2025,
"Производство оборудования для обработки материалов с использованием процессов, включающих изменение температуры, не включенного в другие группировки",28.29.6,2025,
"Производство неэлектрического оборудования и инструментов для пайки мягким и твердым припоем или сварки, машин и аппаратов для газотермического напыления",28.29.7,2025,
Производство машин и оборудования для сельского и лесного хозяйства,28.3,2025,
Производство машин и оборудования для сельского и лесного хозяйства,28.30,2025,
Производство тракторов для сельского хозяйства,28.30.2,2025,
Производство колесных тракторов для сельского хозяйства,28.30.21,2025,
Производство машин и сельскохозяйственного оборудования для обработки почвы,28.30.3,2025,
Производство машин для уборки урожая,28.30.5,2025,
Производство зерноуборочных комбайнов,28.30.51,2025,
Производство прочих машин для уборки урожая,28.30.59,2025,
"Производство механических устройств для разбрасывания или распыления жидкостей или порошков, используемых в сельском хозяйстве или садоводстве",28.30.6,2025,
Производство самозагружающихся или саморазгружающихся прицепов и полуприцепов для сельского хозяйства,28.30.7,2025,
Производство прочих машин и оборудования для сельского и лесного хозяйства,28.30.8,2025,
Производство доильных аппаратов,28.30.82,2025,
Производство оборудования для приготовления кормов для животных,28.30.83,2025,
Производство машин и оборудования для содержания птицы,28.30.85,2025,
"Производство прочих машин и оборудования для сельского хозяйства, садоводства, птицеводства или пчеловодства, не включенных в другие группировки",28.30.89,2025,
"Производство станков, машин и оборудования для обработки металлов и прочих твердых материалов",28.4,2025,1.4470000267028809
Производство металлообрабатывающего оборудования,28.41,2025,
Производство металлообрабатывающих станков,28.41.1,2025,
Производство кузнечно-прессового оборудования,28.41.2,2025,
"Производство аддитивных установок, использующих в качестве сырья металл, керамику и композиты",28.41.3,2025,
Производство прочих станков,28.49,2025,
"Производство станков для обработки камня, дерева и аналогичных твердых материалов",28.49.1,2025,
"Производство станков для обработки камня, керамики, бетона или аналогичных минеральных материалов или для холодной обработки стекла",28.49.11,2025,
Производство деревообрабатывающих станков,28.49.12,2025,
Производство делительных головок и прочих специальных приспособлений для станков,28.49.4,2025,
Производство прочих машин специального назначения,28.9,2025,23.58930015563965
Производство машин и оборудования для металлургии,28.91,2025,
"Производство конвертеров, ковшей, изложниц и литейных машин",28.91.1,2025,
Производство прокатных станов,28.91.2,2025,
Производство валков для прокатных станов,28.91.3,2025,
Производство машин и оборудования для добычи полезных ископаемых и строительства,28.92,2025,
Производство оборудования для добычи полезных ископаемых подземным способом,28.92.1,2025,
Производство подъемников и конвейеров непрерывного действия для подземных работ,28.92.11,2025,
"Производство прочих машин для перемещения, грейдерных работ, планирования, скреперных работ, выемки, трамбовки, уплотнения или добычи, самоходных, для грунта, минералов или руд",28.92.2,2025,
Производство самоходных грейдеров и планировщиков,28.92.22,2025,
Производство самоходных фронтальных одноковшовых погрузчиков,28.92.25,2025,
Производство одноковшовых полноповоротных экскаваторов и погрузчиков,28.92.26,2025,
Производство прочих машин для выемки грунта и строительства,28.92.3,2025,
"Производство машин и оборудования для производства пищевых продуктов, напитков и табачных изделий",28.93,2025,
"Производство машин и оборудования для изготовления текстильных, швейных, меховых и кожаных изделий",28.94,2025,
"Производство прочего оборудования для текстильной и швейной промышленности, в том числе промышленных швейных машин",28.94.2,2025,
Производство машин и оборудования для изготовления бумаги и картона,28.95,2025,
"Производство прочих машин и оборудования специального назначения, не включенных в другие группировки",28.99,2025,19.993999481201172
"Производство прочего оборудования специального назначения, не включенного в другие группировки",28.99.03.АГ,2025,19.993999481201172
"Производство переплетного, наборного, включая фотонаборные машины, печатного оборудования и его составных частей",28.99.1,2025,
Производство оборудования технологического специального для объектов использования атомной энергии,28.99.4,2025,
Производство промышленных роботов и робототехнических устройств,28.99.5,2025,
"Производство автотранспортных средств, прицепов и полуприцепов",29,2025,14.180400848388672
Производство автотранспортных средств,29.1,2025,
Производство автотранспортных средств,29.10,2025,
Производство двигателей внутреннего сгорания автотранспортных средств,29.10.1,2025,
Производство двигателей внутреннего сгорания с рабочим объемом цилиндров более 1000 см3,29.10.12,2025,
Производство двигателей внутреннего сгорания с воспламенением от сжатия,29.10.13,2025,
Производство легковых автомобилей,29.10.2,2025,
Производство автобусов и троллейбусов,29.10.3,2025,
Производство автобусов,29.10.31,2025,
Производство троллейбусов,29.10.32,2025,
Производство грузовых автомобилей,29.10.4,2025,
Производство автомобилей специального назначения,29.10.5,2025,
Производство кузовов для автотранспортных средств; производство прицепов и полуприцепов,29.2,2025,1.2050000429153442
Производство кузовов для автотранспортных средств; производство прицепов и полуприцепов,29.20,2025,1.2050000429153442
Производство кузовов для легковых автомобилей,29.20.1,2025,
Производство кузовов для грузовых автомобилей,29.20.2,2025,
Производство кузовов для автобусов,29.20.3,2025,
Производство прицепов и полуприцепов,29.20.4,2025,
Производство грузовых контейнеров,29.20.5,2025,
Производство комплектующих и принадлежностей для автотранспортных средств,29.3,2025,1.9500000476837158
Производство электрического и электронного оборудования для автотранспортных средств,29.31,2025,
Производство прочих комплектующих и принадлежностей для автотранспортных средств,29.32,2025,1.3009999990463257
Производство сидений для автотранспортных средств,29.32.1,2025,
"Производство ремней безопасности, подушек безопасности, их частей и принадлежностей кузовов",29.32.2,2025,
"Производство частей и принадлежностей для автотранспортных средств, не включенных в другие группировки",29.32.3,2025,
Производство прочих транспортных средств и оборудования,30,2025,125.0363998413086
"Производство прочих транспортных средств, не включенных в другие группировки",30.01.АГ,2025,3.9170000553131104
Производство железнодорожных локомотивов и подвижного состава,30.2,2025,
Производство железнодорожных локомотивов и подвижного состава,30.20,2025,
Производство железнодорожных локомотивов,30.20.1,2025,
Производство магистральных электровозов,30.20.11,2025,
Производство магистральных тепловозов,30.20.12,2025,
Производство маневровых тепловозов,30.20.13,2025,
"Производство моторных железнодорожных, трамвайных вагонов и вагонов метро, автодрезин, кроме транспортных средств для ремонта и технического обслуживания железнодорожных и трамвайных путей",30.20.2,2025,
Производство прочего подвижного состава,30.20.3,2025,
"Производство транспортных средств для ремонта и технического обслуживания железнодорожных, трамвайных и прочих путей",30.20.31,2025,
"Производство немоторных пассажирских железнодорожных, трамвайных вагонов и вагонов метро, багажных, почтовых и прочих вагонов специального назначения, кроме вагонов, предназначенных для ремонта и технического обслуживания путей",30.20.32,2025,
"Производство несамоходных железнодорожных, трамвайных и прочих вагонов для перевозки грузов",30.20.33,2025,
"Производство частей железнодорожных локомотивов, трамвайных и прочих моторных вагонов и подвижного состава; производство путевого оборудования и устройств для железнодорожных, трамвайных и прочих путей, механического и электромеханического оборудования для управления движением",30.20.4,2025,
"Предоставление услуг по восстановлению и оснащению (завершению) железнодорожных локомотивов, трамвайных моторных вагонов и прочего подвижного состава",30.20.9,2025,
"Производство летательных аппаратов, включая космические, и соответствующего оборудования",30.3,2025,121.07039642333984
"Производство летательных аппаратов, включая космические, и соответствующего оборудования",30.30,2025,121.07039642333984
"Производство силовых установок и двигателей для летательных аппаратов, включая космические; наземных тренажеров для летного состава; их частей",30.30.1,2025,14.931699752807617
Производство двигателей летательных аппаратов с искровым зажиганием и их частей,30.30.11,2025,
Производство турбореактивных и турбовинтовых двигателей и их частей,30.30.12,2025,14.931699752807617
Производство реактивных двигателей и их частей,30.30.13,2025,
Производство наземных тренажеров для летного состава и их частей,30.30.14,2025,
"Производство аэростатов, дирижаблей, планеров, дельтапланов и прочих безмоторных летательных аппаратов",30.30.2,2025,
"Производство вертолетов, самолетов и прочих летательных аппаратов",30.30.3,2025,
Производство вертолетов,30.30.31,2025,
Производство самолетов,30.30.32,2025,
Производство прочих летательных аппаратов,30.30.39,2025,
"Производство космических аппаратов (в том числе спутников), ракет-носителей",30.30.4,2025,
Производство частей и принадлежностей летательных и космических аппаратов,30.30.5,2025,
Производство беспилотных авиационных систем,30.30.6,2025,
"Производство транспортных средств и оборудования, не включенных в другие группировки",30.9,2025,
Производство мотоциклов,30.91,2025,
Производство велосипедов и инвалидных колясок,30.92,2025,
Производство велосипедов,30.92.1,2025,
Производство инвалидных колясок,30.92.2,2025,
"Производство прочих транспортных средств и оборудования, не включенных в другие группировки",30.99,2025,
Производство мебели,31,2025,
Производство мебели,31.0,2025,
Производство мебели для офисов и предприятий торговли,31.01,2025,
Производство кухонной мебели,31.02,2025,
Производство матрасов,31.03,2025,
Производство прочей мебели,31.09,2025,
Производство прочих готовых изделий,32,2025,
"Производство ювелирных изделий, бижутерии и подобных товаров",32.1,2025,
Чеканка монет,32.11,2025,
Производство ювелирных изделий и аналогичных изделий,32.12,2025,
Обработка алмазов,32.12.3,2025,
"Обработка драгоценных, полудрагоценных, поделочных и синтетических камней, кроме алмазов и янтаря; производство изделий из полудрагоценных, поделочных и синтетических камней, кроме янтаря",32.12.4,2025,
"Производство ювелирных изделий, медалей из драгоценных металлов и драгоценных камней",32.12.5,2025,
Производство спортивных товаров,32.3,2025,
Производство спортивных товаров,32.30,2025,
Производство игр и игрушек,32.4,2025,
Производство игр и игрушек,32.40,2025,
Производство медицинских инструментов и оборудования,32.5,2025,
Производство медицинских инструментов и оборудования,32.50,2025,
"Производство изделий, не включенных в другие группировки",32.9,2025,
Производство метел и щеток,32.91,2025,
"Производство прочих готовых изделий, не включенных в другие группировки",32.99,2025,
Производство головных защитных уборов и прочих средств защиты,32.99.1,2025,
Производство изделий народных художественных промыслов,32.99.8,2025,
"Производство прочих изделий, не включенных в другие группировки",32.99.9,2025,
Ремонт и монтаж машин и оборудования,33,2025,2.809999942779541
"Ремонт и монтаж металлических изделий, машин и оборудования",33.1,2025,2.809999942779541
Ремонт металлоизделий,33.11,2025,
Ремонт машин и оборудования,33.12,2025,2.2739999294281006
Ремонт электронного и оптического оборудования,33.13,2025,
Ремонт электрического оборудования,33.14,2025,
Ремонт и техническое обслуживание судов и лодок,33.15,2025,
"Ремонт и техническое обслуживание летательных аппаратов, включая космические",33.16,2025,
Ремонт и техническое обслуживание прочих транспортных средств и оборудования,33.17,2025,
Ремонт прочего оборудования,33.19,2025,
Монтаж промышленных машин и оборудования,33.2,2025,
Монтаж промышленных машин и оборудования,33.20,2025,
"ОБЕСПЕЧЕНИЕ ЭЛЕКТРИЧЕСКОЙ ЭНЕРГИЕЙ, ГАЗОМ И ПАРОМ; КОНДИЦИОНИРОВАНИЕ ВОЗДУХА",D,2025,241.00990295410156
"Обеспечение электрической энергией, газом и паром; кондиционирование воздуха",35,2025,241.00990295410156
"Производство, передача и распределение электроэнергии",35.1,2025,192.21670532226562
Производство электроэнергии,35.11,2025,
"Производство электроэнергии тепловыми электростанциями, в том числе деятельность по обеспечению работоспособности электростанций",35.11.1,2025,
"Производство электроэнергии гидроэлектростанциями, в том числе деятельность по обеспечению работоспособности электростанций",35.11.2,2025,
"Производство электроэнергии атомными электростанциями, в том числе деятельность по обеспечению работоспособности электростанций",35.11.3,2025,
"Производство электроэнергии, получаемой из возобновляемых источников энергии, включая выработанную солнечными, ветровыми, геотермальными электростанциями, в том числе деятельность по обеспечению их работоспособности",35.11.4,2025,
Передача электроэнергии и технологическое присоединение к распределительным электросетям,35.12,2025,59.96699905395508
Передача электроэнергии,35.12.1,2025,43.14699935913086
Технологическое присоединение к распределительным электросетям,35.12.2,2025,
Распределение электроэнергии,35.13,2025,90.58079528808594
Торговля электроэнергией,35.14,2025,41.644100189208984
Производство и распределение газообразного топлива,35.2,2025,37.604698181152344
Производство газа,35.21,2025,
Распределение газообразного топлива по газораспределительным сетям,35.22,2025,36.0172004699707
"Распределение природного, сухого (отбензиненного) газа по газораспределительным сетям",35.22.1,2025,
"Распределение природного, сухого (отбензиненного) газа по газораспределительным сетям по тарифам, регулируемым государством",35.22.11,2025,
"Торговля газообразным топливом, подаваемым по распределительным сетям",35.23,2025,1.587499976158142
"Торговля природным, сухим (отбензиненным) газом, подаваемым по распределительным сетям",35.23.1,2025,
"Торговля природным, сухим (отбензиненным) газом, подаваемым по распределительным сетям по регулируемым государством ценам (тарифам)",35.23.11,2025,
"Торговля сжиженными углеводородными газами, подаваемыми по распределительным сетям",35.23.2,2025,
"Торговля сжиженными углеводородными газами, подаваемыми по распределительным сетям по регулируемым государством ценам (тарифам)",35.23.21,2025,
"Производство, передача и распределение пара и горячей воды; кондиционирование воздуха",35.3,2025,11.18850040435791
"Производство, передача и распределение пара и горячей воды; кондиционирование воздуха",35.30,2025,11.18850040435791
Производство пара и горячей воды (тепловой энергии),35.30.1,2025,8.169500350952148
Производство пара и горячей воды (тепловой энергии) тепловыми электростанциями,35.30.11,2025,
Производство пара и горячей воды (тепловой энергии) прочими электростанциями и промышленными блок-станциями,35.30.13,2025,
Производство пара и горячей воды (тепловой энергии) котельными,35.30.14,2025,8.169500350952148
Передача пара и горячей воды (тепловой энергии),35.30.2,2025,
Распределение пара и горячей воды (тепловой энергии),35.30.3,2025,
Обеспечение работоспособности котельных,35.30.4,2025,
Обеспечение работоспособности тепловых сетей,35.30.5,2025,
Торговля паром и горячей водой (тепловой энергией),35.30.6,2025,
"ВОДОСНАБЖЕНИЕ; ВОДООТВЕДЕНИЕ, ОРГАНИЗАЦИЯ СБОРА И УТИЛИЗАЦИИ ОТХОДОВ, ДЕЯТЕЛЬНОСТЬ ПО ЛИКВИДАЦИИ ЗАГРЯЗНЕНИЙ",E,2025,225.02890014648438
"Забор, очистка и распределение воды",36,2025,193.04190063476562
"Забор, очистка и распределение воды",36.0,2025,193.04190063476562
"Забор, очистка и распределение воды",36.00,2025,193.04190063476562
Забор и очистка воды для питьевых и промышленных нужд,36.00.1,2025,32.73400115966797
Распределение воды для питьевых и промышленных нужд,36.00.2,2025,1.54830002784729
Сбор и обработка сточных вод,37,2025,1.9743000268936157
Сбор и обработка сточных вод,37.0,2025,1.9743000268936157
Сбор и обработка сточных вод,37.00,2025,1.9743000268936157
"Сбор, обработка и утилизация отходов; обработка вторичного сырья",38,2025,5.012700080871582
Сбор отходов,38.1,2025,4.7906999588012695
Сбор неопасных отходов,38.11,2025,4.7906999588012695
Сбор опасных отходов,38.12,2025,
Обработка и утилизация отходов,38.2,2025,
Обработка и утилизация неопасных отходов,38.21,2025,
"Утилизация неопасных отходов с получением энергии, топлива, компоста",38.21.1,2025,
Утилизация твердых коммунальных отходов с получением энергии,38.21.11,2025,
Утилизация неопасных отходов с получением компоста,38.21.13,2025,
Захоронение неопасных отходов,38.21.2,2025,
Захоронение твердых коммунальных отходов,38.21.21,2025,
Обработка и утилизация опасных отходов,38.22,2025,
Обработка и утилизация радиоактивных отходов,38.22.1,2025,
Деятельность по обращению с отработавшим ядерным топливом,38.22.11,2025,
Деятельность по обращению с особыми радиоактивными отходами,38.22.12,2025,
Деятельность по обращению с удаляемыми радиоактивными отходами,38.22.13,2025,
"Обработка и утилизация опасных отходов прочих, не включенных в другие группировки",38.22.9,2025,
Деятельность по обработке вторичного сырья,38.3,2025,
Утилизация отсортированных материалов,38.32,2025,
Сортировка материалов для дальнейшего использования,38.32.1,2025,
Обработка (переработка) лома и отходов драгоценных металлов,38.32.2,2025,
"Заготовка, хранение, переработка и реализация лома и отходов черных металлов",38.32.3,2025,
"Заготовка, хранение, переработка и реализация лома и отходов цветных металлов",38.32.4,2025,
"Заготовка, хранение, переработка и реализация лома и отходов металлов, содержащих медь",38.32.41,2025,
"Заготовка, хранение, переработка и реализация лома и отходов металлов, содержащих никель",38.32.42,2025,
"Заготовка, хранение, переработка и реализация лома и отходов металлов, содержащих алюминий",38.32.43,2025,
"Заготовка, хранение, переработка и реализация лома и отходов, содержащих прочие цветные металлы",38.32.49,2025,
Утилизация вторичных неметаллических ресурсов во вторичное сырье,38.32.5,2025,
Утилизация отходов бумаги и картона во вторичное сырье,38.32.52,2025,
Утилизация отходов и лома пластмасс во вторичное сырье,38.32.53,2025,
Утилизация отходов резины во вторичное сырье,38.32.54,2025,
Утилизация прочих вторичных неметаллических ресурсов во вторичное сырье,38.32.59,2025,
"Захоронение неопасных отходов, за исключением твердых коммунальных отходов",38.21.22,2025,
Обезвреживание неопасных отходов,38.21.3,2025,
"Обезвреживание неопасных отходов, за исключением энергетической утилизации",38.21.31,2025,
Обезвреживание неопасных отходов прочими методами кроме сжигания,38.21.32,2025,
"Предоставление услуг в области ликвидации последствий загрязнений и прочих услуг, связанных с удалением отходов",39,2025,
"Предоставление услуг в области ликвидации последствий загрязнений и прочих услуг, связанных с удалением отходов",39.0,2025,
"Предоставление услуг в области ликвидации последствий загрязнений и прочих услуг, связанных с удалением отходов",39.00,2025,
СТРОИТЕЛЬСТВО,F,2025,145.88600158691406
Строительство зданий,41,2025,16.764400482177734
Разработка строительных проектов,41.1,2025,
Разработка строительных проектов,41.10,2025,
Строительство жилых и нежилых зданий,41.2,2025,16.764400482177734
Строительство жилых и нежилых зданий,41.20,2025,16.764400482177734
Жилищное строительство,41.20.1,2025,
Прочие виды строительства жилых и нежилых зданий,41.20.9,2025,
Строительство инженерных сооружений,42,2025,101.35399627685547
Строительство автомобильных и железных дорог,42.1,2025,19.32990074157715
Строительство автомобильных дорог и автомагистралей,42.11,2025,16.927900314331055
Строительство железных дорог и метро,42.12,2025,
Строительство мостов и тоннелей,42.13,2025,
Строительство инженерных коммуникаций,42.2,2025,26.03459930419922
"Строительство инженерных коммуникаций для водоснабжения и водоотведения, газоснабжения",42.21,2025,26.03459930419922
Строительство коммунальных объектов для обеспечения электроэнергией и телекоммуникациями,42.22,2025,
Строительство междугородних линий электропередачи и связи,42.22.1,2025,
Строительство местных линий электропередачи и связи,42.22.2,2025,
Строительство электростанций,42.22.3,2025,
Строительство прочих инженерных сооружений,42.9,2025,55.989498138427734
Строительство водных сооружений,42.91,2025,
Строительство портовых сооружений,42.91.1,2025,
Строительство гидротехнических сооружений,42.91.2,2025,
"Производство дноочистительных, дноуглубительных и берегоукрепительных работ",42.91.4,2025,
"Производство подводных работ, включая водолазные",42.91.5,2025,
"Строительство прочих инженерных сооружений, не включенных в другие группировки",42.99,2025,55.900001525878906
Работы строительные специализированные,43,2025,27.76759910583496
"Разборка и снос зданий, подготовка строительного участка",43.1,2025,0.9065999984741211
Разборка и снос зданий,43.11,2025,
Разборка и снос зданий,43.11.1,2025,
Подготовка строительной площадки,43.12,2025,
Расчистка территории строительной площадки,43.12.1,2025,
Производство земляных работ,43.12.3,2025,
"Подготовка участка к разработке и добыче полезных ископаемых, за исключением нефтяных и газовых участков",43.12.4,2025,
Разведочное бурение,43.13,2025,
"Производство электромонтажных, санитарно-технических и прочих строительно-монтажных работ",43.2,2025,22.28700065612793
Производство электромонтажных работ,43.21,2025,20.597000122070312
"Производство санитарно-технических работ, монтаж отопительных систем и систем кондиционирования воздуха",43.22,2025,
Производство прочих строительно-монтажных работ,43.29,2025,
Работы строительные отделочные,43.3,2025,
Производство штукатурных работ,43.31,2025,
Работы столярные и плотничные,43.32,2025,
"Установка дверей (кроме автоматических и вращающихся), окон, дверных и оконных рам из дерева или прочих материалов",43.32.1,2025,
"Работы по установке внутренних лестниц, встроенных шкафов, встроенного кухонного оборудования",43.32.2,2025,
Работы по устройству покрытий полов и облицовке стен,43.33,2025,
Производство малярных и стекольных работ,43.34,2025,
Производство малярных работ,43.34.1,2025,
Производство прочих отделочных и завершающих работ,43.39,2025,
Работы строительные специализированные прочие,43.9,2025,2.950000047683716
Производство кровельных работ,43.91,2025,
"Работы строительные специализированные прочие, не включенные в другие группировки",43.99,2025,2.950000047683716
Работы гидроизоляционные,43.99.1,2025,
Работы по установке строительных лесов и подмостей,43.99.2,2025,
Работы свайные и работы по строительству фундаментов,43.99.3,2025,
Работы бетонные и железобетонные,43.99.4,2025,
Работы по монтажу стальных строительных конструкций,43.99.5,2025,
Работы каменные и кирпичные,43.99.6,2025,
Работы по сборке и монтажу сборных конструкций,43.99.7,2025,
"Работы строительные специализированные, не включенные в другие группировки",43.99.9,2025,
ТОРГОВЛЯ ОПТОВАЯ И РОЗНИЧНАЯ; РЕМОНТ АВТОТРАНСПОРТНЫХ СРЕДСТВ И МОТОЦИКЛОВ,G,2025,1238.287109375
Торговля оптовая и розничная автотранспортными средствами и мотоциклами и их ремонт,45,2025,45.97119903564453
Торговля автотранспортными средствами,45.1,2025,36.235198974609375
Торговля легковыми автомобилями и грузовыми автомобилями малой грузоподъемности,45.11,2025,36.0172004699707
Торговля оптовая легковыми автомобилями и легкими автотранспортными средствами,45.11.1,2025,16.448999404907227
Торговля розничная легковыми автомобилями и легкими автотранспортными средствами в специализированных магазинах,45.11.2,2025,11.466400146484375
Торговля розничная легковыми автомобилями и легкими автотранспортными средствами прочая,45.11.3,2025,
Торговля розничная легковыми автомобилями и легкими автотранспортными средствами через информационно-коммуникационную сеть Интернет,45.11.31,2025,
Торговля оптовая легковыми автомобилями и легкими автотранспортными средствами за вознаграждение или на договорной основе,45.11.4,2025,
Торговля прочими автотранспортными средствами,45.19,2025,
Торговля оптовая прочими автотранспортными средствами,45.19.1,2025,
Торговля розничная прочими автотранспортными средствами в специализированных магазинах,45.19.2,2025,
Торговля розничная прочими автотранспортными средствами прочая,45.19.3,2025,
"Торговля розничная прочими автотранспортными средствами прочая, не включенная в другие группировки",45.19.39,2025,
Торговля оптовая прочими автотранспортными средствами за вознаграждение или на договорной основе,45.19.4,2025,
Торговля оптовая прочими автотранспортными средствами за вознаграждение или на договорной основе прочая,45.19.49,2025,
Техническое обслуживание и ремонт автотранспортных средств,45.2,2025,
Техническое обслуживание и ремонт автотранспортных средств,45.20,2025,
Техническое обслуживание и ремонт легковых автомобилей и легких грузовых автотранспортных средств,45.20.1,2025,
Техническое обслуживание и ремонт прочих автотранспортных средств,45.20.2,2025,
Техническая помощь на дорогах и транспортирование неисправных автотранспортных средств к месту их ремонта или стоянки,45.20.4,2025,
Деятельность по зарядке аккумуляторных батарей транспортных средств с электродвигателями,45.20.5,2025,
"Торговля автомобильными деталями, узлами и принадлежностями",45.3,2025,9.704999923706055
"Торговля оптовая автомобильными деталями, узлами и принадлежностями",45.31,2025,9.704999923706055
"Торговля оптовая автомобильными деталями, узлами и принадлежностями, кроме деятельности агентов",45.31.1,2025,9.704999923706055
"Деятельность агентов по оптовой торговле автомобильными деталями, узлами и принадлежностями",45.31.2,2025,
"Торговля розничная автомобильными деталями, узлами и принадлежностями",45.32,2025,
"Торговля розничная автомобильными деталями, узлами и принадлежностями в специализированных магазинах",45.32.1,2025,
"Торговля розничная автомобильными деталями, узлами и принадлежностями прочая",45.32.2,2025,
"Торговля розничная автомобильными деталями, узлами и принадлежностями через информационно-коммуникационную сеть Интернет",45.32.21,2025,
"Торговля розничная автомобильными деталями, узлами и принадлежностями прочая, не включенная в другие группировки",45.32.29,2025,
"Торговля мотоциклами, их деталями, узлами и принадлежностями; техническое обслуживание и ремонт мотоциклов",45.4,2025,
"Торговля мотоциклами, их деталями, узлами и принадлежностями; техническое обслуживание и ремонт мотоциклов",45.40,2025,
"Торговля оптовая мотоциклами, их деталями, узлами и принадлежностями",45.40.1,2025,
"Торговля оптовая, кроме оптовой торговли автотранспортными средствами и мотоциклами",46,2025,707.2039794921875
Торговля оптовая за вознаграждение или на договорной основе,46.1,2025,28.135099411010742
"Деятельность агентов по оптовой торговле сельскохозяйственным сырьем, живыми животными, текстильным сырьем и полуфабрикатами",46.11,2025,
"Деятельность агентов по оптовой торговле прочим сельскохозяйственным сырьем, текстильным сырьем и полуфабрикатами",46.11.3,2025,
Деятельность агентов по оптовой торговле зерном,46.11.31,2025,
"Деятельность агентов по оптовой торговле топливом, рудами, металлами и химическими веществами",46.12,2025,
"Деятельность агентов по оптовой торговле твердым, жидким и газообразным топливом и связанными продуктами",46.12.1,2025,
Деятельность агентов по оптовой торговле рудами и металлами в первичных формах,46.12.2,2025,
"Деятельность агентов по оптовой торговле промышленными и техническими химическими веществами, удобрениями и агрохимикатами",46.12.3,2025,
Деятельность агентов по оптовой торговле промышленными и техническими химическими веществами,46.12.31,2025,
Деятельность агентов по оптовой торговле удобрениями и агрохимикатами,46.12.32,2025,
Деятельность агентов по оптовой торговле лесоматериалами и строительными материалами,46.13,2025,
Деятельность агентов по оптовой торговле строительными материалами,46.13.2,2025,
"Деятельность агентов по оптовой торговле машинами, промышленным оборудованием, судами и летательными аппаратами",46.14,2025,
"Деятельность агентов по оптовой торговле вычислительной техникой, телекоммуникационным оборудованием и прочим офисным оборудованием",46.14.1,2025,
Деятельность агентов по оптовой торговле прочими видами машин и промышленным оборудованием,46.14.9,2025,
"Деятельность агентов по оптовой торговле мебелью, бытовыми товарами, скобяными, ножевыми и прочими металлическими изделиями",46.15,2025,
"Деятельность агентов по оптовой торговле текстильными изделиями, одеждой, обувью, изделиями из кожи и меха",46.16,2025,
"Деятельность агентов по оптовой торговле пищевыми продуктами, напитками и табачными изделиями",46.17,2025,
"Деятельность агентов, специализирующихся на оптовой торговле прочими отдельными видами товаров",46.18,2025,27.875999450683594
"Деятельность агентов, специализирующихся на оптовой торговле фармацевтической продукцией, изделиями, применяемыми в медицинских целях, парфюмерными и косметическими товарами, включая мыло, и чистящими средствами",46.18.1,2025,
"Деятельность агентов, специализирующихся на оптовой торговле парфюмерными и косметическими товарами, включая мыло",46.18.13,2025,
"Деятельность агентов, специализирующихся на оптовой торговле товарами, не включенными в другие группировки",46.18.9,2025,
"Деятельность агентов, специализирующихся на оптовой торговле прочими товарами, не включенными в другие группировки",46.18.99,2025,
Деятельность агентов по оптовой торговле универсальным ассортиментом товаров,46.19,2025,
Торговля оптовая сельскохозяйственным сырьем и живыми животными,46.2,2025,9.555999755859375
"Торговля оптовая зерном, необработанным табаком, семенами и кормами для сельскохозяйственных животных",46.21,2025,9.524799346923828
"Торговля оптовая зерном, семенами и кормами для животных",46.21.1,2025,5.138799667358398
Торговля оптовая зерном,46.21.11,2025,
"Торговля оптовая семенами, кроме семян масличных культур",46.21.12,2025,
Торговля оптовая масличными семенами и маслосодержащими плодами,46.21.13,2025,
Торговля оптовая кормами для сельскохозяйственных животных,46.21.14,2025,
"Торговля оптовая сельскохозяйственным сырьем, не включенным в другие группировки",46.21.19,2025,
Торговля оптовая цветами и растениями,46.22,2025,
Торговля оптовая живыми животными,46.23,2025,
"Торговля оптовая пищевыми продуктами, напитками и табачными изделиями",46.3,2025,129.60009765625
Торговля оптовая фруктами и овощами,46.31,2025,
"Торговля оптовая свежими овощами, фруктами и орехами",46.31.1,2025,
Торговля оптовая свежим картофелем,46.31.11,2025,
Торговля оптовая прочими свежими овощами,46.31.12,2025,
Торговля оптовая свежими фруктами и орехами,46.31.13,2025,
"Торговля оптовая консервированными овощами, фруктами и орехами",46.31.2,2025,
Торговля оптовая мясом и мясными продуктами,46.32,2025,10.166999816894531
"Торговля оптовая мясом и мясом птицы, включая субпродукты",46.32.1,2025,9.923799514770508
Торговля оптовая продуктами из мяса и мяса птицы,46.32.2,2025,
Торговля оптовая консервами из мяса и мяса птицы,46.32.3,2025,
"Торговля оптовая молочными продуктами, яйцами и пищевыми маслами и жирами",46.33,2025,2.8623998165130615
Торговля оптовая молочными продуктами,46.33.1,2025,2.8543999195098877
Торговля оптовая яйцами,46.33.2,2025,
Торговля оптовая пищевыми маслами и жирами,46.33.3,2025,
Торговля оптовая напитками,46.34,2025,104.98579406738281
"Торговля оптовая соками, минеральной водой и прочими безалкогольными напитками",46.34.1,2025,
"Торговля оптовая алкогольными напитками, включая пиво и пищевой этиловый спирт",46.34.2,2025,99.27579498291016
"Торговля оптовая алкогольными напитками, кроме пива и пищевого этилового спирта",46.34.21,2025,
Торговля оптовая пивом,46.34.23,2025,
Торговля оптовая табачными изделиями,46.35,2025,3.7149999141693115
"Торговля оптовая сахаром, шоколадом и сахаристыми кондитерскими изделиями",46.36,2025,6.995999813079834
Торговля оптовая сахаром,46.36.1,2025,
Торговля оптовая шоколадом и сахаристыми кондитерскими изделиями,46.36.2,2025,
Торговля оптовая хлебобулочными изделиями,46.36.4,2025,
"Торговля оптовая кофе, чаем, какао и пряностями",46.37,2025,
"Торговля оптовая прочими пищевыми продуктами, включая рыбу, ракообразных и моллюсков",46.38,2025,0.4648999869823456
"Торговля оптовая рыбой, ракообразными и моллюсками, консервами и пресервами из рыбы и морепродуктов",46.38.1,2025,
Торговля оптовая прочими пищевыми продуктами,46.38.2,2025,
"Торговля оптовая гомогенизированными пищевыми продуктами, детским и диетическим питанием",46.38.21,2025,
Торговля оптовая кормами для домашних животных,46.38.22,2025,
Торговля оптовая мукой и макаронными изделиями,46.38.23,2025,
Торговля оптовая крупами,46.38.24,2025,
Торговля оптовая солью,46.38.25,2025,
Торговля оптовая мороженым и замороженными десертами,46.38.26,2025,
"Торговля оптовая прочими пищевыми продуктами, не включенными в другие группировки",46.38.29,2025,
"Торговля оптовая неспециализированная пищевыми продуктами, напитками и табачными изделиями",46.39,2025,
Торговля оптовая неспециализированная замороженными пищевыми продуктами,46.39.1,2025,
"Торговля оптовая неспециализированная незамороженными пищевыми продуктами, напитками и табачными изделиями",46.39.2,2025,
Торговля оптовая непродовольственными потребительскими товарами,46.4,2025,355.0339050292969
Торговля оптовая текстильными изделиями,46.41,2025,0.8930000066757202
"Торговля оптовая текстильными изделиями, кроме текстильных галантерейных изделий",46.41.1,2025,
Торговля оптовая галантерейными изделиями,46.41.2,2025,
Торговля оптовая одеждой и обувью,46.42,2025,6.272600173950195
Торговля оптовая одеждой,46.42.1,2025,
"Торговля оптовая одеждой, включая спортивную, кроме нательного белья",46.42.11,2025,
Торговля оптовая нательным бельем,46.42.12,2025,
"Торговля оптовая аксессуарами одежды и головными уборами, кроме меховых",46.42.14,2025,
Торговля оптовая обувью,46.42.2,2025,
Торговля оптовая бытовыми электротоварами,46.43,2025,8.303000450134277
Торговля оптовая электрической бытовой техникой,46.43.1,2025,3.496000051498413
"Торговля оптовая радио-, теле- и видеоаппаратурой и аппаратурой для цифровых видеодисков (DVD)",46.43.2,2025,
Торговля оптовая фототоварами и оптическими товарами,46.43.4,2025,
Торговля оптовая изделиями из керамики и стекла и чистящими средствами,46.44,2025,
Торговля оптовая изделиями из керамики и стекла,46.44.1,2025,
Торговля оптовая чистящими средствами,46.44.2,2025,
Торговля оптовая парфюмерными и косметическими товарами,46.45,2025,
"Торговля оптовая парфюмерными и косметическими товарами, кроме мыла",46.45.1,2025,
Торговля оптовая туалетным и хозяйственным мылом,46.45.2,2025,
Торговля оптовая фармацевтической продукцией,46.46,2025,227.402099609375
Торговля оптовая фармацевтической продукцией,46.46.1,2025,186.86170959472656
"Торговля оптовая изделиями, применяемыми в медицинских целях",46.46.2,2025,21.65839958190918
"Торговля оптовая мебелью, коврами и осветительным оборудованием",46.47,2025,
Торговля оптовая бытовой мебелью,46.47.1,2025,
Торговля оптовая осветительным оборудованием,46.47.2,2025,
Торговля оптовая коврами и ковровыми изделиями,46.47.3,2025,
Торговля оптовая часами и ювелирными изделиями,46.48,2025,
Торговля оптовая ювелирными изделиями,46.48.2,2025,
Торговля оптовая прочими бытовыми товарами,46.49,2025,98.77220153808594
Торговля оптовая ножевыми изделиями и бытовой металлической посудой,46.49.1,2025,
"Торговля оптовая книгами, газетами и журналами, писчебумажными и канцелярскими товарами",46.49.3,2025,
Торговля оптовая книгами,46.49.31,2025,
Торговля оптовая газетами и журналами,46.49.32,2025,
Торговля оптовая писчебумажными и канцелярскими товарами,46.49.33,2025,
Торговля оптовая прочими потребительскими товарами,46.49.4,2025,9.970999717712402
Торговля оптовая музыкальными инструментами и нотными изданиями,46.49.41,2025,
Торговля оптовая играми и игрушками,46.49.42,2025,
"Торговля оптовая спортивными товарами, включая велосипеды",46.49.43,2025,
"Торговля оптовая прочими потребительскими товарами, не включенными в другие группировки",46.49.49,2025,9.755000114440918
Торговля оптовая информационным и коммуникационным оборудованием,46.5,2025,5.102700233459473
"Торговля оптовая компьютерами, периферийными устройствами к компьютерам и программным обеспечением",46.51,2025,5.102700233459473
Торговля оптовая компьютерами и периферийными устройствами,46.51.1,2025,
Торговля оптовая программным обеспечением,46.51.2,2025,
Торговля оптовая электронным и телекоммуникационным оборудованием и его запасными частями,46.52,2025,
Торговля оптовая телекоммуникационным оборудованием и его запасными частями,46.52.1,2025,
Торговля оптовая электронным оборудованием и его запасными частями,46.52.2,2025,
"Торговля оптовая аудио- и видеомагнитными лентами и дискетами, магнитными и оптическими дисками, компакт-дисками (CD), цифровыми видеодисками (DVD) и прочими техническими носителями информации без записей",46.52.3,2025,
"Торговля оптовая прочими машинами, оборудованием и принадлежностями",46.6,2025,70.3262939453125
"Торговля оптовая машинами, оборудованием и инструментами для сельского хозяйства",46.61,2025,3.622999906539917
"Торговля оптовая сельскохозяйственными и лесохозяйственными машинами, оборудованием и инструментами, включая тракторы",46.61.1,2025,2.118000030517578
Торговля оптовая садово-огородной техникой и инвентарем,46.61.2,2025,
Торговля оптовая станками,46.62,2025,
Торговля оптовая деревообрабатывающими станками,46.62.1,2025,
Торговля оптовая металлообрабатывающими станками,46.62.2,2025,
Торговля оптовая станками для обработки прочих материалов,46.62.3,2025,
Торговля оптовая машинами и оборудованием для добычи полезных ископаемых и строительства,46.63,2025,
"Торговля оптовая машинами и оборудованием для текстильного, швейного и трикотажного производств",46.64,2025,
Торговля оптовая офисной мебелью,46.65,2025,
Торговля оптовая прочей офисной техникой и оборудованием,46.66,2025,3.816699981689453
Торговля оптовая прочими машинами и оборудованием,46.69,2025,56.839603424072266
"Торговля оптовая транспортными средствами, кроме автомобилей, мотоциклов и велосипедов",46.69.1,2025,
Торговля оптовая эксплуатационными материалами и принадлежностями машин,46.69.2,2025,
Торговля оптовая подъемно-транспортными машинами и оборудованием,46.69.3,2025,
"Торговля оптовая машинами и оборудованием для производства пищевых продуктов, напитков и табачных изделий",46.69.4,2025,
"Торговля оптовая производственным электротехническим оборудованием, машинами, аппаратурой и материалами",46.69.5,2025,
Торговля оптовая измерительными приборами и оборудованием,46.69.7,2025,
"Торговля оптовая техникой, оборудованием и инструментами, применяемыми в медицинских целях",46.69.8,2025,
"Торговля оптовая прочими машинами, приборами, аппаратурой и оборудованием общепромышленного и специального назначения",46.69.9,2025,46.14459991455078
Торговля оптовая специализированная прочая,46.7,2025,78.72019958496094
"Торговля оптовая твердым, жидким и газообразным топливом и подобными продуктами",46.71,2025,21.26219940185547
Торговля оптовая твердым топливом,46.71.1,2025,
"Торговля оптовая моторным топливом, включая авиационный бензин",46.71.2,2025,8.90369987487793
Торговля оптовая нефтью,46.71.3,2025,1.4724000692367554
Торговля оптовая природным (естественным) газом,46.71.4,2025,
Торговля оптовая сжиженными углеводородными газами,46.71.5,2025,
Торговля оптовая прочим топливом и подобными продуктами,46.71.9,2025,
Торговля оптовая металлами и металлическими рудами,46.72,2025,22.811199188232422
Торговля оптовая металлическими рудами,46.72.1,2025,
Торговля оптовая железными рудами,46.72.11,2025,
Торговля оптовая металлами в первичных формах,46.72.2,2025,21.578699111938477
Торговля оптовая черными металлами в первичных формах,46.72.21,2025,1.0480999946594238
"Торговля оптовая цветными металлами в первичных формах, кроме драгоценных",46.72.22,2025,
Торговля оптовая золотом и другими драгоценными металлами,46.72.23,2025,
"Торговля оптовая лесоматериалами, строительными материалами и санитарно-техническим оборудованием",46.73,2025,25.39550018310547
Торговля оптовая древесным сырьем и необработанными лесоматериалами,46.73.1,2025,
Торговля оптовая пиломатериалами,46.73.2,2025,
Торговля оптовая санитарно-техническим оборудованием,46.73.3,2025,
Торговля оптовая лакокрасочными материалами,46.73.4,2025,
Торговля оптовая листовым стеклом,46.73.5,2025,
Торговля оптовая прочими строительными материалами и изделиями,46.73.6,2025,19.694801330566406
Торговля оптовая обоями,46.73.7,2025,
Торговля оптовая напольными покрытиями (кроме ковров),46.73.8,2025,
"Торговля оптовая скобяными изделиями, водопроводным и отопительным оборудованием и принадлежностями",46.74,2025,
Торговля оптовая скобяными изделиями,46.74.1,2025,
Торговля оптовая водопроводным и отопительным оборудованием и санитарно-технической арматурой,46.74.2,2025,
Торговля оптовая ручными инструментами,46.74.3,2025,
Торговля оптовая химическими продуктами,46.75,2025,5.606299877166748
Торговля оптовая удобрениями и агрохимическими продуктами,46.75.1,2025,4.927999973297119
Торговля оптовая промышленными химикатами,46.75.2,2025,0.6782999634742737
Торговля оптовая прочими промежуточными продуктами,46.76,2025,0.9419999718666077
Торговля оптовая бумагой и картоном,46.76.1,2025,
Торговля оптовая текстильными волокнами,46.76.2,2025,
Торговля оптовая пластмассами и резиной в первичных формах,46.76.3,2025,
Торговля оптовая драгоценными камнями,46.76.4,2025,
Торговля оптовая отходами и ломом,46.77,2025,
Торговля оптовая неспециализированная,46.9,2025,30.729700088500977
Торговля оптовая неспециализированная,46.90,2025,30.729700088500977
"Торговля розничная, кроме торговли автотранспортными средствами и мотоциклами",47,2025,485.1119079589844
Торговля розничная в неспециализированных магазинах,47.1,2025,275.1841735839844
"Торговля розничная преимущественно пищевыми продуктами, включая напитки, и табачными изделиями в неспециализированных магазинах",47.11,2025,272.5611877441406
"Торговля розничная незамороженными продуктами, включая напитки и табачные изделия, в неспециализированных магазинах",47.11.2,2025,
Деятельность по розничной торговле большим товарным ассортиментом с преобладанием продовольственных товаров в неспециализированных магазинах,47.11.3,2025,
Торговля розничная прочая в неспециализированных магазинах,47.19,2025,
Торговля розничная большим товарным ассортиментом с преобладанием непродовольственных товаров в неспециализированных магазинах,47.19.1,2025,
"Деятельность универсальных магазинов, торгующих товарами общего ассортимента",47.19.2,2025,
Торговля розничная в магазинах беспошлинной торговли,47.19.3,2025,
"Торговля розничная пищевыми продуктами, напитками и табачными изделиями в специализированных магазинах",47.2,2025,38.867000579833984
Торговля розничная фруктами и овощами в специализированных магазинах,47.21,2025,
"Торговля розничная свежими фруктами, овощами, картофелем и орехами в специализированных магазинах",47.21.1,2025,
Торговля розничная мясом и мясными продуктами в специализированных магазинах,47.22,2025,
"Торговля розничная мясом и мясом птицы, включая субпродукты в специализированных магазинах",47.22.1,2025,
"Торговля розничная рыбой, ракообразными и моллюсками в специализированных магазинах",47.23,2025,
Торговля розничная рыбой и морепродуктами в специализированных магазинах,47.23.1,2025,
Торговля розничная хлебом и хлебобулочными изделиями и кондитерскими изделиями в специализированных магазинах,47.24,2025,
Торговля розничная хлебом и хлебобулочными изделиями в специализированных магазинах,47.24.1,2025,
Торговля розничная кондитерскими изделиями в специализированных магазинах,47.24.2,2025,
Торговля розничная мучными кондитерскими изделиями в специализированных магазинах,47.24.21,2025,
"Торговля розничная кондитерскими изделиями, включая шоколад, в специализированных магазинах",47.24.22,2025,
Торговля розничная напитками в специализированных магазинах,47.25,2025,
"Торговля розничная алкогольными напитками, включая пиво, в специализированных магазинах",47.25.1,2025,
"Торговля розничная алкогольными напитками, кроме пива, в специализированных магазинах",47.25.11,2025,
Торговля розничная безалкогольными напитками в специализированных магазинах,47.25.2,2025,
Торговля розничная табачными изделиями в специализированных магазинах,47.26,2025,
Торговля розничная прочими пищевыми продуктами в специализированных магазинах,47.29,2025,
Торговля розничная молочными продуктами и яйцами в специализированных магазинах,47.29.1,2025,
Торговля розничная молочными продуктами в специализированных магазинах,47.29.11,2025,
Торговля розничная прочими пищевыми продуктами в специализированных магазинах,47.29.3,2025,
Торговля розничная мукой и макаронными изделиями в специализированных магазинах,47.29.31,2025,
Торговля розничная сахаром в специализированных магазинах,47.29.33,2025,
"Торговля розничная прочими пищевыми продуктами в специализированных магазинах, не включенными в другие группировки",47.29.39,2025,
Торговля розничная моторным топливом в специализированных магазинах,47.3,2025,
Торговля розничная моторным топливом в специализированных магазинах,47.30,2025,
Торговля розничная моторным топливом в специализированных магазинах,47.30.1,2025,
Торговля розничная бензином и дизельным топливом в специализированных магазинах,47.30.11,2025,
Торговля розничная газом для заправки автомобилей в специализированных магазинах,47.30.12,2025,
Торговля розничная информационным и коммуникационным оборудованием в специализированных магазинах,47.4,2025,
"Торговля розничная компьютерами, периферийными устройствами к ним и программным обеспечением в специализированных магазинах",47.41,2025,
"Торговля розничная телекоммуникационным оборудованием, включая розничную торговлю мобильными телефонами, в специализированных магазинах",47.42,2025,
Торговля розничная аудио- и видеотехникой в специализированных магазинах,47.43,2025,
Торговля розничная прочими бытовыми изделиями в специализированных магазинах,47.5,2025,2.072999954223633
Торговля розничная текстильными изделиями в специализированных магазинах,47.51,2025,
Торговля розничная текстильными изделиями в специализированных магазинах,47.51.1,2025,
"Торговля розничная скобяными изделиями, лакокрасочными материалами и стеклом в специализированных магазинах",47.52,2025,
Торговля розничная лакокрасочными материалами в специализированных магазинах,47.52.2,2025,
Торговля розничная санитарно-техническим оборудованием в специализированных магазинах,47.52.5,2025,
"Торговля розничная строительными материалами, не включенными в другие группировки, в специализированных магазинах",47.52.7,2025,
"Торговля розничная прочими строительными материалами, не включенными в другие группировки, в специализированных магазинах",47.52.79,2025,
"Торговля розничная коврами, ковровыми изделиями, покрытиями для пола и стен в специализированных магазинах",47.53,2025,
Торговля розничная обоями и напольными покрытиями в специализированных магазинах,47.53.3,2025,
Торговля розничная бытовыми электротоварами в специализированных магазинах,47.54,2025,
"Торговля розничная мебелью, осветительными приборами и прочими бытовыми изделиями в специализированных магазинах",47.59,2025,
Торговля розничная мебелью в специализированных магазинах,47.59.1,2025,
"Торговля розничная различной домашней утварью, ножевыми изделиями, посудой, изделиями из стекла и керамики, в том числе фарфора и фаянса в специализированных магазинах",47.59.2,2025,
Торговля розничная осветительными приборами в специализированных магазинах,47.59.3,2025,
Торговля розничная музыкальными инструментами и нотными изданиями в специализированных магазинах,47.59.5,2025,
Торговля розничная товарами культурно-развлекательного назначения в специализированных магазинах,47.6,2025,
Торговля розничная книгами в специализированных магазинах,47.61,2025,
Торговля розничная газетами и канцелярскими товарами в специализированных магазинах,47.62,2025,
Торговля розничная газетами и журналами в специализированных магазинах,47.62.1,2025,
Торговля розничная писчебумажными и канцелярскими товарами в специализированных магазинах,47.62.2,2025,
Торговля розничная спортивным оборудованием и спортивными товарами в специализированных магазинах,47.64,2025,
Торговля розничная играми и игрушками в специализированных магазинах,47.65,2025,
Торговля розничная прочими товарами в специализированных магазинах,47.7,2025,112.15970611572266
Торговля розничная одеждой в специализированных магазинах,47.71,2025,68.28160095214844
"Торговля розничная мужской, женской и детской одеждой в специализированных магазинах",47.71.1,2025,9.541000366210938
Торговля розничная нательным бельем в специализированных магазинах,47.71.2,2025,
Торговля розничная спортивной одеждой в специализированных магазинах,47.71.5,2025,
Торговля розничная обувью и изделиями из кожи в специализированных магазинах,47.72,2025,
Торговля розничная обувью в специализированных магазинах,47.72.1,2025,
Торговля розничная лекарственными средствами в специализированных магазинах (аптеках),47.73,2025,4.889700412750244
"Торговля розничная изделиями, применяемыми в медицинских целях, ортопедическими изделиями в специализированных магазинах",47.74,2025,
"Торговля розничная изделиями, применяемыми в медицинских целях, в специализированных магазинах",47.74.1,2025,
Торговля розничная косметическими и товарами личной гигиены в специализированных магазинах,47.75,2025,32.078399658203125
"Торговля розничная косметическими и парфюмерными товарами, кроме мыла в специализированных магазинах",47.75.1,2025,
"Торговля розничная цветами и другими растениями, семенами, удобрениями, домашними животными и кормами для домашних животных в специализированных магазинах",47.76,2025,
"Торговля розничная цветами и другими растениями, семенами и удобрениями в специализированных магазинах",47.76.1,2025,
Торговля розничная домашними животными и кормами для домашних животных в специализированных магазинах,47.76.2,2025,
Торговля розничная часами и ювелирными изделиями в специализированных магазинах,47.77,2025,
Торговля розничная ювелирными изделиями в специализированных магазинах,47.77.2,2025,
Торговля розничная прочая в специализированных магазинах,47.78,2025,
"Торговля розничная фотоаппаратурой, оптическими приборами и средствами измерений, кроме очков, в специализированных магазинах",47.78.1,2025,
"Торговля розничная очками, включая сборку и ремонт очков в специализированных магазинах",47.78.2,2025,
Торговля розничная очками в специализированных магазинах,47.78.21,2025,
"Торговля розничная сувенирами, изделиями народных художественных промыслов",47.78.3,2025,
"Торговля розничная бытовым жидким котельным топливом, газом в баллонах, углем, древесным топливом, топливным торфом в специализированных магазинах",47.78.6,2025,
"Торговля розничная бытовым жидким котельным топливом, углем, древесным топливом, топливным торфом в специализированных магазинах",47.78.61,2025,
Торговля розничная филателистическими и нумизматическими товарами в специализированных магазинах,47.78.8,2025,
"Торговля розничная непродовольственными товарами, не включенными в другие группировки, в специализированных магазинах",47.78.9,2025,
Торговля розничная в нестационарных торговых объектах и на рынках,47.8,2025,
"Торговля розничная в нестационарных торговых объектах и на рынках пищевыми продуктами, напитками и табачной продукцией",47.81,2025,
"Торговля розничная в нестационарных торговых объектах и на рынках текстилем, одеждой и обувью",47.82,2025,
"Торговля розничная вне магазинов, палаток, рынков",47.9,2025,8.154000282287598
Торговля розничная по почте или по информационно-коммуникационной сети Интернет,47.91,2025,3.7730000019073486
"Торговля розничная, осуществляемая непосредственно при помощи информационно-коммуникационной сети Интернет",47.91.2,2025,
"Торговля розничная прочая вне магазинов, палаток, рынков",47.99,2025,
Деятельность по осуществлению прямых продаж или продаж торговыми агентами с доставкой,47.99.1,2025,
ТРАНСПОРТИРОВКА И ХРАНЕНИЕ,H,2025,3317.818603515625
Деятельность сухопутного и трубопроводного транспорта,49,2025,3031.31494140625
Деятельность железнодорожного транспорта: междугородные и международные пассажирские перевозки,49.1,2025,
Деятельность железнодорожного транспорта: междугородные и международные пассажирские перевозки,49.10,2025,
Перевозка пассажиров железнодорожным транспортом в междугородном сообщении,49.10.1,2025,
Перевозка пассажиров железнодорожным транспортом в междугородном сообщении в регулируемом секторе,49.10.11,2025,
Перевозка пассажиров железнодорожным транспортом в междугородном сообщении в нерегулируемом секторе,49.10.12,2025,
Деятельность железнодорожного транспорта: грузовые перевозки,49.2,2025,913.3262939453125
Деятельность железнодорожного транспорта: грузовые перевозки,49.20,2025,913.3262939453125
Перевозка опасных грузов,49.20.1,2025,
Перевозка прочих грузов,49.20.9,2025,
Деятельность прочего сухопутного пассажирского транспорта,49.3,2025,1829.9501953125
Деятельность сухопутного пассажирского транспорта: перевозки пассажиров в городском и пригородном сообщении,49.31,2025,1829.5142822265625
Перевозка пассажиров железнодорожным транспортом в пригородном сообщении,49.31.1,2025,3.8682000637054443
Перевозка пассажиров железнодорожным транспортом в пригородном сообщении в регулируемом секторе,49.31.11,2025,3.8682000637054443
Регулярные перевозки пассажиров прочим сухопутным транспортом в городском и пригородном сообщении,49.31.2,2025,1822.427978515625
Регулярные перевозки пассажиров автобусами в городском и пригородном сообщении,49.31.21,2025,3.150099992752075
Регулярные перевозки пассажиров троллейбусами в городском и пригородном сообщении,49.31.22,2025,
Регулярные перевозки пассажиров трамваями в городском и пригородном сообщении,49.31.23,2025,
Перевозка пассажиров метрополитеном,49.31.24,2025,
"Перевозка пассажиров фуникулерами, подвесными канатными дорогами и подъемниками, являющимися частью городской или пригородной транспортной системы",49.31.25,2025,
Деятельность легкового такси и арендованных легковых автомобилей с водителем,49.32,2025,
"Деятельность прочего сухопутного пассажирского транспорта, не включенная в другие группировки",49.39,2025,
"Регулярные перевозки пассажиров сухопутным транспортом, кроме железнодорожного транспорта, в междугородном и международном сообщении, а также специальные перевозки (для собственных нужд)",49.39.1,2025,
Регулярные перевозки пассажиров автобусами в междугородном сообщении,49.39.11,2025,
Регулярные перевозки пассажиров автобусами в международном сообщении,49.39.12,2025,
Специальные перевозки (для собственных нужд) автобусами,49.39.13,2025,
"Перевозка пассажиров фуникулерами, подвесными канатными дорогами и лыжными подъемниками, не являющимися частью внутригородской, пригородной или городской и пригородной транспортных систем",49.39.2,2025,
Перевозки пассажиров сухопутным транспортом по заказам,49.39.3,2025,
Перевозки пассажиров арендованными автобусами с водителем,49.39.31,2025,
"Перевозка пассажиров автобусами в городском и пригородном сообщении по заказам, за исключением перевозки арендованными автобусами с водителем и по туристическим или экскурсионным маршрутам",49.39.33,2025,
"Перевозка пассажиров транспортными средствами, приводимыми в движение человеком или животными",49.39.35,2025,
"Перевозки пассажиров сухопутным транспортом прочие, не включенные в другие группировки",49.39.39,2025,
Деятельность автомобильного грузового транспорта и услуги по перевозкам,49.4,2025,14.635299682617188
Деятельность автомобильного грузового транспорта,49.41,2025,14.30929946899414
Перевозка грузов специализированными автотранспортными средствами,49.41.1,2025,11.102200508117676
Перевозка грузов неспециализированными автотранспортными средствами,49.41.2,2025,
Аренда грузового автомобильного транспорта с водителем,49.41.3,2025,
Предоставление услуг по перевозкам,49.42,2025,
Деятельность трубопроводного транспорта,49.5,2025,
Деятельность трубопроводного транспорта,49.50,2025,
Транспортирование по трубопроводам нефти и нефтепродуктов,49.50.1,2025,
Транспортирование по трубопроводам нефти,49.50.11,2025,
Транспортирование по трубопроводам нефтепродуктов,49.50.12,2025,
Транспортирование по трубопроводам газа и продуктов его переработки,49.50.2,2025,
Транспортирование по трубопроводам газа,49.50.21,2025,
Транспортирование по трубопроводам продуктов переработки газа,49.50.22,2025,
Деятельность трубопроводного транспорта прочая,49.50.9,2025,
Деятельность водного транспорта,50,2025,13.466900825500488
Деятельность морского пассажирского транспорта,50.1,2025,
Деятельность морского пассажирского транспорта,50.10,2025,
Перевозка пассажиров морскими судами каботажного плавания,50.10.2,2025,
"Перевозка пассажиров морскими судами каботажного плавания, подчиняющимися расписанию",50.10.21,2025,
Деятельность морского грузового транспорта,50.2,2025,
Деятельность морского грузового транспорта,50.20,2025,
Перевозка грузов морскими судами заграничного плавания,50.20.1,2025,
Перевозка замороженных или охлажденных грузов судами-рефрижераторами заграничного плавания,50.20.11,2025,
Перевозка нефти морскими судами-танкерами заграничного плавания,50.20.12,2025,
Перевозка прочих жидкостей или газов морскими судами-танкерами заграничного плавания,50.20.13,2025,
Перевозка контейнерных грузов судами-контейнеровозами заграничного плавания,50.20.14,2025,
Перевозка сухих сыпучих грузов морскими судами заграничного плавания,50.20.15,2025,
Перевозка прочих грузов морскими судами заграничного плавания,50.20.19,2025,
Перевозка грузов морскими судами каботажного плавания,50.20.2,2025,
Перевозка нефти морскими судами-танкерами каботажного плавания,50.20.22,2025,
Перевозка прочих жидкостей или газов морскими судами-танкерами каботажного плавания,50.20.23,2025,
Перевозка контейнерных грузов судами-контейнеровозами каботажного плавания,50.20.24,2025,
Перевозка сухих сыпучих грузов морскими судами каботажного плавания,50.20.25,2025,
Перевозка прочих грузов морскими судами каботажного плавания,50.20.29,2025,
Аренда морских судов заграничного и каботажного плавания для перевозки грузов с экипажем,50.20.3,2025,
Аренда морских судов заграничного плавания для перевозки грузов с экипажем,50.20.31,2025,
Аренда морских судов каботажного плавания для перевозки грузов с экипажем,50.20.32,2025,
"Буксировка и маневровые услуги, оказываемые судами заграничного и каботажного плавания",50.20.4,2025,
Буксировка судами заграничного и каботажного плавания,50.20.41,2025,
Деятельность по оказанию маневровых услуг судами заграничного и каботажного плавания,50.20.42,2025,
Деятельность внутреннего водного пассажирского транспорта,50.3,2025,
Деятельность внутреннего водного пассажирского транспорта,50.30,2025,
Перевозка пассажиров по внутренним водным путям,50.30.1,2025,
Аренда судов внутреннего водного транспорта для перевозки пассажиров с экипажем,50.30.2,2025,
Деятельность внутреннего водного грузового транспорта,50.4,2025,
Деятельность внутреннего водного грузового транспорта,50.40,2025,
Перевозка грузов по внутренним водным путям,50.40.1,2025,
Буксировка и маневровые услуги на внутренних водных путях,50.40.2,2025,
Аренда судов внутреннего водного транспорта для перевозки грузов с экипажем,50.40.3,2025,
Деятельность воздушного и космического транспорта,51,2025,
Деятельность пассажирского воздушного транспорта,51.1,2025,
Деятельность пассажирского воздушного транспорта,51.10,2025,
"Перевозка воздушным пассажирским транспортом, подчиняющимся расписанию",51.10.1,2025,
"Перевозка воздушным пассажирским транспортом, не подчиняющимся расписанию",51.10.2,2025,
Деятельность грузового воздушного транспорта и космического транспорта,51.2,2025,
Деятельность грузового воздушного транспорта,51.21,2025,
"Перевозка воздушным грузовым транспортом, подчиняющимся расписанию",51.21.1,2025,
"Перевозка воздушным грузовым транспортом, не подчиняющимся расписанию",51.21.2,2025,
Деятельность космического транспорта,51.22,2025,
Запуск ракет космического назначения и выведение космических объектов на орбиту,51.22.3,2025,
Складское хозяйство и вспомогательная транспортная деятельность,52,2025,127.47470092773438
Деятельность по складированию и хранению,52.1,2025,
Деятельность по складированию и хранению,52.10,2025,
Хранение и складирование замороженных или охлажденных грузов,52.10.1,2025,
Хранение и складирование жидких или газообразных грузов,52.10.2,2025,
Хранение и складирование нефти и продуктов ее переработки,52.10.21,2025,
Хранение и складирование газа и продуктов его переработки,52.10.22,2025,
Хранение и складирование прочих жидких или газообразных грузов,52.10.23,2025,
Хранение и складирование зерна,52.10.3,2025,
Хранение ядерных материалов и радиоактивных веществ,52.10.4,2025,
Хранение и складирование прочих грузов,52.10.9,2025,
Деятельность транспортная вспомогательная,52.2,2025,90.35279846191406
"Деятельность вспомогательная, связанная с сухопутным транспортом",52.21,2025,11.912599563598633
"Деятельность вспомогательная, связанная с железнодорожным транспортом",52.21.1,2025,
Предоставление железнодорожных маневровых или буксировочных услуг,52.21.11,2025,
Деятельность железнодорожной инфраструктуры,52.21.13,2025,
"Деятельность вспомогательная прочая, связанная с железнодорожным транспортом",52.21.19,2025,
"Деятельность вспомогательная, связанная с автомобильным транспортом",52.21.2,2025,11.542099952697754
Деятельность автовокзалов и автостанций,52.21.21,2025,
Деятельность по эксплуатации автомобильных дорог и автомагистралей,52.21.22,2025,9.797499656677246
Деятельность по эксплуатации мостов и тоннелей,52.21.23,2025,
Деятельность стоянок для транспортных средств,52.21.24,2025,
"Деятельность вспомогательная прочая, связанная с автомобильным транспортом",52.21.29,2025,
"Деятельность вспомогательная, связанная с трубопроводным транспортом",52.21.3,2025,
"Деятельность вспомогательная, связанная с водным транспортом",52.22,2025,
"Деятельность вспомогательная, связанная с морским транспортом",52.22.1,2025,
"Деятельность инфраструктуры морских портов, включая портовые гидротехнические сооружения (причалы, морские терминалы, доки и др.)",52.22.11,2025,
"Обеспечение судоходства в морских и прибрежных водах, включая лоцманскую проводку судов",52.22.12,2025,
"Деятельность по постановке судов к причалу, осуществление швартовых операций с судами в морских портах",52.22.13,2025,
Деятельность по навигационному обеспечению судоходства на морском транспорте,52.22.14,2025,
Деятельность аварийно-спасательная и судоподъемная на морском транспорте,52.22.15,2025,
"Снабженческое (шипчандлерское) обслуживание судов, включая бункеровку судов топливом, обслуживание судов в период стоянки в портах: агентирование судов, обследовательское (сюрвейерское) обслуживание судов на морском транспорте",52.22.16,2025,
Деятельность ледокольного флота на морском транспорте,52.22.18,2025,
"Деятельность вспомогательная, связанная морским транспортом, прочая, не включенная в другие группировки",52.22.19,2025,
"Деятельность вспомогательная, связанная с внутренним водным транспортом",52.22.2,2025,
Деятельность инфраструктуры речных портов и гидротехнических сооружений,52.22.21,2025,
"Обеспечение судоходства по внутренним водным путям, в том числе лоцманская проводка судов",52.22.22,2025,
"Деятельность вспомогательная, связанная с внутренним водным транспортом, прочая, не включенная в другие группировки",52.22.29,2025,
"Деятельность вспомогательная, связанная с воздушным и космическим транспортом",52.23,2025,4.067299842834473
"Деятельность вспомогательная, связанная с воздушным транспортом",52.23.1,2025,4.067299842834473
Деятельность аэропортовая,52.23.11,2025,2.365299940109253
Обеспечение обслуживания (управления) воздушного движения,52.23.12,2025,
Выполнение авиационных работ,52.23.13,2025,
"Деятельность вспомогательная прочая, связанная с воздушным транспортом",52.23.19,2025,
"Деятельность вспомогательная, связанная с космическим транспортом",52.23.2,2025,
"Деятельность поисковых и аварийно-спасательных служб, в том числе по эвакуации спускаемых аппаратов (капсул), составных частей ракет космического назначения",52.23.22,2025,
Транспортная обработка грузов,52.24,2025,52.311500549316406
Транспортная обработка контейнеров,52.24.1,2025,
Транспортная обработка прочих грузов,52.24.2,2025,51.805999755859375
"Деятельность вспомогательная прочая, связанная с перевозками",52.29,2025,21.7804012298584
Деятельность почтовой связи и курьерская деятельность,53,2025,
Деятельность почтовой связи общего пользования,53.1,2025,
Деятельность почтовой связи общего пользования,53.10,2025,
"Деятельность почтовой связи, связанная с пересылкой письменной корреспонденции",53.10.2,2025,
"Деятельность почтовой связи, связанная с пересылкой посылочной почты",53.10.3,2025,
Деятельность почтовой связи общего пользования прочая,53.10.9,2025,
Деятельность почтовой связи прочая и курьерская деятельность,53.2,2025,
Деятельность почтовой связи прочая и курьерская деятельность,53.20,2025,
Деятельность специальной почтовой связи,53.20.1,2025,
Деятельность фельдъегерской связи,53.20.2,2025,
Деятельность федеральной фельдъегерской связи,53.20.21,2025,
Деятельность фельдъегерско-почтовой связи,53.20.22,2025,
"Деятельность почтовой связи прочая, не включенная в другие группировки",53.20.29,2025,
Деятельность курьерская,53.20.3,2025,
Деятельность по курьерской доставке различными видами транспорта,53.20.31,2025,
Деятельность курьерская прочая,53.20.39,2025,
ДЕЯТЕЛЬНОСТЬ ГОСТИНИЦ И ПРЕДПРИЯТИЙ ОБЩЕСТВЕННОГО ПИТАНИЯ,I,2025,45.04010009765625
Деятельность по предоставлению мест для временного проживания,55,2025,42.26089859008789
Деятельность гостиниц и прочих мест для временного проживания,55.1,2025,36.80630111694336
Деятельность гостиниц и прочих мест для временного проживания,55.10,2025,36.80630111694336
Деятельность по предоставлению мест для краткосрочного проживания,55.2,2025,
Деятельность по предоставлению мест для краткосрочного проживания,55.20,2025,
"Деятельность по предоставлению мест для временного проживания в кемпингах, жилых автофургонах и туристических автоприцепах",55.3,2025,
"Деятельность по предоставлению мест для временного проживания в кемпингах, жилых автофургонах и туристических автоприцепах",55.30,2025,
Деятельность по предоставлению прочих мест для временного проживания,55.9,2025,5.3603997230529785
Деятельность по предоставлению прочих мест для временного проживания,55.90,2025,5.3603997230529785
Деятельность по предоставлению продуктов питания и напитков,56,2025,2.7791998386383057
Деятельность ресторанов и услуги по доставке продуктов питания,56.1,2025,1.7171000242233276
Деятельность ресторанов и услуги по доставке продуктов питания,56.10,2025,1.7171000242233276
"Деятельность ресторанов и кафе с полным ресторанным обслуживанием, кафетериев, ресторанов быстрого питания и самообслуживания",56.10.1,2025,1.4910999536514282
"Деятельность по приготовлению и/или продаже пищи, готовой к непосредственному употреблению на месте, с транспортных средств или передвижных лавок",56.10.2,2025,
Деятельность предприятий общественного питания с обслуживанием на вынос,56.10.21,2025,
Деятельность предприятий общественного питания по обслуживанию торжественных мероприятий и прочим видам организации питания,56.2,2025,1.0620999336242676
Деятельность предприятий общественного питания по обслуживанию торжественных мероприятий,56.21,2025,
Деятельность предприятий общественного питания по прочим видам организации питания,56.29,2025,1.0620999336242676
"Деятельность организаций общественного питания, поставляющих готовую пищу (для транспортных и строительных компаний, туристическим группам, личному составу вооруженных сил, предприятиям розничной торговли и другим группам потребителей) по договору",56.29.1,2025,
Деятельность столовых и буфетов при предприятиях и учреждениях,56.29.2,2025,
"Деятельность по доставке продуктов питания учебным, спортивным и прочим учреждениям (по льготным ценам)",56.29.3,2025,
"Деятельность социальных столовых, буфетов или кафетериев (в офисах, больницах, школах, институтах и пр.) на основе льготных цен на питание",56.29.4,2025,
ДЕЯТЕЛЬНОСТЬ В ОБЛАСТИ ИНФОРМАЦИИ И СВЯЗИ,J,2025,9285.875
Деятельность издательская,58,2025,24.306400299072266
"Издание книг, периодических публикаций и другие виды издательской деятельности",58.1,2025,15.427099227905273
Издание книг,58.11,2025,0.5189000368118286
"Издание книг, брошюр, рекламных буклетов и аналогичных изданий, включая издание словарей и энциклопедий, в том числе для слепых, в печатном виде",58.11.1,2025,0.5189000368118286
"Издание книг, брошюр, рекламных буклетов и аналогичных изданий, включая издание словарей и энциклопедий на электронных носителях",58.11.2,2025,
Издание адресных справочников и списков адресатов,58.12,2025,
Издание справочников на электронных носителях,58.12.2,2025,
Издание газет,58.13,2025,8.555700302124023
Издание газет в печатном виде,58.13.1,2025,7.620200157165527
Издание газет на электронных носителях,58.13.2,2025,
Издание журналов и периодических изданий,58.14,2025,6.352499961853027
Издание журналов и периодических публикаций в печатном виде,58.14.1,2025,
Издание журналов и периодических публикаций на электронных носителях,58.14.2,2025,
Виды издательской деятельности прочие,58.19,2025,
Издание программного обеспечения,58.2,2025,
Издание прочих программных продуктов,58.29,2025,
"Производство кинофильмов, видеофильмов и телевизионных программ, издание звукозаписей и нот",59,2025,36.747798919677734
"Производство кинофильмов, видеофильмов и телевизионных программ",59.1,2025,36.747798919677734
"Производство кинофильмов, видеофильмов и телевизионных программ",59.11,2025,
Производство анимационных фильмов,59.11.1,2025,
"Производство прочих кинофильмов, видеофильмов и телевизионных программ",59.11.9,2025,
"Деятельность по распространению кинофильмов, видеофильмов и телевизионных программ",59.13,2025,
Деятельность в области демонстрации кинофильмов,59.14,2025,0.7782000303268433
Деятельность в области звукозаписи и издания музыкальных произведений,59.2,2025,
Деятельность в области звукозаписи и издания музыкальных произведений,59.20,2025,
"Издание аудиовизуальных произведений на магнитных, электронных и цифровых носителях",59.20.1,2025,
Деятельность в области телевизионного и радиовещания,60,2025,12.59469985961914
Деятельность в области радиовещания,60.1,2025,
Деятельность в области радиовещания,60.10,2025,
Деятельность в области телевизионного вещания,60.2,2025,12.59469985961914
Деятельность в области телевизионного вещания,60.20,2025,12.59469985961914
Деятельность в сфере телекоммуникаций,61,2025,1809.5223388671875
Деятельность в области связи на базе проводных технологий,61.1,2025,710.0953979492188
Деятельность в области связи на базе проводных технологий,61.10,2025,710.0953979492188
Деятельность по предоставлению услуг телефонной связи,61.10.1,2025,20.31800079345703
Деятельность по предоставлению услуг по передаче данных и услуг доступа к информационно-коммуникационной сети Интернет,61.10.3,2025,
Деятельность в области документальной электросвязи,61.10.4,2025,
Деятельность по трансляции телерадиоканалов по сетям кабельного телерадиовещания,61.10.5,2025,
Деятельность в области связи на базе проводных технологий прочая,61.10.9,2025,136.85910034179688
Деятельность в области связи на базе беспроводных технологий,61.2,2025,
Деятельность в области связи на базе беспроводных технологий,61.20,2025,
Деятельность по предоставлению услуг подвижной связи для целей передачи голоса,61.20.1,2025,
Деятельность по предоставлению услуг подвижной связи для целей передачи данных,61.20.2,2025,
Деятельность по предоставлению услуг подвижной связи для доступа к информационно-коммуникационной сети Интернет,61.20.3,2025,
Деятельность по предоставлению услуг связи для целей открытого эфирного вещания,61.20.4,2025,
Деятельность по предоставлению услуг цифрового телерадиовещания на базе беспроводных технологий,61.20.5,2025,
Деятельность в области спутниковой связи,61.3,2025,
Деятельность в области спутниковой связи,61.30,2025,
Деятельность по предоставлению услуг доступа к информационно-коммуникационной сети Интернет оператором спутниковой связи,61.30.1,2025,
Деятельность в области телекоммуникаций прочая,61.9,2025,
Деятельность в области телекоммуникаций прочая,61.90,2025,
"Разработка компьютерного программного обеспечения, консультационные услуги в данной области и другие сопутствующие услуги",62,2025,5432.03076171875
"Разработка компьютерного программного обеспечения, консультационные услуги в данной области и другие сопутствующие услуги",62.0,2025,5432.03076171875
Разработка компьютерного программного обеспечения,62.01,2025,3176.050537109375
Деятельность консультативная и работы в области компьютерных технологий,62.02,2025,70.2052001953125
"Деятельность по планированию, проектированию компьютерных систем",62.02.1,2025,
Деятельность по обследованию и экспертизе компьютерных систем,62.02.2,2025,
Деятельность по обучению пользователей,62.02.3,2025,
Деятельность по подготовке компьютерных систем к эксплуатации,62.02.4,2025,
Деятельность консультативная в области компьютерных технологий прочая,62.02.9,2025,47.91450119018555
Деятельность по управлению компьютерным оборудованием,62.03,2025,586.0691528320312
Деятельность по управлению компьютерными системами,62.03.1,2025,571.703125
Деятельность по управлению компьютерными системами непосредственно,62.03.11,2025,
Деятельность по управлению компьютерными системами дистанционно,62.03.12,2025,
Деятельность по сопровождению компьютерных систем,62.03.13,2025,
"Деятельность по управлению компьютерным оборудованием прочая, не включенная в другие группировки",62.03.19,2025,
"Деятельность, связанная с использованием вычислительной техники и информационных технологий, прочая",62.09,2025,1599.7060546875
Деятельность в области информационных технологий,63,2025,1970.6724853515625
"Деятельность по обработке данных, предоставление услуг по размещению информации, деятельность порталов в информационно-коммуникационной сети Интернет",63.1,2025,1960.88916015625
"Деятельность по обработке данных, предоставление услуг по размещению информации и связанная с этим деятельность",63.11,2025,1960.88916015625
Деятельность по созданию и использованию баз данных и информационных ресурсов,63.11.1,2025,1156.6092529296875
Деятельность по предоставлению услуг по размещению информации прочая,63.11.9,2025,
Деятельность web-порталов,63.12,2025,
Деятельность сетевых изданий,63.12.1,2025,
Деятельность в области информационных услуг прочая,63.9,2025,9.783400535583496
Деятельность информационных агентств,63.91,2025,
"Деятельность информационных служб прочая, не включенная в другие группировки",63.99,2025,9.67140007019043
Деятельность по оказанию консультационных и информационных услуг,63.99.1,2025,9.371400833129883
Деятельность по оказанию компьютерных информационных услуг телефонной связи,63.99.11,2025,
Деятельность по оказанию услуг службами информационного поиска по договору или на платной основе,63.99.12,2025,
"Деятельность по оказанию услуг по составлению обзоров новостей, услуг по подборке печатных изданий и подобной информации",63.99.2,2025,
ДЕЯТЕЛЬНОСТЬ ФИНАНСОВАЯ И СТРАХОВАЯ,K,2025,147501.921875
"Деятельность по предоставлению финансовых услуг, кроме услуг по страхованию и пенсионному обеспечению",64,2025,146978.984375
Денежное посредничество,64.1,2025,146686.109375
Деятельность Центрального банка Российской Федерации (Банка России),64.11,2025,
Денежное посредничество прочее,64.19,2025,146685.71875
Деятельность холдинговых компаний,64.2,2025,24.631099700927734
Деятельность холдинговых компаний,64.20,2025,24.631099700927734
Деятельность инвестиционных фондов и аналогичных финансовых организаций,64.3,2025,
Деятельность инвестиционных фондов и аналогичных финансовых организаций,64.30,2025,
"Деятельность по предоставлению прочих финансовых услуг, кроме услуг по страхованию и пенсионному обеспечению",64.9,2025,268.2511901855469
Деятельность по финансовой аренде (лизингу/сублизингу),64.91,2025,150.9980926513672
Деятельность по финансовой аренде (лизингу/сублизингу) племенных животных,64.91.1,2025,
"Деятельность по финансовой аренде (лизингу/сублизингу) в прочих областях, кроме племенных животных",64.91.2,2025,
Предоставление займов и прочих видов кредита,64.92,2025,28.89190101623535
Деятельность по предоставлению потребительского кредита,64.92.1,2025,
Деятельность по предоставлению займов промышленности,64.92.2,2025,
Деятельность по предоставлению денежных ссуд под залог недвижимого имущества,64.92.3,2025,
"Деятельность по предоставлению кредитов на покупку домов специализированными учреждениями, не принимающими депозиты",64.92.4,2025,
Деятельность по предоставлению ломбардами краткосрочных займов под залог движимого имущества,64.92.6,2025,
Деятельность микрофинансовая,64.92.7,2025,28.37689971923828
"Предоставление прочих финансовых услуг, кроме услуг по страхованию и пенсионному обеспечению, не включенных в другие группировки",64.99,2025,88.3612060546875
Вложения в ценные бумаги и деятельность дилерская,64.99.1,2025,
Вложения в ценные бумаги,64.99.11,2025,
Деятельность дилерская,64.99.12,2025,
Деятельность по сбору пожертвований и по формированию целевого капитала некоммерческих организаций,64.99.2,2025,
Деятельность по сбору благотворительных пожертвований в денежной форме,64.99.21,2025,
"Капиталовложения в уставные капиталы, венчурное инвестирование, в том числе посредством инвестиционных компаний",64.99.3,2025,
"Заключение свопов, опционов и других срочных сделок",64.99.4,2025,
Предоставление факторинговых услуг,64.99.5,2025,
Деятельность по финансовой взаимопомощи,64.99.6,2025,
"Деятельность специализированного депозитария инвестиционных фондов, паевых инвестиционных фондов, негосударственных пенсионных фондов",64.99.7,2025,
"Деятельность ипотечных агентов, управляющих ипотечным покрытием; деятельность специализированных депозитариев ипотечного покрытия",64.99.8,2025,
Деятельность жилищных накопительных кооперативов,64.99.9,2025,
"Страхование, перестрахование, деятельность негосударственных пенсионных фондов, кроме обязательного социального обеспечения",65,2025,276.6148986816406
Страхование,65.1,2025,242.92691040039062
Страхование жизни,65.11,2025,131.04029846191406
"Страхование, кроме страхования жизни",65.12,2025,111.88660430908203
Страхование медицинское,65.12.1,2025,
Страхование имущества,65.12.2,2025,5.85099983215332
Страхование гражданской ответственности,65.12.3,2025,
Страхование от несчастных случаев и болезней,65.12.4,2025,
Страхование рисков,65.12.5,2025,
"Прочие виды страхования, не включенные в другие группировки",65.12.9,2025,
Перестрахование,65.2,2025,
Перестрахование,65.20,2025,
Деятельность негосударственных пенсионных фондов,65.3,2025,
Деятельность негосударственных пенсионных фондов,65.30,2025,
Деятельность вспомогательная в сфере финансовых услуг и страхования,66,2025,246.32020568847656
"Деятельность вспомогательная в сфере финансовых услуг, кроме страхования и пенсионного обеспечения",66.1,2025,182.9510955810547
Управление финансовыми рынками,66.11,2025,111.03079986572266
Деятельность по организации торговли на финансовых рынках,66.11.1,2025,
"Управление и контроль за деятельностью фондовых, товарных, валютных и валютнофондовых бирж",66.11.2,2025,
Деятельность регистраторов по ведению реестра владельцев ценных бумаг,66.11.3,2025,
Деятельность по обеспечению эффективности функционирования финансовых рынков,66.11.4,2025,
Деятельность по определению взаимных обязательств (клиринг),66.11.5,2025,
Деятельность брокерская по сделкам с ценными бумагами и товарами,66.12,2025,70.03350067138672
"Деятельность биржевых посредников и биржевых брокеров, совершающих товарные фьючерсные и опционные сделки в биржевой торговле",66.12.1,2025,
Деятельность по управлению ценными бумагами,66.12.2,2025,61.04750061035156
Деятельность эмиссионная,66.12.3,2025,
"Деятельность вспомогательная прочая в сфере финансовых услуг, кроме страхования и пенсионного обеспечения",66.19,2025,
Деятельность по предоставлению брокерских услуг по ипотечным операциям,66.19.1,2025,
Деятельность по предоставлению консультационных услуг по вопросам финансового посредничества,66.19.4,2025,
"Предоставление услуг по хранению ценностей, депозитарная деятельность",66.19.5,2025,
Деятельность по приему платежей физических лиц платежными агентами,66.19.6,2025,
Деятельность операторов по приему платежей физических лиц,66.19.61,2025,
Деятельность платежных субагентов по приему платежей физических лиц,66.19.62,2025,
Рейтинговая деятельность,66.19.7,2025,
Деятельность вспомогательная в сфере страхования и пенсионного обеспечения,66.2,2025,36.69139862060547
Оценка рисков и ущерба,66.21,2025,
Деятельность страховых агентов и брокеров,66.22,2025,
Деятельность вспомогательная прочая в сфере страхования и пенсионного обеспечения,66.29,2025,
Деятельность распорядителей спасательными работами,66.29.2,2025,
"Деятельность вспомогательная прочая в сфере страхования, кроме обязательного социального страхования",66.29.9,2025,
Деятельность по управлению фондами,66.3,2025,26.67770004272461
Деятельность по управлению фондами,66.30,2025,26.67770004272461
Управление инвестиционными фондами,66.30.1,2025,
Управление на основе индивидуальных договоров доверительного управления активами,66.30.6,2025,
Другие виды деятельности по управлению активами,66.30.9,2025,
ДЕЯТЕЛЬНОСТЬ ПО ОПЕРАЦИЯМ С НЕДВИЖИМЫМ ИМУЩЕСТВОМ,L,2025,128.87930297851562
Операции с недвижимым имуществом,68,2025,128.87930297851562
Покупка и продажа собственного недвижимого имущества,68.1,2025,0.3930000066757202
Покупка и продажа собственного недвижимого имущества,68.10,2025,0.3930000066757202
Подготовка к продаже собственного недвижимого имущества,68.10.1,2025,
Подготовка к продаже собственного жилого недвижимого имущества,68.10.11,2025,
Подготовка к продаже собственного нежилого недвижимого имущества,68.10.12,2025,
Покупка и продажа собственного недвижимого имущества,68.10.2,2025,
Покупка и продажа собственного жилого недвижимого имущества,68.10.21,2025,
Покупка и продажа собственных нежилых зданий и помещений,68.10.22,2025,
Покупка и продажа земельных участков,68.10.23,2025,
Аренда и управление собственным или арендованным недвижимым имуществом,68.2,2025,20.808000564575195
Аренда и управление собственным или арендованным недвижимым имуществом,68.20,2025,20.808000564575195
Аренда и управление собственным или арендованным жилым недвижимым имуществом,68.20.1,2025,0.3325999975204468
Аренда и управление собственным или арендованным нежилым недвижимым имуществом,68.20.2,2025,20.368900299072266
Аренда и управление собственным или арендованным торговым объектом недвижимого имущества,68.20.21,2025,2.6158998012542725
Аренда и управление собственным или арендованным прочим нежилым недвижимым имуществом,68.20.29,2025,17.586000442504883
Операции с недвижимым имуществом за вознаграждение или на договорной основе,68.3,2025,107.67829895019531
Деятельность агентств недвижимости за вознаграждение или на договорной основе,68.31,2025,
Предоставление посреднических услуг при купле-продаже недвижимого имущества за вознаграждение или на договорной основе,68.31.1,2025,
Предоставление посреднических услуг при купле-продаже жилого недвижимого имущества за вознаграждение или на договорной основе,68.31.11,2025,
Предоставление посреднических услуг при купле-продаже нежилого недвижимого имущества за вознаграждение или на договорной основе,68.31.12,2025,
Предоставление посреднических услуг по аренде недвижимого имущества за вознаграждение или на договорной основе,68.31.2,2025,
Предоставление посреднических услуг по аренде жилого недвижимого имущества за вознаграждение или на договорной основе,68.31.21,2025,
Предоставление посреднических услуг по аренде нежилого недвижимого имущества за вознаграждение или на договорной основе,68.31.22,2025,
Предоставление консультационных услуг при купле-продаже недвижимого имущества за вознаграждение или на договорной основе,68.31.3,2025,
Предоставление консультационных услуг при купле-продаже жилого недвижимого имущества за вознаграждение или на договорной основе,68.31.31,2025,
Предоставление консультационных услуг по аренде недвижимого имущества за вознаграждение или на договорной основе,68.31.4,2025,
Предоставление консультационных услуг по аренде жилого недвижимого имущества за вознаграждение или на договорной основе,68.31.41,2025,
Предоставление консультационных услуг по аренде нежилого недвижимого имущества за вознаграждение или на договорной основе,68.31.42,2025,
Предоставление посреднических услуг при оценке недвижимого имущества за вознаграждение или на договорной основе,68.31.5,2025,
Предоставление посреднических услуг при оценке жилого недвижимого имущества за вознаграждение или на договорной основе,68.31.51,2025,
Предоставление посреднических услуг при оценке нежилого недвижимого имущества за вознаграждение или на договорной основе,68.31.52,2025,
Управление недвижимым имуществом за вознаграждение или на договорной основе,68.32,2025,106.6416015625
Управление эксплуатацией жилого фонда за вознаграждение или на договорной основе,68.32.1,2025,4.31820011138916
Управление эксплуатацией нежилого фонда за вознаграждение или на договорной основе,68.32.2,2025,94.31809997558594
Деятельность по технической инвентаризации недвижимого имущества,68.32.3,2025,
"ДЕЯТЕЛЬНОСТЬ ПРОФЕССИОНАЛЬНАЯ, НАУЧНАЯ И ТЕХНИЧЕСКАЯ",M,2025,2331.310546875
Деятельность в области права и бухгалтерского учета,69,2025,68.84249877929688
Деятельность в области права,69.1,2025,40.0691032409668
Деятельность в области права,69.10,2025,40.0691032409668
"Деятельность по оказанию услуг в области бухгалтерского учета, по проведению финансового аудита, по налоговому консультированию",69.2,2025,28.773401260375977
"Деятельность по оказанию услуг в области бухгалтерского учета, по проведению финансового аудита, по налоговому консультированию",69.20,2025,28.773401260375977
Деятельность по проведению финансового аудита,69.20.1,2025,
Деятельность по оказанию услуг в области бухгалтерского учета,69.20.2,2025,25.83449935913086
Деятельность области налогового консультирования,69.20.3,2025,
Деятельность головных офисов; консультирование по вопросам управления,70,2025,726.5836791992188
Деятельность головных офисов,70.1,2025,552.66259765625
Деятельность головных офисов,70.10,2025,552.66259765625
Деятельность по управлению финансово-промышленными группами,70.10.1,2025,
Деятельность по управлению холдинг-компаниями,70.10.2,2025,
Консультирование по вопросам управления,70.2,2025,173.9210968017578
Деятельность в сфере связей с общественностью,70.21,2025,
Консультирование по вопросам коммерческой деятельности и управления,70.22,2025,173.7530975341797
"Деятельность в области архитектуры и инженерно-технического проектирования; технических испытаний, исследований и анализа",71,2025,298.0168151855469
"Деятельность в области архитектуры, инженерных изысканий и предоставление технических консультаций в этих областях",71.1,2025,287.3343200683594
Деятельность в области архитектуры,71.11,2025,4.268700122833252
"Деятельность в области архитектуры, связанная с созданием архитектурного объекта",71.11.1,2025,3.263700008392334
Деятельность по территориальному планированию и планировке территории,71.11.2,2025,
Деятельность в области ландшафтной архитектуры и консультативные услуги в области архитектуры,71.11.3,2025,
"Деятельность в области инженерных изысканий, инженерно-технического проектирования, управления проектами строительства, выполнения строительного контроля и авторского надзора, предоставление технических консультаций в этих областях",71.12,2025,283.0655822753906
"Деятельность, связанная с инженерно-техническим проектированием, управлением проектами строительства, выполнением строительного контроля и авторского надзора",71.12.1,2025,12.26669979095459
"Разработка проектов тепло-, водо-, газоснабжения",71.12.11,2025,
"Разработка проектов промышленных процессов и производств, относящихся к электротехнике, электронной технике, горному делу, химической технологии, машиностроению, а также в области промышленного строительства, системотехники и техники безопасности",71.12.12,2025,11.378900527954102
"Разработка проектов по кондиционированию воздуха, холодильной технике, санитарной технике и мониторингу загрязнения окружающей среды, строительной акустике",71.12.13,2025,
Разработка инженерно-технических проектов и контроль при строительстве и модернизации объектов использования атомной энергии,71.12.14,2025,
Инженерные изыскания в строительстве,71.12.15,2025,0.8877999782562256
"Деятельность заказчика-застройщика, генерального подрядчика",71.12.2,2025,55.349998474121094
"Работы геолого-разведочные, геофизические и геохимические в области изучения недр и воспроизводства минерально-сырьевой базы",71.12.3,2025,
Деятельность геодезическая и картографическая,71.12.4,2025,
"Деятельность геодезическая, кроме создания геодезической, нивелирной и гравиметрической сетей",71.12.41,2025,
"Деятельность картографическая, кроме создания топографических карт и планов",71.12.42,2025,
Деятельность гидрографическая изыскательская,71.12.43,2025,
Деятельность по созданию топографических карт и планов,71.12.44,2025,
"Создание геодезической, нивелирной, гравиметрической сетей",71.12.45,2025,
"Деятельность в области гидрометеорологии и смежных с ней областях, мониторинга состояния окружающей среды, ее загрязнения",71.12.5,2025,7.0532002449035645
Деятельность наблюдательной гидрометеорологической сети,71.12.51,2025,
Деятельность по мониторингу загрязнения окружающей среды для физических и юридических лиц,71.12.53,2025,6.427999973297119
"Работы полевые и изыскания в области гидрометеорологии и смежных с ней областях, экспедиционные обследования объектов окружающей среды с целью оценки уровней загрязнения",71.12.54,2025,
Деятельность по обработке и предоставлению гидрометеорологической информации органам государственной власти и населению,71.12.55,2025,
Обеспечение гидрометеорологическое деятельности физических и юридических лиц,71.12.56,2025,
"Деятельность, связанная с активными воздействиями на метеорологические и геофизические процессы и явления",71.12.57,2025,
"Деятельность в области технического регулирования, стандартизации, метрологии, аккредитации, каталогизации продукции",71.12.6,2025,48.13780212402344
Деятельность в области технического регулирования и стандартизации,71.12.61,2025,
Деятельность в области метрологии,71.12.62,2025,
Деятельность в области аккредитации,71.12.63,2025,
Государственный контроль (надзор) за соблюдением требований технических регламентов,71.12.64,2025,
Кадастровая деятельность,71.12.7,2025,139.9698028564453
Деятельность по предоставлению инженерно-технических консультаций в сфере энергосбережения и повышения энергетической эффективности использования энергетических ресурсов,71.12.8,2025,
Землеустройство,71.12.9,2025,
"Технические испытания, исследования, анализ и сертификация",71.2,2025,10.682499885559082
"Технические испытания, исследования, анализ и сертификация",71.20,2025,10.682499885559082
"Испытания и анализ состава и чистоты материалов и веществ: анализ химических и биологических свойств материалов и веществ; испытания и анализ в области гигиены питания, включая ветеринарный контроль и контроль за производством продуктов питания",71.20.1,2025,
Судебно-экспертная деятельность,71.20.2,2025,
Испытания и анализ физико-механических свойств материалов и веществ,71.20.3,2025,
"Испытания, исследования и анализ целостных механических и электрических систем, энергетическое обследование",71.20.4,2025,
Деятельность по аттестационным испытаниям и аттестации на соответствие требованиям по защите информации,71.20.41,2025,
Технический осмотр автотранспортных средств,71.20.5,2025,
"Экспертиза проектной документации, запасов полезных ископаемых и подземных вод, геологической информации о предоставляемых в пользование участках недр, результатов инженерных изысканий",71.20.6,2025,0.21379999816417694
"Экспертиза проектной документации, запасов полезных ископаемых и подземных вод, геологической информации о предоставляемых в пользование участках недр, результатов инженерных изысканий государственная",71.20.61,2025,0.21379999816417694
Экспертиза проектной документации и результатов инженерных изысканий негосударственная,71.20.62,2025,
Деятельность по оценке условий труда,71.20.7,2025,
"Сертификация продукции, услуг и организаций",71.20.8,2025,
"Сертификация прочих видов продукции, услуг и организаций",71.20.89,2025,
"Деятельность по техническому контролю, испытаниям и анализу прочая",71.20.9,2025,
Научные исследования и разработки,72,2025,930.8343505859375
Научные исследования и разработки в области естественных и технических наук,72.1,2025,884.8148193359375
Научные исследования и разработки в области биотехнологии,72.11,2025,
Научные исследования и разработки в области естественных и технических наук прочие,72.19,2025,878.7758178710938
"Научные исследования и разработки в области естественных и технических наук прочие, не включенные в другие группировки",72.19.9,2025,
Научные исследования и разработки в области общественных и гуманитарных наук,72.2,2025,46.01959991455078
Научные исследования и разработки в области общественных и гуманитарных наук,72.20,2025,46.01959991455078
Научные исследования и разработки в области общественных наук,72.20.1,2025,45.90800094604492
Научные исследования и разработки в области общественных наук прочие,72.20.19,2025,
Научные исследования и разработки в области гуманитарных наук,72.20.2,2025,
Деятельность рекламная и исследование конъюнктуры рынка,73,2025,141.1132049560547
Деятельность рекламная,73.1,2025,137.8155059814453
Деятельность рекламных агентств,73.11,2025,137.8155059814453
Представление в средствах массовой информации,73.12,2025,
Исследование конъюнктуры рынка и изучение общественного мнения,73.2,2025,3.2976999282836914
Исследование конъюнктуры рынка и изучение общественного мнения,73.20,2025,3.2976999282836914
Исследование конъюнктуры рынка,73.20.1,2025,3.1066999435424805
Деятельность по изучению общественного мнения,73.20.2,2025,
Деятельность профессиональная научная и техническая прочая,74,2025,
Деятельность специализированная в области дизайна,74.1,2025,
Деятельность специализированная в области дизайна,74.10,2025,
Деятельность в области фотографии,74.2,2025,
Деятельность в области фотографии,74.20,2025,
Деятельность по письменному и устному переводу,74.3,2025,
Деятельность по письменному и устному переводу,74.30,2025,
"Деятельность профессиональная, научная и техническая прочая, не включенная в другие группировки",74.9,2025,
"Деятельность профессиональная, научная и техническая прочая, не включенная в другие группировки",74.90,2025,
Деятельность иная в области защиты информации,74.90.09.АГ,2025,
"Предоставление посреднических услуг по организации покупки и продажи мелких или средних коммерческих предприятий, включая профессиональную практику",74.90.1,2025,
"Деятельность, направленная на установление рыночной или иной стоимости (оценочная деятельность), кроме оценки, связанной с недвижимым имуществом или страхованием",74.90.2,2025,
"Деятельность, направленная на установление рыночной или иной стоимости отдельных материальных объектов (вещей)",74.90.21,2025,
"Деятельность, направленная на установление рыночной или иной стоимости совокупности вещей, составляющих имущество лица, в том числе имущество определенного вида (движимое или недвижимое, в том числе предприятия)",74.90.22,2025,
"Деятельность, направленная на установление рыночной или иной стоимости работ, услуг, информации",74.90.25,2025,
Предоставление консультационных услуг по вопросам безопасности,74.90.3,2025,
Предоставление услуг по проведению оценки уязвимости объектов транспортной инфраструктуры и транспортных средств,74.90.31,2025,
"Предоставление услуг по проведению оценки уязвимости объектов промышленного назначения, связи, здравоохранения и т. д.",74.90.32,2025,
Предоставление консультационных услуг в области сельского хозяйства,74.90.4,2025,
Предоставление консультационных услуг в области экологии,74.90.5,2025,
"Предоставление прочих технических консультаций, деятельность консультантов, кроме архитекторов, проектировщиков и консультантов по управлению",74.90.6,2025,
Деятельность в области защиты информации и обеспечения безопасности критической информационной инфраструктуры,74.90.9,2025,
Деятельность ветеринарная,75,2025,1.8453999757766724
Деятельность ветеринарная,75.0,2025,1.8453999757766724
Деятельность ветеринарная,75.00,2025,1.8453999757766724
Деятельность ветеринарная для сельскохозяйственных животных,75.00.1,2025,0.6765000224113464
Деятельность ветеринарная для домашних животных,75.00.2,2025,
ДЕЯТЕЛЬНОСТЬ АДМИНИСТРАТИВНАЯ И СОПУТСТВУЮЩИЕ ДОПОЛНИТЕЛЬНЫЕ УСЛУГИ,N,2025,968.978515625
Аренда и лизинг,77,2025,266.3351745605469
Аренда и лизинг автотранспортных средств,77.1,2025,
Аренда и лизинг легковых автомобилей и легких автотранспортных средств,77.11,2025,
Аренда и лизинг грузовых транспортных средств,77.12,2025,
Прокат и аренда предметов личного пользования и хозяйственно-бытового назначения,77.2,2025,
Прокат и аренда товаров для отдыха и спортивных товаров,77.21,2025,
Прокат и аренда прочих предметов личного пользования и хозяйственно-бытового назначения,77.29,2025,
"Прокат прочих бытовых изделий и предметов личного пользования для домашних хозяйств, предприятий и организаций, не включенных в другие группировки",77.29.9,2025,
Аренда и лизинг прочих машин и оборудования и материальных средств,77.3,2025,21.882598876953125
Аренда и лизинг сельскохозяйственных машин и оборудования,77.31,2025,
Аренда и лизинг строительных машин и оборудования,77.32,2025,
"Аренда и лизинг офисных машин и оборудования, включая вычислительную технику",77.33,2025,
Аренда и лизинг офисных машин и оборудования,77.33.1,2025,
Аренда и лизинг вычислительных машин и оборудования,77.33.2,2025,
Аренда и лизинг водных транспортных средств и оборудования,77.34,2025,
Аренда и лизинг воздушных судов и авиационного оборудования,77.35,2025,
"Аренда и лизинг прочих видов транспорта, оборудования и материальных средств, не включенных в другие группировки",77.39,2025,21.78260040283203
Аренда и лизинг прочих сухопутных транспортных средств и оборудования,77.39.1,2025,21.78260040283203
Аренда и лизинг прочего автомобильного транспорта и оборудования,77.39.11,2025,
Аренда и лизинг железнодорожного транспорта и оборудования,77.39.12,2025,
"Аренда и лизинг прочих машин и оборудования, не включенных в другие группировки",77.39.2,2025,
"Аренда и лизинг двигателей, турбин и станков",77.39.21,2025,
Аренда и лизинг горного и нефтепромыслового оборудования,77.39.22,2025,
Аренда и лизинг подъемно-транспортного оборудования,77.39.23,2025,
"Аренда и лизинг приборов, аппаратов и прочего оборудования, применяемого в медицинских целях",77.39.26,2025,
Аренда и лизинг торгового оборудования,77.39.27,2025,
Аренда и лизинг прочих машин и оборудования научного и промышленного назначения,77.39.29,2025,
"Аренда интеллектуальной собственности и подобной продукции, кроме авторских прав",77.4,2025,238.1645965576172
"Аренда интеллектуальной собственности и подобной продукции, кроме авторских прав",77.40,2025,238.1645965576172
Деятельность по трудоустройству и подбору персонала,78,2025,5.34529972076416
Деятельность агентств по подбору персонала,78.1,2025,
Деятельность агентств по подбору персонала,78.10,2025,
Деятельность агентств по временному трудоустройству,78.2,2025,0.6432999968528748
Деятельность агентств по временному трудоустройству,78.20,2025,0.6432999968528748
Деятельность по подбору персонала прочая,78.3,2025,
Деятельность по подбору персонала прочая,78.30,2025,
"Деятельность туристических агентств и прочих организаций, предоставляющих услуги в сфере туризма",79,2025,
Деятельность туристических агентств и туроператоров,79.1,2025,
Деятельность туристических агентств,79.11,2025,
Деятельность туроператоров,79.12,2025,
Услуги по бронированию прочие и сопутствующая деятельность,79.9,2025,
Услуги по бронированию прочие и сопутствующая деятельность,79.90,2025,
Деятельность по предоставлению туристических информационных услуг,79.90.1,2025,
Деятельность по предоставлению экскурсионных туристических услуг,79.90.2,2025,
Деятельность туристических агентств по предоставлению экскурсионных туристических услуг,79.90.21,2025,
"Деятельность по предоставлению туристических услуг, связанных с бронированием",79.90.3,2025,
"Деятельность по оказанию прочих услуг, связанных со службой предварительных заказов",79.90.32,2025,
Деятельность по обеспечению безопасности и проведению расследований,80,2025,2.8271000385284424
"Деятельность охранных служб, в том числе частных",80.1,2025,2.8271000385284424
"Деятельность охранных служб, в том числе частных",80.10,2025,2.8271000385284424
Деятельность ведомственной охраны,80.10.1,2025,
Деятельность частных охранных организаций,80.10.2,2025,
Деятельность охранных служб прочих,80.10.9,2025,
Деятельность систем обеспечения безопасности,80.2,2025,
Деятельность систем обеспечения безопасности,80.20,2025,
Деятельность по расследованию,80.3,2025,
Деятельность по расследованию,80.30,2025,
Деятельность по обслуживанию зданий и территорий,81,2025,4.513799667358398
Деятельность по комплексному обслуживанию помещений,81.1,2025,0.7020000219345093
Деятельность по комплексному обслуживанию помещений,81.10,2025,0.7020000219345093
Деятельность по чистке и уборке,81.2,2025,3.0269999504089355
Деятельность по общей уборке зданий,81.21,2025,
Деятельность по уборке прочих типов зданий и помещений,81.21.9,2025,
Деятельность по чистке и уборке жилых зданий и нежилых помещений прочая,81.22,2025,0.49220001697540283
Деятельность по чистке и уборке прочая,81.29,2025,2.5348000526428223
"Дезинфекция, дезинсекция, дератизация зданий, промышленного оборудования",81.29.1,2025,
Подметание улиц и уборка снега,81.29.2,2025,
"Деятельность по чистке и уборке прочая, не включенная в другие группировки",81.29.9,2025,1.5201998949050903
Предоставление услуг по благоустройству ландшафта,81.3,2025,0.7847999930381775
Деятельность по благоустройству ландшафта,81.30,2025,0.7847999930381775
"Деятельность административно-хозяйственная, вспомогательная деятельность по обеспечению функционирования организации, деятельность по предоставлению прочих вспомогательных услуг для бизнеса",82,2025,684.4091186523438
Деятельность административно-хозяйственная и вспомогательная деятельность по обеспечению функционирования организации,82.1,2025,2.573699951171875
Деятельность административно-хозяйственная комплексная по обеспечению работы организации,82.11,2025,2.573699951171875
Деятельность по фотокопированию и подготовке документов и прочая специализированная вспомогательная деятельность по обеспечению деятельности офиса,82.19,2025,
Деятельность центров обработки телефонных вызовов,82.2,2025,492.3985900878906
Деятельность центров обработки телефонных вызовов,82.20,2025,492.3985900878906
Деятельность по организации конференций и выставок,82.3,2025,
Деятельность по организации конференций и выставок,82.30,2025,
Деятельность организаторов и операторов выставочных и ярмарочных мероприятий,82.30.1,2025,
Деятельность организаторов конгрессных мероприятий,82.30.2,2025,
Деятельность по предоставлению выставочных/ярмарочных услуг,82.30.3,2025,
"Деятельность по предоставлению вспомогательных услуг для бизнеса, не включенная в другие группировки",82.9,2025,187.73680114746094
Деятельность агентств по сбору платежей и бюро кредитной информации,82.91,2025,
Деятельность по упаковыванию товаров,82.92,2025,
"Деятельность по предоставлению прочих вспомогательных услуг для бизнеса, не включенная в другие группировки",82.99,2025,3.0308001041412354
ГОСУДАРСТВЕННОЕ УПРАВЛЕНИЕ И ОБЕСПЕЧЕНИЕ ВОЕННОЙ БЕЗОПАСНОСТИ; СОЦИАЛЬНОЕ ОБЕСПЕЧЕНИЕ,O,2025,2413.37646484375
"Деятельность органов государственного управления по обеспечению военной безопасности, обязательному социальному обеспечению",84,2025,2413.37646484375
"Предоставление государственных услуг обществу, не включенные в другие группировки",84.02.АГ,2025,69.67900085449219
Деятельность органов государственного управления и местного самоуправления по вопросам общего и социально-экономического характера,84.1,2025,2229.512939453125
Деятельность органов государственного управления и местного самоуправления по вопросам общего характера,84.11,2025,2190.264892578125
"Деятельность федеральных органов государственной власти по управлению вопросами общего характера, кроме судебной власти",84.11.1,2025,871.1978759765625
"Деятельность федеральных органов государственной власти, кроме полномочных представителей Президента Российской Федерации и территориальных органов федеральных органов исполнительной власти",84.11.11,2025,860.0103149414062
"Деятельность полномочных представителей Президента Российской Федерации в регионах Российской Федерации и территориальных органов федеральных органов исполнительной власти в субъектах Российской Федерации (республиках, краях, областях)",84.11.12,2025,4.290999889373779
Деятельность территориальных органов федеральных органов исполнительной власти в городах и районах субъектов Российской Федерации,84.11.13,2025,6.646600246429443
"Деятельность органов государственной власти по управлению вопросами общего характера, кроме судебной власти, субъектов Российской Федерации",84.11.2,2025,1056.0743408203125
"Деятельность органов государственной власти субъектов Российской Федерации (республик, краев, областей), кроме судебной власти, представительств исполнительных органов государственной власти субъектов Российской Федерации при Президенте Российской Федерации",84.11.21,2025,1000.3818359375
Деятельность органов государственной власти субъектов Российской Федерации по осуществлению своих полномочий в городах и районах,84.11.22,2025,2.454399824142456
Деятельность органов государственной власти субъектов Российской Федерации по осуществлению своих полномочий в сельских населенных пунктах,84.11.23,2025,
Деятельность органов местного самоуправления по управлению вопросами общего характера,84.11.3,2025,129.6262969970703
Деятельность органов местного самоуправления сельских поселений,84.11.31,2025,19.622499465942383
Деятельность органов местного самоуправления городских поселений,84.11.32,2025,6.3968000411987305
Деятельность органов местного самоуправления муниципальных районов,84.11.33,2025,17.60580062866211
Деятельность органов местного самоуправления муниципальных округов,84.11.34,2025,11.280900001525879
Деятельность органов местного самоуправления городских округов,84.11.35,2025,67.88470458984375
Деятельность органов местного самоуправления городских округов с внутригородским делением,84.11.36,2025,
Деятельность органов местного самоуправления внутригородских районов,84.11.37,2025,
Деятельность органов местного самоуправления внутригородских территорий городов федерального значения,84.11.38,2025,1.9352999925613403
Управление финансовой деятельностью и деятельностью в сфере налогообложения,84.11.4,2025,32.39910125732422
Управление деятельностью в области прогнозирования и планирования,84.11.5,2025,
Управление деятельностью в области фундаментальных исследований,84.11.6,2025,
Управление деятельностью в области статистики,84.11.7,2025,
"Управление имуществом, находящимся в государственной собственности",84.11.8,2025,6.486700057983398
Управление деятельностью в области антимонопольного контроля,84.11.9,2025,
"Государственное регулирование деятельности в области здравоохранения, образования, социально-культурного развития и других социальных услуг, кроме социального обеспечения",84.12,2025,1.7604999542236328
Регулирование и содействие эффективному ведению экономической деятельности предприятий,84.13,2025,37.48740005493164
Предоставление государственных услуг обществу,84.2,2025,69.8252944946289
Деятельность в области юстиции и правосудия,84.23,2025,
Деятельность федеральных судов,84.23.1,2025,
Деятельность Конституционного суда Российской Федерации,84.23.11,2025,
Деятельность Верховного суда Российской Федерации,84.23.12,2025,
"Деятельность кассационных судов общей юрисдикции, апелляционных судов общей юрисдикции, верховных судов республик, краевых, областных судов, судов городов федерального значения, суда автономной области, судов автономных округов",84.23.13,2025,
Деятельность районных судов,84.23.14,2025,
Деятельность военных судов,84.23.15,2025,
Деятельность федеральных арбитражных судов округов,84.23.17,2025,
"Деятельность арбитражных апелляционных судов, арбитражных судов субъектов Российской Федерации",84.23.18,2025,
Деятельность судов субъектов Российской Федерации,84.23.2,2025,
Деятельность мировых судей,84.23.22,2025,
Деятельность органов прокуратуры Российской Федерации,84.23.3,2025,
Деятельность Генеральной прокуратуры Российской Федерации,84.23.31,2025,
Деятельность прокуратур субъектов Российской Федерации,84.23.32,2025,
Деятельность прокуратур городов и районов,84.23.33,2025,
Деятельность Следственного комитета Российской Федерации,84.23.5,2025,
"Деятельность Главного военного следственного управления, главных следственных управлений и следственных управлений Следственного комитета Российской Федерации по субъектам Российской Федерации (в том числе подразделений указанных управлений по административным округам) и приравненных к ним специализированных (в том числе военных) следственных управлений и следственных отделов Следственного комитета Российской Федерации",84.23.52,2025,
Деятельность по обеспечению безопасности в чрезвычайных ситуациях; деятельность по обеспечению безопасности в области использования атомной энергии,84.25,2025,
Деятельность по обеспечению пожарной безопасности,84.25.1,2025,
Деятельность в области обязательного социального обеспечения,84.3,2025,114.03829956054688
Деятельность в области обязательного социального обеспечения,84.30,2025,114.03829956054688
Образование высшее,85.22,2025,3317.68505859375
"Высшее образование, подготовка кадров высшей квалификации",85.22.01.АГ,2025,3318.256103515625
Образование высшее - бакалавриат,85.22.1,2025,66.08060455322266
Образование высшее - специалитет,85.22.2,2025,35.061302185058594
Образование высшее - магистратура,85.22.3,2025,
Подготовка кадров высшей квалификации,85.23,2025,
"Деятельность в сфере высшего образования, подготовки кадров высшей квалификации, здравоохранения и социальных услуг, культуры, спорта, организации досуга и развлечений",85.91.01.АГ,2025,3902.282470703125
ДЕЯТЕЛЬНОСТЬ В ОБЛАСТИ ЗДРАВООХРАНЕНИЯ И СОЦИАЛЬНЫХ УСЛУГ,Q,2025,247.46170043945312
Деятельность в области здравоохранения,86,2025,218.8695068359375
Деятельность больничных организаций,86.1,2025,123.34750366210938
Деятельность больничных организаций,86.10,2025,123.34750366210938
Медицинская и стоматологическая практика,86.2,2025,42.34989929199219
Общая врачебная практика,86.21,2025,36.41619873046875
Специальная врачебная практика,86.22,2025,
Специальная врачебная практика прочая,86.22.9,2025,
Стоматологическая практика,86.23,2025,5.906799793243408
Деятельность в области медицины прочая,86.9,2025,53.17210006713867
Деятельность в области медицины прочая,86.90,2025,53.17210006713867
Деятельность организаций санитарно-эпидемиологической службы,86.90.1,2025,0.6719000339508057
Деятельность организаций судебно-медицинской экспертизы,86.90.2,2025,
Деятельность санаторно-курортных организаций,86.90.4,2025,29.88880157470703
Деятельность в области психического здоровья,86.90.5,2025,
"Деятельность в области медицины прочая, не включенная в другие группировки",86.90.9,2025,21.611400604248047
Деятельность по уходу с обеспечением проживания,87,2025,15.118000030517578
Деятельность по медицинскому уходу с обеспечением проживания,87.1,2025,
Деятельность по медицинскому уходу с обеспечением проживания,87.10,2025,
"Деятельность по оказанию помощи на дому для лиц с ограниченными возможностями развития, душевнобольным и наркозависимым",87.2,2025,
"Деятельность по оказанию помощи на дому для лиц с ограниченными возможностями развития, душевнобольным и наркозависимым",87.20,2025,
Деятельность по уходу за престарелыми и инвалидами с обеспечением проживания,87.3,2025,1.0145000219345093
Деятельность по уходу за престарелыми и инвалидами с обеспечением проживания,87.30,2025,1.0145000219345093
Деятельность по уходу с обеспечением проживания прочая,87.9,2025,14.103500366210938
Деятельность по уходу с обеспечением проживания прочая,87.90,2025,14.103500366210938
Предоставление социальных услуг без обеспечения проживания,88,2025,13.474200248718262
Предоставление социальных услуг без обеспечения проживания престарелым и инвалидам,88.1,2025,9.649099349975586
Предоставление социальных услуг без обеспечения проживания престарелым и инвалидам,88.10,2025,9.649099349975586
Предоставление прочих социальных услуг без обеспечения проживания,88.9,2025,3.8251001834869385
Предоставление услуг по дневному уходу за детьми,88.91,2025,
"Предоставление прочих социальных услуг без обеспечения проживания, не включенных в другие группировки",88.99,2025,3.8181002140045166
"ДЕЯТЕЛЬНОСТЬ В ОБЛАСТИ КУЛЬТУРЫ, СПОРТА, ОРГАНИЗАЦИИ ДОСУГА И РАЗВЛЕЧЕНИЙ",R,2025,336.564697265625
"Деятельность творческая, деятельность в области искусства и организации развлечений",90,2025,75.77899932861328
"Деятельность творческая, деятельность в области искусства и организации развлечений",90.0,2025,75.77899932861328
Деятельность в области исполнительских искусств,90.01,2025,6.352499961853027
"Деятельность вспомогательная, связанная с исполнительскими искусствами",90.02,2025,
Деятельность в области художественного творчества,90.03,2025,
Деятельность художников,90.03.2,2025,
Деятельность в области художественного творчества прочая,90.03.9,2025,
Деятельность учреждений культуры и искусства,90.04,2025,69.42350006103516
"Деятельность концертных залов, театров, оперных зданий, мюзик-холлов, включая услуги билетных касс",90.04.1,2025,52.47869873046875
Деятельность многоцелевых центров и подобных заведений с преобладанием культурного обслуживания,90.04.2,2025,1.6649999618530273
"Деятельность учреждений клубного типа: клубов, дворцов и домов культуры, домов народного творчества",90.04.3,2025,13.915299415588379
"Деятельность библиотек, архивов, музеев и прочих объектов культуры",91,2025,124.99440002441406
"Деятельность библиотек, архивов, музеев и прочих объектов культуры",91.0,2025,124.99440002441406
Деятельность библиотек и архивов,91.01,2025,105.78820037841797
Деятельность музеев,91.02,2025,17.606698989868164
"Деятельность по охране исторических мест и зданий, памятников культуры",91.03,2025,
"Деятельность ботанических садов, зоопарков, государственных природных заповедников и национальных парков",91.04,2025,1.440500020980835
Деятельность зоопарков,91.04.1,2025,
Деятельность государственных природных заповедников (в том числе биосферных),91.04.2,2025,
Деятельность национальных парков,91.04.3,2025,
Деятельность природных парков,91.04.4,2025,
Деятельность природных заказников,91.04.5,2025,
Деятельность дендрологических парков и ботанических садов,91.04.6,2025,
"Деятельность по организации и проведению азартных игр и заключению пари, по организации и проведению лотерей",92,2025,
Деятельность по организации и проведению азартных игр и заключения пари,92.1,2025,
Деятельность казино,92.11,2025,
Деятельность по организации заключения пари,92.13,2025,
Деятельность по организации и проведению лотерей,92.2,2025,
Деятельность операторов лотерей,92.22,2025,
Деятельность распространителей лотерейных билетов,92.23,2025,
"Деятельность в области спорта, отдыха и развлечений",93,2025,133.26119995117188
Деятельность в области спорта,93.1,2025,132.5637969970703
Деятельность спортивных объектов,93.11,2025,32.16230010986328
Деятельность спортивных клубов,93.12,2025,8.180999755859375
Деятельность фитнес-центров,93.13,2025,
Деятельность в области спорта прочая,93.19,2025,92.22049713134766
Деятельность в области отдыха и развлечений,93.2,2025,0.6974000334739685
Деятельность парков культуры и отдыха и тематических парков,93.21,2025,0.29829999804496765
Деятельность по организации отдыха и развлечений прочая,93.29,2025,0.39910000562667847
Деятельность парков отдыха и пляжей,93.29.1,2025,
"Деятельность танцплощадок, дискотек, школ танцев",93.29.2,2025,
"Организация обрядов (свадеб, юбилеев), в т.ч. музыкальное сопровождение",93.29.3,2025,
"Деятельность зрелищно-развлекательная прочая, не включенная в другие группировки",93.29.9,2025,
"Ремонт компьютеров, предметов личного потребления и хозяйственно-бытового назначения",95,2025,
Ремонт компьютеров и коммуникационного оборудования,95.1,2025,
Ремонт компьютеров и периферийного компьютерного оборудования,95.11,2025,
Ремонт коммуникационного оборудования,95.12,2025,
Ремонт предметов личного потребления и хозяйственно-бытового назначения,95.2,2025,
Ремонт электронной бытовой техники,95.21,2025,
"Ремонт бытовых приборов, домашнего и садового инвентаря",95.22,2025,
Ремонт бытовой техники,95.22.1,2025,
Ремонт часов и ювелирных изделий,95.25,2025,
Ремонт прочих предметов личного потребления и бытовых товаров,95.29,2025,
Ремонт одежды и текстильных изделий,95.29.1,2025,
