sector,okved2,year,AIusage_s
"Растениеводство и животноводство, охота и предоставление соответствующих услуг в этих областях",01,2021.0,180.0
"Растениеводство и животноводство, охота и предоставление соответствующих услуг в этих областях",01,2022.0,268.0
"Растениеводство и животноводство, охота и предоставление соответствующих услуг в этих областях",01,2023.0,128.0
"Растениеводство и животноводство, охота и предоставление соответствующих услуг в этих областях",01,2024.0,106.0
"Растениеводство и животноводство, охота и предоставление соответствующих услуг в этих областях",01,2025.0,100.0
Выращивание однолетних культур,01.1,2021.0,62.0
Выращивание однолетних культур,01.1,2022.0,96.0
Выращивание однолетних культур,01.1,2023.0,49.0
Выращивание однолетних культур,01.1,2024.0,41.0
Выращивание однолетних культур,01.1,2025.0,38.0
"Выращивание зерновых (кроме риса), зернобобовых культур и семян масличных культур",01.11,2021.0,51.0
"Выращивание зерновых (кроме риса), зернобобовых культур и семян масличных культур",01.11,2022.0,72.0
"Выращивание зерновых (кроме риса), зернобобовых культур и семян масличных культур",01.11,2023.0,38.0
"Выращивание зерновых (кроме риса), зернобобовых культур и семян масличных культур",01.11,2024.0,27.0
"Выращивание зерновых (кроме риса), зернобобовых культур и семян масличных культур",01.11,2025.0,23.0
Выращивание зерновых культур,01.11.1,2021.0,43.0
Выращивание зерновых культур,01.11.1,2022.0,52.0
Выращивание зерновых культур,01.11.1,2023.0,25.0
Выращивание зерновых культур,01.11.1,2024.0,19.0
Выращивание зерновых культур,01.11.1,2025.0,13.0
Выращивание пшеницы,01.11.11,2021.0,3.0
Выращивание пшеницы,01.11.11,2022.0,1.0
Выращивание прочих зерновых культур,01.11.19,2021.0,1.0
Выращивание зернобобовых культур,01.11.2,2021.0,3.0
Выращивание зернобобовых культур,01.11.2,2022.0,2.0
Выращивание зернобобовых культур,01.11.2,2023.0,1.0
Выращивание зернобобовых культур,01.11.2,2024.0,1.0
Выращивание зернобобовых культур,01.11.2,2025.0,1.0
Выращивание семян масличных культур,01.11.3,2021.0,3.0
Выращивание семян масличных культур,01.11.3,2022.0,13.0
Выращивание семян масличных культур,01.11.3,2023.0,12.0
Выращивание семян масличных культур,01.11.3,2024.0,5.0
Выращивание семян масличных культур,01.11.3,2025.0,5.0
Выращивание семян соевых бобов,01.11.33,2021.0,1.0
Выращивание семян соевых бобов,01.11.33,2022.0,2.0
Выращивание риса,01.12,2023.0,1.0
Выращивание риса,01.12,2024.0,1.0
Выращивание риса,01.12,2025.0,1.0
"Выращивание овощей, бахчевых, корнеплодных и клубнеплодных культур, грибов и трюфелей",01.13,2021.0,11.0
"Выращивание овощей, бахчевых, корнеплодных и клубнеплодных культур, грибов и трюфелей",01.13,2022.0,21.0
"Выращивание овощей, бахчевых, корнеплодных и клубнеплодных культур, грибов и трюфелей",01.13,2023.0,10.0
"Выращивание овощей, бахчевых, корнеплодных и клубнеплодных культур, грибов и трюфелей",01.13,2024.0,12.0
"Выращивание овощей, бахчевых, корнеплодных и клубнеплодных культур, грибов и трюфелей",01.13,2025.0,13.0
Выращивание овощей,01.13.1,2021.0,10.0
Выращивание овощей,01.13.1,2022.0,13.0
Выращивание овощей,01.13.1,2023.0,8.0
Выращивание овощей,01.13.1,2024.0,9.0
Выращивание овощей,01.13.1,2025.0,8.0
Выращивание овощей открытого грунта,01.13.11,2021.0,2.0
Выращивание овощей защищенного грунта,01.13.12,2021.0,1.0
Выращивание овощей защищенного грунта,01.13.12,2022.0,3.0
Выращивание овощей защищенного грунта,01.13.12,2025.0,1.0
Выращивание столовых корнеплодных и клубнеплодных культур с высоким содержанием крахмала или инулина,01.13.3,2021.0,1.0
Выращивание столовых корнеплодных и клубнеплодных культур с высоким содержанием крахмала или инулина,01.13.3,2022.0,1.0
Выращивание столовых корнеплодных и клубнеплодных культур с высоким содержанием крахмала или инулина,01.13.3,2023.0,1.0
Выращивание столовых корнеплодных и клубнеплодных культур с высоким содержанием крахмала или инулина,01.13.3,2024.0,1.0
Выращивание столовых корнеплодных и клубнеплодных культур с высоким содержанием крахмала или инулина,01.13.3,2025.0,1.0
Выращивание картофеля,01.13.31,2024.0,1.0
Выращивание картофеля,01.13.31,2025.0,1.0
Выращивание сахарной свеклы и семян сахарной свеклы,01.13.5,2022.0,2.0
Выращивание сахарной свеклы и семян сахарной свеклы,01.13.5,2023.0,1.0
Выращивание сахарной свеклы и семян сахарной свеклы,01.13.5,2024.0,2.0
Выращивание сахарной свеклы и семян сахарной свеклы,01.13.5,2025.0,3.0
Выращивание сахарной свеклы,01.13.51,2022.0,1.0
Выращивание грибов и трюфелей,01.13.6,2022.0,3.0
Выращивание прочих однолетних культур,01.19,2022.0,3.0
Выращивание прочих однолетних культур,01.19,2024.0,1.0
Выращивание прочих однолетних культур,01.19,2025.0,1.0
Цветоводство,01.19.2,2022.0,3.0
Выращивание многолетних культур,01.2,2021.0,8.0
Выращивание многолетних культур,01.2,2022.0,14.0
Выращивание многолетних культур,01.2,2023.0,6.0
Выращивание многолетних культур,01.2,2024.0,6.0
Выращивание многолетних культур,01.2,2025.0,8.0
Выращивание винограда,01.21,2021.0,4.0
Выращивание винограда,01.21,2022.0,7.0
Выращивание винограда,01.21,2024.0,1.0
Выращивание винограда,01.21,2025.0,2.0
Выращивание семечковых и косточковых культур,01.24,2021.0,1.0
Выращивание семечковых и косточковых культур,01.24,2022.0,4.0
Выращивание семечковых и косточковых культур,01.24,2023.0,4.0
Выращивание семечковых и косточковых культур,01.24,2024.0,4.0
Выращивание семечковых и косточковых культур,01.24,2025.0,3.0
"Выращивание прочих плодовых деревьев, кустарников и орехов",01.25,2021.0,1.0
"Выращивание прочих плодовых деревьев, кустарников и орехов",01.25,2022.0,2.0
"Выращивание прочих плодовых деревьев, кустарников и орехов",01.25,2023.0,2.0
"Выращивание прочих плодовых деревьев, кустарников и орехов",01.25,2024.0,1.0
"Выращивание прочих плодовых деревьев, кустарников и орехов",01.25,2025.0,3.0
Выращивание прочих плодовых и ягодных культур,01.25.1,2021.0,1.0
Выращивание прочих плодовых и ягодных культур,01.25.1,2022.0,2.0
Выращивание прочих плодовых и ягодных культур,01.25.1,2023.0,2.0
Выращивание прочих плодовых и ягодных культур,01.25.1,2024.0,1.0
Выращивание прочих плодовых и ягодных культур,01.25.1,2025.0,2.0
Выращивание прочих многолетних культур,01.29,2021.0,2.0
Выращивание прочих многолетних культур,01.29,2022.0,1.0
Животноводство,01.4,2021.0,84.0
Животноводство,01.4,2022.0,116.0
Животноводство,01.4,2023.0,59.0
Животноводство,01.4,2024.0,44.0
Животноводство,01.4,2025.0,43.0
"Разведение молочного крупного рогатого скота, производство сырого молока",01.41,2021.0,39.0
"Разведение молочного крупного рогатого скота, производство сырого молока",01.41,2022.0,70.0
"Разведение молочного крупного рогатого скота, производство сырого молока",01.41,2023.0,34.0
"Разведение молочного крупного рогатого скота, производство сырого молока",01.41,2024.0,17.0
"Разведение молочного крупного рогатого скота, производство сырого молока",01.41,2025.0,14.0
Разведение молочного крупного рогатого скота,01.41.1,2021.0,19.0
Разведение молочного крупного рогатого скота,01.41.1,2022.0,31.0
Разведение молочного крупного рогатого скота,01.41.1,2023.0,17.0
Разведение молочного крупного рогатого скота,01.41.1,2024.0,8.0
Разведение молочного крупного рогатого скота,01.41.1,2025.0,8.0
"Разведение молочного крупного рогатого скота, кроме племенного",01.41.11,2021.0,13.0
"Разведение молочного крупного рогатого скота, кроме племенного",01.41.11,2022.0,19.0
"Разведение молочного крупного рогатого скота, кроме племенного",01.41.11,2023.0,9.0
"Разведение молочного крупного рогатого скота, кроме племенного",01.41.11,2024.0,3.0
"Разведение молочного крупного рогатого скота, кроме племенного",01.41.11,2025.0,3.0
Разведение племенного молочного крупного рогатого скота,01.41.12,2021.0,6.0
Разведение племенного молочного крупного рогатого скота,01.41.12,2022.0,12.0
Разведение племенного молочного крупного рогатого скота,01.41.12,2023.0,8.0
Разведение племенного молочного крупного рогатого скота,01.41.12,2024.0,5.0
Разведение племенного молочного крупного рогатого скота,01.41.12,2025.0,5.0
"Производство сырого коровьего молока и сырого молока прочего крупного рогатого скота (буйволов, яков и др.)",01.41.2,2021.0,19.0
"Производство сырого коровьего молока и сырого молока прочего крупного рогатого скота (буйволов, яков и др.)",01.41.2,2022.0,31.0
"Производство сырого коровьего молока и сырого молока прочего крупного рогатого скота (буйволов, яков и др.)",01.41.2,2023.0,14.0
"Производство сырого коровьего молока и сырого молока прочего крупного рогатого скота (буйволов, яков и др.)",01.41.2,2024.0,6.0
"Производство сырого коровьего молока и сырого молока прочего крупного рогатого скота (буйволов, яков и др.)",01.41.2,2025.0,3.0
Производство сырого коровьего молока,01.41.21,2021.0,19.0
Производство сырого коровьего молока,01.41.21,2022.0,31.0
Производство сырого коровьего молока,01.41.21,2023.0,14.0
Производство сырого коровьего молока,01.41.21,2024.0,5.0
Производство сырого коровьего молока,01.41.21,2025.0,3.0
"Производство сырого молока прочего крупного рогатого скота (буйволов, яков и др.)",01.41.29,2024.0,1.0
"Разведение прочих пород крупного рогатого скота и буйволов, производство спермы",01.42,2021.0,19.0
"Разведение прочих пород крупного рогатого скота и буйволов, производство спермы",01.42,2022.0,5.0
"Разведение прочих пород крупного рогатого скота и буйволов, производство спермы",01.42,2023.0,2.0
"Разведение прочих пород крупного рогатого скота и буйволов, производство спермы",01.42,2024.0,3.0
"Разведение прочих пород крупного рогатого скота и буйволов, производство спермы",01.42,2025.0,4.0
"Разведение мясного и прочего крупного рогатого скота, включая буйволов, яков и др.",01.42.1,2021.0,19.0
"Разведение мясного и прочего крупного рогатого скота, включая буйволов, яков и др.",01.42.1,2022.0,4.0
"Разведение мясного и прочего крупного рогатого скота, включая буйволов, яков и др.",01.42.1,2023.0,2.0
"Разведение мясного и прочего крупного рогатого скота, включая буйволов, яков и др.",01.42.1,2024.0,2.0
"Разведение мясного и прочего крупного рогатого скота, включая буйволов, яков и др.",01.42.1,2025.0,3.0
"Разведение мясного и прочего крупного рогатого скота, включая буйволов, яков и др., на мясо",01.42.11,2021.0,9.0
"Разведение мясного и прочего крупного рогатого скота, включая буйволов, яков и др., на мясо",01.42.11,2022.0,2.0
"Разведение мясного и прочего крупного рогатого скота, включая буйволов, яков и др., на мясо",01.42.11,2023.0,1.0
"Разведение мясного и прочего крупного рогатого скота, включая буйволов, яков и др., на мясо",01.42.11,2024.0,1.0
"Разведение мясного и прочего крупного рогатого скота, включая буйволов, яков и др., на мясо",01.42.11,2025.0,2.0
"Разведение племенного мясного и прочего крупного рогатого скота, включая буйволов, яков и др.",01.42.12,2021.0,1.0
"Производство бычьей спермы, а также спермы буйволов, яков и др.",01.42.2,2022.0,1.0
"Производство бычьей спермы, а также спермы буйволов, яков и др.",01.42.2,2024.0,1.0
"Производство бычьей спермы, а также спермы буйволов, яков и др.",01.42.2,2025.0,1.0
Разведение лошадей и прочих животных семейства лошадиных отряда непарнокопытных,01.43,2021.0,1.0
Разведение лошадей и прочих животных семейства лошадиных отряда непарнокопытных,01.43,2022.0,1.0
Разведение лошадей и прочих животных семейства лошадиных отряда непарнокопытных,01.43,2023.0,1.0
"Разведение лошадей, ослов, мулов, лошаков",01.43.1,2021.0,1.0
"Разведение лошадей, ослов, мулов, лошаков",01.43.1,2022.0,1.0
"Разведение лошадей, ослов, мулов, лошаков",01.43.1,2023.0,1.0
Разведение овец и коз,01.45,2021.0,2.0
Разведение овец и коз,01.45,2024.0,1.0
Разведение овец и коз,01.45,2025.0,1.0
Разведение овец и коз,01.45.1,2021.0,1.0
Разведение овец и коз,01.45.1,2022.0,1.0
Разведение овец и коз,01.45.1,2023.0,2.0
Разведение племенных овец и коз,01.45.4,2024.0,1.0
Разведение племенных овец и коз,01.45.4,2025.0,1.0
Разведение свиней,01.46,2021.0,10.0
Разведение свиней,01.46,2022.0,23.0
Разведение свиней,01.46,2023.0,13.0
Разведение свиней,01.46,2024.0,16.0
Разведение свиней,01.46,2025.0,16.0
Выращивание и разведение свиней,01.46.1,2021.0,9.0
Выращивание и разведение свиней,01.46.1,2022.0,21.0
Выращивание и разведение свиней,01.46.1,2023.0,12.0
Выращивание и разведение свиней,01.46.1,2024.0,15.0
Выращивание и разведение свиней,01.46.1,2025.0,13.0
Выращивание свиней на мясо,01.46.11,2021.0,8.0
Выращивание свиней на мясо,01.46.11,2022.0,20.0
Выращивание свиней на мясо,01.46.11,2023.0,12.0
Выращивание свиней на мясо,01.46.11,2024.0,15.0
Выращивание свиней на мясо,01.46.11,2025.0,13.0
Разведение сельскохозяйственной птицы,01.47,2021.0,8.0
Разведение сельскохозяйственной птицы,01.47,2022.0,15.0
Разведение сельскохозяйственной птицы,01.47,2023.0,6.0
Разведение сельскохозяйственной птицы,01.47,2024.0,7.0
Разведение сельскохозяйственной птицы,01.47,2025.0,8.0
"Выращивание и разведение сельскохозяйственной птицы: кур, индеек, уток, гусей и цесарок",01.47.1,2021.0,5.0
"Выращивание и разведение сельскохозяйственной птицы: кур, индеек, уток, гусей и цесарок",01.47.1,2022.0,3.0
"Выращивание и разведение сельскохозяйственной птицы: кур, индеек, уток, гусей и цесарок",01.47.1,2023.0,2.0
"Выращивание и разведение сельскохозяйственной птицы: кур, индеек, уток, гусей и цесарок",01.47.1,2025.0,1.0
Выращивание сельскохозяйственной птицы на мясо,01.47.11,2021.0,3.0
Выращивание сельскохозяйственной птицы на мясо,01.47.11,2022.0,3.0
Выращивание сельскохозяйственной птицы на мясо,01.47.11,2023.0,2.0
Выращивание сельскохозяйственной птицы на мясо,01.47.11,2025.0,1.0
Разведение племенной сельскохозяйственной птицы,01.47.12,2021.0,1.0
Производство яиц сельскохозяйственной птицы,01.47.2,2022.0,8.0
Производство яиц сельскохозяйственной птицы,01.47.2,2023.0,4.0
Производство яиц сельскохозяйственной птицы,01.47.2,2024.0,5.0
Производство яиц сельскохозяйственной птицы,01.47.2,2025.0,7.0
Разведение прочих животных,01.49,2021.0,5.0
Разведение прочих животных,01.49,2022.0,1.0
Разведение прочих животных,01.49,2023.0,1.0
Разведение кроликов и прочих пушных зверей на фермах,01.49.2,2022.0,1.0
Разведение прочих пушных зверей на фермах,01.49.22,2022.0,1.0
Разведение оленей,01.49.4,2021.0,4.0
Разведение оленей,01.49.4,2023.0,1.0
Разведение домашних северных оленей,01.49.41,2021.0,3.0
"Разведение прочих животных, не включенных в другие группировки",01.49.9,2021.0,1.0
Смешанное сельское хозяйство,01.50,2021.0,5.0
Смешанное сельское хозяйство,01.50,2022.0,8.0
Смешанное сельское хозяйство,01.50,2023.0,5.0
Смешанное сельское хозяйство,01.50,2024.0,3.0
Смешанное сельское хозяйство,01.50,2025.0,2.0
Деятельность вспомогательная в области производства сельскохозяйственных культур и послеуборочной обработки сельхозпродукции,01.6,2021.0,16.0
Деятельность вспомогательная в области производства сельскохозяйственных культур и послеуборочной обработки сельхозпродукции,01.6,2022.0,31.0
Деятельность вспомогательная в области производства сельскохозяйственных культур и послеуборочной обработки сельхозпродукции,01.6,2023.0,8.0
Деятельность вспомогательная в области производства сельскохозяйственных культур и послеуборочной обработки сельхозпродукции,01.6,2024.0,9.0
Деятельность вспомогательная в области производства сельскохозяйственных культур и послеуборочной обработки сельхозпродукции,01.6,2025.0,8.0
Предоставление услуг в области растениеводства,01.61,2021.0,16.0
Предоставление услуг в области растениеводства,01.61,2022.0,29.0
Предоставление услуг в области растениеводства,01.61,2023.0,7.0
Предоставление услуг в области растениеводства,01.61,2024.0,9.0
Предоставление услуг в области растениеводства,01.61,2025.0,8.0
Предоставление услуг в области животноводства,01.62,2022.0,2.0
Предоставление услуг в области животноводства,01.62,2023.0,1.0
"Охота, отлов и отстрел диких животных, включая предоставление услуг в этих областях",01.70,2021.0,5.0
"Охота, отлов и отстрел диких животных, включая предоставление услуг в этих областях",01.70,2022.0,3.0
"Охота, отлов и отстрел диких животных, включая предоставление услуг в этих областях",01.70,2023.0,1.0
"Охота, отлов и отстрел диких животных, включая предоставление услуг в этих областях",01.70,2024.0,3.0
"Охота, отлов и отстрел диких животных, включая предоставление услуг в этих областях",01.70,2025.0,1.0
Лесоводство и лесозаготовки,02,2021.0,38.0
Лесоводство и лесозаготовки,02,2022.0,88.0
Лесоводство и лесозаготовки,02,2023.0,45.0
Лесоводство и лесозаготовки,02,2024.0,27.0
Лесоводство и лесозаготовки,02,2025.0,27.0
Лесоводство и прочая лесохозяйственная деятельность,02.10,2021.0,20.0
Лесоводство и прочая лесохозяйственная деятельность,02.10,2022.0,50.0
Лесоводство и прочая лесохозяйственная деятельность,02.10,2023.0,18.0
Лесоводство и прочая лесохозяйственная деятельность,02.10,2024.0,19.0
Лесоводство и прочая лесохозяйственная деятельность,02.10,2025.0,19.0
Деятельность лесопитомников,02.10.1,2021.0,1.0
Деятельность лесопитомников,02.10.1,2022.0,2.0
"Выращивание посадочного материала лесных растений (саженцев, сеянцев)",02.10.11,2021.0,1.0
"Выращивание посадочного материала лесных растений (саженцев, сеянцев)",02.10.11,2022.0,2.0
Деятельность лесохозяйственная прочая,02.10.2,2022.0,1.0
Деятельность лесохозяйственная прочая,02.10.2,2023.0,2.0
Деятельность лесохозяйственная прочая,02.10.2,2024.0,2.0
Деятельность лесохозяйственная прочая,02.10.2,2025.0,2.0
Лесозаготовки,02.20,2021.0,9.0
Лесозаготовки,02.20,2022.0,9.0
Лесозаготовки,02.20,2023.0,3.0
Лесозаготовки,02.20,2024.0,1.0
Лесозаготовки,02.20,2025.0,2.0
"Сбор и заготовка пищевых лесных ресурсов, недревесных лесных ресурсов и лекарственных растений",02.30,2025.0,1.0
Предоставление услуг в области лесоводства и лесозаготовок,02.40,2021.0,9.0
Предоставление услуг в области лесоводства и лесозаготовок,02.40,2022.0,29.0
Предоставление услуг в области лесоводства и лесозаготовок,02.40,2023.0,24.0
Предоставление услуг в области лесоводства и лесозаготовок,02.40,2024.0,7.0
Предоставление услуг в области лесоводства и лесозаготовок,02.40,2025.0,5.0
Предоставление услуг в области лесоводства,02.40.1,2021.0,7.0
Предоставление услуг в области лесоводства,02.40.1,2022.0,26.0
Предоставление услуг в области лесоводства,02.40.1,2023.0,19.0
Предоставление услуг в области лесоводства,02.40.1,2024.0,7.0
Предоставление услуг в области лесоводства,02.40.1,2025.0,5.0
Предоставление услуг в области лесозаготовок,02.40.2,2021.0,1.0
Предоставление услуг в области лесозаготовок,02.40.2,2022.0,1.0
Предоставление услуг в области лесозаготовок,02.40.2,2023.0,1.0
Рыболовство и рыбоводство,03,2021.0,8.0
Рыболовство и рыбоводство,03,2022.0,10.0
Рыболовство и рыбоводство,03,2023.0,11.0
Рыболовство и рыбоводство,03,2024.0,9.0
Рыболовство и рыбоводство,03,2025.0,9.0
Рыболовство,03.1,2021.0,7.0
Рыболовство,03.1,2022.0,8.0
Рыболовство,03.1,2023.0,9.0
Рыболовство,03.1,2024.0,7.0
Рыболовство,03.1,2025.0,6.0
Рыболовство морское,03.11,2021.0,2.0
Рыболовство морское,03.11,2022.0,5.0
Рыболовство морское,03.11,2023.0,7.0
Рыболовство морское,03.11,2024.0,6.0
Рыболовство морское,03.11,2025.0,6.0
Рыболовство морское промышленное,03.11.1,2021.0,1.0
Рыболовство морское промышленное,03.11.1,2022.0,1.0
Рыболовство морское промышленное,03.11.1,2023.0,3.0
Рыболовство морское промышленное,03.11.1,2024.0,5.0
Рыболовство морское промышленное,03.11.1,2025.0,4.0
Рыболовство пресноводное,03.12,2021.0,5.0
Рыболовство пресноводное,03.12,2022.0,3.0
Рыболовство пресноводное,03.12,2023.0,2.0
Рыболовство пресноводное,03.12,2024.0,1.0
Рыболовство пресноводное промышленное,03.12.1,2021.0,1.0
"Рыболовство в целях обеспечения ведения традиционного образа жизни и осуществления традиционной хозяйственной деятельности коренных малочисленных народов Севера, Сибири и Дальнего Востока Российской Федерации",03.12.4,2021.0,1.0
Рыбоводство,03.2,2021.0,1.0
Рыбоводство,03.2,2022.0,2.0
Рыбоводство,03.2,2023.0,2.0
Рыбоводство,03.2,2024.0,2.0
Рыбоводство,03.2,2025.0,3.0
Рыбоводство морское,03.21,2022.0,1.0
Рыбоводство морское,03.21,2023.0,1.0
Рыбоводство морское,03.21,2024.0,1.0
Рыбоводство морское,03.21,2025.0,1.0
Рыбоводство морское индустриальное,03.21.1,2022.0,1.0
Рыбоводство морское индустриальное,03.21.1,2023.0,1.0
Рыбоводство морское индустриальное,03.21.1,2024.0,1.0
Рыбоводство морское индустриальное,03.21.1,2025.0,1.0
Рыбоводство пресноводное,03.22,2021.0,1.0
Рыбоводство пресноводное,03.22,2022.0,1.0
Рыбоводство пресноводное,03.22,2023.0,1.0
Рыбоводство пресноводное,03.22,2024.0,1.0
Рыбоводство пресноводное,03.22,2025.0,2.0
Рыбоводство прудовое,03.22.3,2023.0,1.0
Рыбоводство прудовое,03.22.3,2025.0,1.0
Воспроизводство пресноводных биоресурсов искусственное,03.22.5,2021.0,1.0
Воспроизводство пресноводных биоресурсов искусственное,03.22.5,2024.0,1.0
Воспроизводство пресноводных биоресурсов искусственное,03.22.5,2025.0,1.0
Добыча угля,05,2021.0,14.0
Добыча угля,05,2022.0,20.0
Добыча угля,05,2023.0,3.0
Добыча угля,05,2024.0,4.0
Добыча угля,05,2025.0,5.0
Добыча и обогащение угля и антрацита,05.10,2021.0,14.0
Добыча и обогащение угля и антрацита,05.10,2022.0,19.0
Добыча и обогащение угля и антрацита,05.10,2023.0,2.0
Добыча и обогащение угля и антрацита,05.10,2024.0,4.0
Добыча и обогащение угля и антрацита,05.10,2025.0,4.0
Добыча угля и антрацита,05.10.1,2021.0,10.0
Добыча угля и антрацита,05.10.1,2022.0,15.0
Добыча угля и антрацита,05.10.1,2023.0,1.0
Добыча угля и антрацита,05.10.1,2024.0,2.0
Добыча угля и антрацита,05.10.1,2025.0,3.0
Добыча коксующегося угля открытым способом,05.10.12,2021.0,2.0
Добыча коксующегося угля открытым способом,05.10.12,2022.0,3.0
Добыча коксующегося угля открытым способом,05.10.12,2023.0,1.0
"Добыча угля, за исключением антрацита, угля коксующегося и угля бурого, открытым способом",05.10.13,2021.0,2.0
"Добыча угля, за исключением антрацита, угля коксующегося и угля бурого, открытым способом",05.10.13,2022.0,3.0
"Добыча угля, за исключением антрацита, угля коксующегося и угля бурого, открытым способом",05.10.13,2024.0,1.0
"Добыча угля, за исключением антрацита, угля коксующегося и угля бурого, открытым способом",05.10.13,2025.0,2.0
Добыча коксующегося угля подземным способом,05.10.15,2021.0,6.0
Добыча коксующегося угля подземным способом,05.10.15,2022.0,8.0
"Добыча угля, за исключением антрацита, угля коксующегося и угля бурого, подземным способом",05.10.16,2022.0,1.0
Обогащение угля,05.10.2,2021.0,4.0
Обогащение угля,05.10.2,2022.0,4.0
Обогащение угля,05.10.2,2023.0,1.0
Обогащение угля,05.10.2,2024.0,2.0
Обогащение угля,05.10.2,2025.0,1.0
Обогащение коксующегося угля,05.10.22,2021.0,3.0
Обогащение коксующегося угля,05.10.22,2022.0,3.0
"Обогащение угля, кроме антрацита, угля коксующегося и угля бурого",05.10.23,2021.0,1.0
"Обогащение угля, кроме антрацита, угля коксующегося и угля бурого",05.10.23,2022.0,1.0
"Обогащение угля, кроме антрацита, угля коксующегося и угля бурого",05.10.23,2023.0,1.0
"Обогащение угля, кроме антрацита, угля коксующегося и угля бурого",05.10.23,2024.0,2.0
"Обогащение угля, кроме антрацита, угля коксующегося и угля бурого",05.10.23,2025.0,1.0
Добыча и обогащение бурого угля (лигнита),05.20,2022.0,1.0
Добыча и обогащение бурого угля (лигнита),05.20,2023.0,1.0
Добыча и обогащение бурого угля (лигнита),05.20,2025.0,1.0
Добыча бурого угля (лигнита),05.20.1,2022.0,1.0
Добыча бурого угля (лигнита),05.20.1,2023.0,1.0
Добыча бурого угля (лигнита),05.20.1,2025.0,1.0
Добыча бурого угля (лигнита) открытым способом,05.20.11,2022.0,1.0
Добыча бурого угля (лигнита) открытым способом,05.20.11,2023.0,1.0
Добыча бурого угля (лигнита) открытым способом,05.20.11,2025.0,1.0
Добыча нефти и природного газа,06,2021.0,20.0
Добыча нефти и природного газа,06,2022.0,24.0
Добыча нефти и природного газа,06,2023.0,22.0
Добыча нефти и природного газа,06,2024.0,20.0
Добыча нефти и природного газа,06,2025.0,16.0
Добыча нефти и нефтяного (попутного) газа,06.10,2021.0,18.0
Добыча нефти и нефтяного (попутного) газа,06.10,2022.0,21.0
Добыча нефти и нефтяного (попутного) газа,06.10,2023.0,20.0
Добыча нефти и нефтяного (попутного) газа,06.10,2024.0,16.0
Добыча нефти и нефтяного (попутного) газа,06.10,2025.0,11.0
"Добыча сырой нефти, горючих (битуминозных) сланцев, песка и озокерита",06.10.01.АГ,2021.0,18.0
"Добыча сырой нефти, горючих (битуминозных) сланцев, песка и озокерита",06.10.01.АГ,2022.0,20.0
"Добыча сырой нефти, горючих (битуминозных) сланцев, песка и озокерита",06.10.01.АГ,2023.0,20.0
"Добыча нефти, горючих (битуминозных) сланцев, песка и озокерита",06.10.01.АГ,2024.0,16.0
"Добыча нефти, горючих (битуминозных) сланцев, песка и озокерита",06.10.01.АГ,2025.0,11.0
Добыча нефти,06.10.1,2021.0,18.0
Добыча нефти,06.10.1,2022.0,20.0
Добыча нефти,06.10.1,2023.0,20.0
Добыча нефти,06.10.1,2024.0,16.0
Добыча нефти,06.10.1,2025.0,11.0
Добыча природного газа и газового конденсата,06.20,2021.0,2.0
Добыча природного газа и газового конденсата,06.20,2022.0,3.0
Добыча природного газа и газового конденсата,06.20,2023.0,2.0
Добыча природного газа и газового конденсата,06.20,2024.0,4.0
Добыча природного газа и газового конденсата,06.20,2025.0,5.0
Добыча природного газа,06.20.1,2021.0,2.0
Добыча природного газа,06.20.1,2022.0,1.0
Добыча природного газа,06.20.1,2023.0,2.0
Добыча природного газа,06.20.1,2024.0,3.0
Добыча природного газа,06.20.1,2025.0,3.0
Добыча газового конденсата,06.20.2,2022.0,2.0
Добыча металлических руд,07,2021.0,11.0
Добыча металлических руд,07,2022.0,26.0
Добыча металлических руд,07,2023.0,15.0
Добыча металлических руд,07,2024.0,19.0
Добыча металлических руд,07,2025.0,17.0
Добыча и обогащение железных руд,07.10,2021.0,2.0
Добыча и обогащение железных руд,07.10,2022.0,3.0
Добыча и обогащение железных руд,07.10,2023.0,3.0
Добыча и обогащение железных руд,07.10,2024.0,3.0
Добыча и обогащение железных руд,07.10,2025.0,5.0
Добыча железных руд подземным способом,07.10.1,2021.0,1.0
Добыча железных руд подземным способом,07.10.1,2022.0,1.0
Добыча железных руд подземным способом,07.10.1,2023.0,1.0
Добыча железных руд подземным способом,07.10.1,2024.0,1.0
Добыча железных руд подземным способом,07.10.1,2025.0,1.0
Добыча железных руд открытым способом,07.10.2,2022.0,1.0
Обогащение и агломерация железных руд,07.10.3,2021.0,1.0
Обогащение и агломерация железных руд,07.10.3,2022.0,1.0
Обогащение и агломерация железных руд,07.10.3,2023.0,2.0
Обогащение и агломерация железных руд,07.10.3,2024.0,2.0
Обогащение и агломерация железных руд,07.10.3,2025.0,4.0
Добыча руд цветных металлов,07.2,2021.0,9.0
Добыча руд цветных металлов,07.2,2022.0,23.0
Добыча руд цветных металлов,07.2,2023.0,12.0
Добыча руд цветных металлов,07.2,2024.0,16.0
Добыча руд цветных металлов,07.2,2025.0,12.0
Добыча руд прочих цветных металлов,07.29,2021.0,9.0
Добыча руд прочих цветных металлов,07.29,2022.0,23.0
Добыча руд прочих цветных металлов,07.29,2023.0,12.0
Добыча руд прочих цветных металлов,07.29,2024.0,16.0
Добыча руд прочих цветных металлов,07.29,2025.0,12.0
"Добыча и обогащение руд цветных металлов, не включенных в другие группировки",07.29.02.АГ,2021.0,8.0
"Добыча и обогащение руд цветных металлов, не включенных в другие группировки",07.29.02.АГ,2022.0,22.0
"Добыча и обогащение руд цветных металлов, не включенных в другие группировки",07.29.02.АГ,2023.0,11.0
"Добыча и обогащение руд цветных металлов, не включенных в другие группировки",07.29.02.АГ,2024.0,13.0
"Добыча и обогащение руд цветных металлов, не включенных в другие группировки",07.29.02.АГ,2025.0,10.0
Добыча и обогащение медной руды,07.29.1,2021.0,1.0
Добыча и обогащение медной руды,07.29.1,2022.0,1.0
Добыча и обогащение медной руды,07.29.1,2023.0,1.0
Добыча и обогащение медной руды,07.29.1,2024.0,3.0
Добыча и обогащение медной руды,07.29.1,2025.0,2.0
Добыча прочих полезных ископаемых,08,2021.0,23.0
Добыча прочих полезных ископаемых,08,2022.0,21.0
Добыча прочих полезных ископаемых,08,2023.0,13.0
Добыча прочих полезных ископаемых,08,2024.0,19.0
Добыча прочих полезных ископаемых,08,2025.0,15.0
"Добыча камня, песка и глины",08.1,2021.0,19.0
"Добыча камня, песка и глины",08.1,2022.0,17.0
"Добыча камня, песка и глины",08.1,2023.0,9.0
"Добыча камня, песка и глины",08.1,2024.0,11.0
"Добыча камня, песка и глины",08.1,2025.0,7.0
"Добыча декоративного и строительного камня, известняка, гипса, мела и сланцев",08.11,2021.0,3.0
"Добыча декоративного и строительного камня, известняка, гипса, мела и сланцев",08.11,2022.0,6.0
"Добыча декоративного и строительного камня, известняка, гипса, мела и сланцев",08.11,2023.0,4.0
"Добыча декоративного и строительного камня, известняка, гипса, мела и сланцев",08.11,2024.0,7.0
"Добыча декоративного и строительного камня, известняка, гипса, мела и сланцев",08.11,2025.0,3.0
Добыча и первичная обработка камня для памятников и строительства,08.11.1,2021.0,1.0
Добыча и первичная обработка камня для памятников и строительства,08.11.1,2022.0,2.0
Добыча и первичная обработка камня для памятников и строительства,08.11.1,2023.0,2.0
Добыча и первичная обработка камня для памятников и строительства,08.11.1,2024.0,1.0
Добыча и первичная обработка камня для памятников и строительства,08.11.1,2025.0,1.0
Добыча и первичная обработка известняка и гипсового камня,08.11.2,2021.0,2.0
Добыча и первичная обработка известняка и гипсового камня,08.11.2,2022.0,3.0
Добыча и первичная обработка известняка и гипсового камня,08.11.2,2023.0,1.0
Добыча и первичная обработка известняка и гипсового камня,08.11.2,2024.0,5.0
Добыча и первичная обработка известняка и гипсового камня,08.11.2,2025.0,1.0
Добыча мела и некальцинированного доломита,08.11.3,2025.0,1.0
"Разработка гравийных и песчаных карьеров, добыча глины и каолина",08.12,2021.0,16.0
"Разработка гравийных и песчаных карьеров, добыча глины и каолина",08.12,2022.0,11.0
"Разработка гравийных и песчаных карьеров, добыча глины и каолина",08.12,2023.0,5.0
"Разработка гравийных и песчаных карьеров, добыча глины и каолина",08.12,2024.0,4.0
"Разработка гравийных и песчаных карьеров, добыча глины и каолина",08.12,2025.0,4.0
Разработка гравийных и песчаных карьеров,08.12.1,2021.0,11.0
Разработка гравийных и песчаных карьеров,08.12.1,2022.0,11.0
Разработка гравийных и песчаных карьеров,08.12.1,2023.0,5.0
Разработка гравийных и песчаных карьеров,08.12.1,2024.0,4.0
Разработка гравийных и песчаных карьеров,08.12.1,2025.0,4.0
"Добыча полезных ископаемых, не включенных в другие группировки",08.9,2021.0,4.0
"Добыча полезных ископаемых, не включенных в другие группировки",08.9,2022.0,4.0
"Добыча полезных ископаемых, не включенных в другие группировки",08.9,2023.0,4.0
"Добыча полезных ископаемых, не включенных в другие группировки",08.9,2024.0,8.0
"Добыча полезных ископаемых, не включенных в другие группировки",08.9,2025.0,8.0
Добыча минерального сырья для химической промышленности и производства минеральных удобрений,08.91,2025.0,1.0
Добыча и агломерация торфа,08.92,2024.0,1.0
Добыча и агломерация торфа,08.92,2025.0,2.0
Добыча торфа,08.92.1,2024.0,1.0
Добыча торфа,08.92.1,2025.0,2.0
Добыча соли,08.93,2021.0,1.0
Добыча соли,08.93,2022.0,1.0
Добыча соли,08.93,2023.0,1.0
"Добыча прочих полезных ископаемых, не включенных в другие группировки",08.99,2021.0,3.0
"Добыча прочих полезных ископаемых, не включенных в другие группировки",08.99,2022.0,3.0
"Добыча прочих полезных ископаемых, не включенных в другие группировки",08.99,2023.0,3.0
"Добыча прочих полезных ископаемых, не включенных в другие группировки",08.99,2024.0,7.0
"Добыча прочих полезных ископаемых, не включенных в другие группировки",08.99,2025.0,5.0
"Добыча драгоценных камней, кварца, слюды, мусковита и т. д.",08.99.3,2021.0,3.0
"Добыча драгоценных камней, кварца, слюды, мусковита и т. д.",08.99.3,2022.0,3.0
"Добыча драгоценных камней, кварца, слюды, мусковита и т. д.",08.99.3,2023.0,3.0
"Добыча драгоценных камней, кварца, слюды, мусковита и т. д.",08.99.3,2024.0,7.0
"Добыча драгоценных камней, кварца, слюды, мусковита и т. д.",08.99.3,2025.0,5.0
"Добыча драгоценных и полудрагоценных камней, кроме алмазов",08.99.31,2022.0,1.0
Добыча алмазов,08.99.32,2021.0,3.0
Добыча алмазов,08.99.32,2022.0,2.0
Добыча алмазов,08.99.32,2023.0,3.0
Добыча алмазов,08.99.32,2024.0,7.0
Добыча алмазов,08.99.32,2025.0,5.0
Предоставление услуг в области добычи полезных ископаемых,09,2021.0,24.0
Предоставление услуг в области добычи полезных ископаемых,09,2022.0,22.0
Предоставление услуг в области добычи полезных ископаемых,09,2023.0,17.0
Предоставление услуг в области добычи полезных ископаемых,09,2024.0,13.0
Предоставление услуг в области добычи полезных ископаемых,09,2025.0,18.0
Предоставление услуг в области добычи нефти и природного газа,09.10,2021.0,24.0
Предоставление услуг в области добычи нефти и природного газа,09.10,2022.0,21.0
Предоставление услуг в области добычи нефти и природного газа,09.10,2023.0,17.0
Предоставление услуг в области добычи нефти и природного газа,09.10,2024.0,12.0
Предоставление услуг в области добычи нефти и природного газа,09.10,2025.0,16.0
"Предоставление услуг по бурению, связанному с добычей нефти, газа и газового конденсата",09.10.1,2021.0,2.0
"Предоставление услуг по бурению, связанному с добычей нефти, газа и газового конденсата",09.10.1,2022.0,3.0
"Предоставление услуг по бурению, связанному с добычей нефти, газа и газового конденсата",09.10.1,2023.0,5.0
"Предоставление услуг по бурению, связанному с добычей нефти, газа и газового конденсата",09.10.1,2024.0,2.0
"Предоставление услуг по бурению, связанному с добычей нефти, газа и газового конденсата",09.10.1,2025.0,3.0
"Предоставление услуг по монтажу, ремонту и демонтажу буровых вышек",09.10.2,2021.0,1.0
"Предоставление услуг по монтажу, ремонту и демонтажу буровых вышек",09.10.2,2022.0,1.0
Предоставление прочих услуг в области добычи нефти и природного газа,09.10.9,2021.0,21.0
Предоставление прочих услуг в области добычи нефти и природного газа,09.10.9,2022.0,16.0
Предоставление прочих услуг в области добычи нефти и природного газа,09.10.9,2023.0,12.0
Предоставление прочих услуг в области добычи нефти и природного газа,09.10.9,2024.0,10.0
Предоставление прочих услуг в области добычи нефти и природного газа,09.10.9,2025.0,12.0
Предоставление услуг в других областях добычи полезных ископаемых,09.90,2022.0,1.0
Предоставление услуг в других областях добычи полезных ископаемых,09.90,2024.0,1.0
Предоставление услуг в других областях добычи полезных ископаемых,09.90,2025.0,2.0
Производство пищевых продуктов,10,2021.0,91.0
Производство пищевых продуктов,10,2022.0,202.0
Производство пищевых продуктов,10,2023.0,133.0
Производство пищевых продуктов,10,2024.0,129.0
Производство пищевых продуктов,10,2025.0,130.0
Переработка и консервирование мяса и мясной пищевой продукции,10.1,2021.0,20.0
Переработка и консервирование мяса и мясной пищевой продукции,10.1,2022.0,34.0
Переработка и консервирование мяса и мясной пищевой продукции,10.1,2023.0,30.0
Переработка и консервирование мяса и мясной пищевой продукции,10.1,2024.0,27.0
Переработка и консервирование мяса и мясной пищевой продукции,10.1,2025.0,26.0
Переработка и консервирование мяса,10.11,2021.0,6.0
Переработка и консервирование мяса,10.11,2022.0,8.0
Переработка и консервирование мяса,10.11,2023.0,4.0
Переработка и консервирование мяса,10.11,2024.0,10.0
Переработка и консервирование мяса,10.11,2025.0,9.0
Производство мяса в охлажденном виде,10.11.1,2021.0,2.0
Производство мяса в охлажденном виде,10.11.1,2022.0,6.0
Производство мяса в охлажденном виде,10.11.1,2023.0,3.0
Производство мяса в охлажденном виде,10.11.1,2024.0,10.0
Производство мяса в охлажденном виде,10.11.1,2025.0,9.0
Производство мяса и пищевых субпродуктов в замороженном виде,10.11.3,2021.0,2.0
Производство и консервирование мяса птицы,10.12,2022.0,1.0
Производство и консервирование мяса птицы,10.12,2023.0,4.0
Производство и консервирование мяса птицы,10.12,2024.0,1.0
Производство и консервирование мяса птицы,10.12,2025.0,1.0
Производство мяса птицы в охлажденном виде,10.12.1,2022.0,1.0
Производство мяса птицы в охлажденном виде,10.12.1,2023.0,3.0
Производство мяса птицы в охлажденном виде,10.12.1,2024.0,1.0
Производство мяса птицы в охлажденном виде,10.12.1,2025.0,1.0
Производство мяса птицы в замороженном виде,10.12.2,2023.0,1.0
Производство продукции из мяса убойных животных и мяса птицы,10.13,2021.0,14.0
Производство продукции из мяса убойных животных и мяса птицы,10.13,2022.0,25.0
Производство продукции из мяса убойных животных и мяса птицы,10.13,2023.0,22.0
Производство продукции из мяса убойных животных и мяса птицы,10.13,2024.0,16.0
Производство продукции из мяса убойных животных и мяса птицы,10.13,2025.0,16.0
"Производство соленого, вареного, запеченого, копченого, вяленого и прочего мяса",10.13.1,2021.0,2.0
"Производство соленого, вареного, запеченого, копченого, вяленого и прочего мяса",10.13.1,2022.0,5.0
"Производство соленого, вареного, запеченого, копченого, вяленого и прочего мяса",10.13.1,2023.0,3.0
"Производство соленого, вареного, запеченого, копченого, вяленого и прочего мяса",10.13.1,2024.0,3.0
"Производство соленого, вареного, запеченого, копченого, вяленого и прочего мяса",10.13.1,2025.0,3.0
Производство колбасных изделий,10.13.2,2021.0,2.0
Производство колбасных изделий,10.13.2,2022.0,7.0
Производство колбасных изделий,10.13.2,2023.0,7.0
Производство колбасных изделий,10.13.2,2024.0,7.0
Производство колбасных изделий,10.13.2,2025.0,6.0
Производство мясных (мясосодержащих) консервов,10.13.3,2022.0,2.0
Производство мясных (мясосодержащих) консервов,10.13.3,2023.0,2.0
Производство мясных (мясосодержащих) консервов,10.13.3,2025.0,1.0
Производство мясных (мясосодержащих) полуфабрикатов,10.13.4,2021.0,8.0
Производство мясных (мясосодержащих) полуфабрикатов,10.13.4,2022.0,8.0
Производство мясных (мясосодержащих) полуфабрикатов,10.13.4,2023.0,8.0
Производство мясных (мясосодержащих) полуфабрикатов,10.13.4,2024.0,4.0
Производство мясных (мясосодержащих) полуфабрикатов,10.13.4,2025.0,5.0
Производство кулинарных мясных (мясосодержащих) изделий,10.13.5,2022.0,1.0
Предоставление услуг по тепловой обработке и прочим способам переработки мясных продуктов,10.13.9,2021.0,1.0
"Переработка и консервирование рыбы, ракообразных и моллюсков",10.20,2021.0,5.0
"Переработка и консервирование рыбы, ракообразных и моллюсков",10.20,2022.0,16.0
"Переработка и консервирование рыбы, ракообразных и моллюсков",10.20,2023.0,6.0
"Переработка и консервирование рыбы, ракообразных и моллюсков",10.20,2024.0,3.0
"Переработка и консервирование рыбы, ракообразных и моллюсков",10.20,2025.0,6.0
Переработка и консервирование рыбы,10.20.1,2021.0,4.0
Переработка и консервирование рыбы,10.20.1,2022.0,8.0
Переработка и консервирование рыбы,10.20.1,2023.0,3.0
Переработка и консервирование рыбы,10.20.1,2024.0,3.0
Переработка и консервирование рыбы,10.20.1,2025.0,4.0
Переработка и консервирование ракообразных и моллюсков,10.20.2,2021.0,1.0
Переработка и консервирование ракообразных и моллюсков,10.20.2,2022.0,2.0
Переработка и консервирование ракообразных и моллюсков,10.20.2,2023.0,1.0
Переработка и консервирование фруктов и овощей,10.3,2021.0,3.0
Переработка и консервирование фруктов и овощей,10.3,2022.0,8.0
Переработка и консервирование фруктов и овощей,10.3,2023.0,3.0
Переработка и консервирование фруктов и овощей,10.3,2024.0,7.0
Переработка и консервирование фруктов и овощей,10.3,2025.0,12.0
Переработка и консервирование картофеля,10.31,2024.0,3.0
Переработка и консервирование картофеля,10.31,2025.0,1.0
Производство соковой продукции из фруктов и овощей,10.32,2021.0,2.0
Производство соковой продукции из фруктов и овощей,10.32,2022.0,1.0
Производство соковой продукции из фруктов и овощей,10.32,2024.0,1.0
Производство соковой продукции из фруктов и овощей,10.32,2025.0,1.0
Прочие виды переработки и консервирования фруктов и овощей,10.39,2021.0,1.0
Прочие виды переработки и консервирования фруктов и овощей,10.39,2022.0,7.0
Прочие виды переработки и консервирования фруктов и овощей,10.39,2023.0,3.0
Прочие виды переработки и консервирования фруктов и овощей,10.39,2024.0,3.0
Прочие виды переработки и консервирования фруктов и овощей,10.39,2025.0,10.0
Переработка и консервирование овощей (кроме картофеля) и грибов,10.39.1,2021.0,1.0
Переработка и консервирование овощей (кроме картофеля) и грибов,10.39.1,2022.0,4.0
Переработка и консервирование овощей (кроме картофеля) и грибов,10.39.1,2023.0,2.0
Переработка и консервирование овощей (кроме картофеля) и грибов,10.39.1,2024.0,2.0
Переработка и консервирование овощей (кроме картофеля) и грибов,10.39.1,2025.0,4.0
Переработка и консервирование фруктов и орехов,10.39.2,2022.0,3.0
Переработка и консервирование фруктов и орехов,10.39.2,2023.0,1.0
Переработка и консервирование фруктов и орехов,10.39.2,2024.0,1.0
Переработка и консервирование фруктов и орехов,10.39.2,2025.0,6.0
Производство растительных и животных масел и жиров,10.4,2021.0,2.0
Производство растительных и животных масел и жиров,10.4,2022.0,5.0
Производство растительных и животных масел и жиров,10.4,2023.0,3.0
Производство растительных и животных масел и жиров,10.4,2024.0,3.0
Производство растительных и животных масел и жиров,10.4,2025.0,12.0
Производство масел и жиров,10.41,2021.0,2.0
Производство масел и жиров,10.41,2022.0,4.0
Производство масел и жиров,10.41,2023.0,2.0
Производство масел и жиров,10.41,2024.0,2.0
Производство масел и жиров,10.41,2025.0,11.0
Производство нерафинированных растительных масел и их фракций,10.41.2,2021.0,2.0
Производство нерафинированных растительных масел и их фракций,10.41.2,2022.0,3.0
Производство нерафинированных растительных масел и их фракций,10.41.2,2023.0,2.0
Производство нерафинированных растительных масел и их фракций,10.41.2,2024.0,1.0
Производство нерафинированных растительных масел и их фракций,10.41.2,2025.0,7.0
Производство нерафинированного соевого масла и его фракций,10.41.21,2025.0,1.0
Производство нерафинированного подсолнечного масла и его фракций,10.41.24,2021.0,2.0
Производство нерафинированного подсолнечного масла и его фракций,10.41.24,2022.0,3.0
Производство нерафинированного подсолнечного масла и его фракций,10.41.24,2023.0,2.0
Производство нерафинированного подсолнечного масла и его фракций,10.41.24,2024.0,1.0
Производство нерафинированного подсолнечного масла и его фракций,10.41.24,2025.0,4.0
Производство нерафинированного рапсового сурепного и горчичного масла и их фракций,10.41.26,2025.0,1.0
Производство рафинированных растительных масел и их фракций,10.41.5,2022.0,1.0
Производство рафинированных растительных масел и их фракций,10.41.5,2024.0,1.0
Производство рафинированных растительных масел и их фракций,10.41.5,2025.0,4.0
Производство рафинированного подсолнечного масла и его фракций,10.41.54,2022.0,1.0
Производство рафинированного подсолнечного масла и его фракций,10.41.54,2024.0,1.0
Производство рафинированного подсолнечного масла и его фракций,10.41.54,2025.0,4.0
Производство маргариновой продукции,10.42,2022.0,1.0
Производство маргариновой продукции,10.42,2023.0,1.0
Производство маргариновой продукции,10.42,2024.0,1.0
Производство маргариновой продукции,10.42,2025.0,1.0
Производство молочной продукции,10.5,2021.0,24.0
Производство молочной продукции,10.5,2022.0,47.0
Производство молочной продукции,10.5,2023.0,38.0
Производство молочной продукции,10.5,2024.0,38.0
Производство молочной продукции,10.5,2025.0,23.0
Производство молока (кроме сырого) и молочной продукции,10.51,2021.0,19.0
Производство молока (кроме сырого) и молочной продукции,10.51,2022.0,42.0
Производство молока (кроме сырого) и молочной продукции,10.51,2023.0,31.0
Производство молока (кроме сырого) и молочной продукции,10.51,2024.0,36.0
Производство молока (кроме сырого) и молочной продукции,10.51,2025.0,21.0
Производство питьевого молока и питьевых сливок,10.51.1,2021.0,7.0
Производство питьевого молока и питьевых сливок,10.51.1,2022.0,13.0
Производство питьевого молока и питьевых сливок,10.51.1,2023.0,7.0
Производство питьевого молока и питьевых сливок,10.51.1,2024.0,26.0
Производство питьевого молока и питьевых сливок,10.51.1,2025.0,8.0
"Производство сливочного масла, топленого масла, масляной пасты, молочного жира, спредов и топленых сливочно-растительных смесей",10.51.2,2021.0,1.0
"Производство сливочного масла, топленого масла, масляной пасты, молочного жира, спредов и топленых сливочно-растительных смесей",10.51.2,2022.0,2.0
"Производство сливочного масла, топленого масла, масляной пасты, молочного жира, спредов и топленых сливочно-растительных смесей",10.51.2,2023.0,2.0
"Производство сливочного масла, топленого масла, масляной пасты, молочного жира, спредов и топленых сливочно-растительных смесей",10.51.2,2025.0,2.0
Производство сыра и сырных продуктов,10.51.3,2021.0,1.0
Производство сыра и сырных продуктов,10.51.3,2022.0,5.0
Производство сыра и сырных продуктов,10.51.3,2023.0,7.0
Производство сыра и сырных продуктов,10.51.3,2024.0,3.0
Производство сыра и сырных продуктов,10.51.3,2025.0,3.0
Производство молока и сливок в твердой форме,10.51.4,2021.0,1.0
Производство прочей молочной продукции,10.51.9,2021.0,9.0
Производство прочей молочной продукции,10.51.9,2022.0,21.0
Производство прочей молочной продукции,10.51.9,2023.0,10.0
Производство прочей молочной продукции,10.51.9,2024.0,6.0
Производство прочей молочной продукции,10.51.9,2025.0,7.0
Производство мороженого,10.52,2021.0,5.0
Производство мороженого,10.52,2022.0,5.0
Производство мороженого,10.52,2023.0,7.0
Производство мороженого,10.52,2024.0,2.0
Производство мороженого,10.52,2025.0,2.0
"Производство продуктов мукомольной и крупяной промышленности, крахмала и крахмалосодержащих продуктов",10.6,2021.0,5.0
"Производство продуктов мукомольной и крупяной промышленности, крахмала и крахмалосодержащих продуктов",10.6,2022.0,16.0
"Производство продуктов мукомольной и крупяной промышленности, крахмала и крахмалосодержащих продуктов",10.6,2023.0,11.0
"Производство продуктов мукомольной и крупяной промышленности, крахмала и крахмалосодержащих продуктов",10.6,2024.0,7.0
"Производство продуктов мукомольной и крупяной промышленности, крахмала и крахмалосодержащих продуктов",10.6,2025.0,7.0
Производство продуктов мукомольной и крупяной промышленности,10.61,2021.0,4.0
Производство продуктов мукомольной и крупяной промышленности,10.61,2022.0,16.0
Производство продуктов мукомольной и крупяной промышленности,10.61,2023.0,10.0
Производство продуктов мукомольной и крупяной промышленности,10.61,2024.0,7.0
Производство продуктов мукомольной и крупяной промышленности,10.61,2025.0,7.0
Производство муки из зерновых культур,10.61.2,2021.0,3.0
Производство муки из зерновых культур,10.61.2,2022.0,13.0
Производство муки из зерновых культур,10.61.2,2023.0,7.0
Производство муки из зерновых культур,10.61.2,2024.0,4.0
Производство муки из зерновых культур,10.61.2,2025.0,5.0
Производство крупы и гранул из зерновых культур,10.61.3,2021.0,1.0
Производство крупы и гранул из зерновых культур,10.61.3,2022.0,1.0
Производство крупы и гранул из зерновых культур,10.61.3,2023.0,2.0
Производство крупы и гранул из зерновых культур,10.61.3,2024.0,3.0
Производство крупы и гранул из зерновых культур,10.61.3,2025.0,2.0
"Производство мучных смесей и приготовление мучных смесей или теста для хлеба, тортов, бисквитов и блинов",10.61.4,2023.0,1.0
Производство крахмала и крахмалосодержащих продуктов,10.62,2021.0,1.0
Производство крахмала и крахмалосодержащих продуктов,10.62,2023.0,1.0
Производство хлебобулочных и мучных кондитерских изделий,10.7,2021.0,21.0
Производство хлебобулочных и мучных кондитерских изделий,10.7,2022.0,38.0
Производство хлебобулочных и мучных кондитерских изделий,10.7,2023.0,17.0
Производство хлебобулочных и мучных кондитерских изделий,10.7,2024.0,10.0
Производство хлебобулочных и мучных кондитерских изделий,10.7,2025.0,9.0
"Производство хлеба и мучных кондитерских изделий, тортов и пирожных недлительного хранения",10.71,2021.0,15.0
"Производство хлеба и мучных кондитерских изделий, тортов и пирожных недлительного хранения",10.71,2022.0,23.0
"Производство хлеба и мучных кондитерских изделий, тортов и пирожных недлительного хранения",10.71,2023.0,12.0
"Производство хлеба и мучных кондитерских изделий, тортов и пирожных недлительного хранения",10.71,2024.0,10.0
"Производство хлеба и мучных кондитерских изделий, тортов и пирожных недлительного хранения",10.71,2025.0,7.0
Производство хлеба и хлебобулочных изделий недлительного хранения,10.71.1,2021.0,12.0
Производство хлеба и хлебобулочных изделий недлительного хранения,10.71.1,2022.0,22.0
Производство хлеба и хлебобулочных изделий недлительного хранения,10.71.1,2023.0,11.0
Производство хлеба и хлебобулочных изделий недлительного хранения,10.71.1,2024.0,9.0
Производство хлеба и хлебобулочных изделий недлительного хранения,10.71.1,2025.0,5.0
"Производство мучных кондитерских изделий, тортов и пирожных недлительного хранения",10.71.2,2021.0,1.0
"Производство мучных кондитерских изделий, тортов и пирожных недлительного хранения",10.71.2,2023.0,1.0
"Производство мучных кондитерских изделий, тортов и пирожных недлительного хранения",10.71.2,2024.0,1.0
"Производство сухарей, печенья и прочих сухарных хлебобулочных изделий, производство мучных кондитерских изделий, тортов, пирожных, пирогов и бисквитов, предназначенных для длительного хранения",10.72,2021.0,6.0
"Производство сухарей, печенья и прочих сухарных хлебобулочных изделий, производство мучных кондитерских изделий, тортов, пирожных, пирогов и бисквитов, предназначенных для длительного хранения",10.72,2022.0,12.0
"Производство сухарей, печенья и прочих сухарных хлебобулочных изделий, производство мучных кондитерских изделий, тортов, пирожных, пирогов и бисквитов, предназначенных для длительного хранения",10.72,2023.0,5.0
"Производство сухарей, печенья и прочих сухарных хлебобулочных изделий, производство мучных кондитерских изделий, тортов, пирожных, пирогов и бисквитов, предназначенных для длительного хранения",10.72,2025.0,2.0
"Производство хрустящих хлебцев, сухарей и прочих сухарных хлебобулочных изделий",10.72.1,2021.0,2.0
"Производство хрустящих хлебцев, сухарей и прочих сухарных хлебобулочных изделий",10.72.1,2022.0,4.0
"Производство хрустящих хлебцев, сухарей и прочих сухарных хлебобулочных изделий",10.72.1,2023.0,2.0
Производство тортов и пирожных длительного хранения,10.72.2,2025.0,1.0
Производство прочих мучных кондитерских изделий длительного хранения,10.72.3,2021.0,3.0
Производство прочих мучных кондитерских изделий длительного хранения,10.72.3,2022.0,4.0
Производство прочих мучных кондитерских изделий длительного хранения,10.72.3,2023.0,3.0
Производство прочих мучных кондитерских изделий длительного хранения,10.72.3,2025.0,1.0
Производство печенья,10.72.31,2021.0,1.0
Производство печенья,10.72.31,2022.0,3.0
Производство печенья,10.72.31,2023.0,2.0
Производство галет и крекеров,10.72.34,2025.0,1.0
"Производство кексов, рулетов и аналогичных изделий длительного хранения",10.72.35,2021.0,2.0
"Производство кексов, рулетов и аналогичных изделий длительного хранения",10.72.35,2023.0,1.0
Производство восточных сладостей и прочих мучных кондитерских изделий,10.72.39,2022.0,1.0
Производство замороженных хлебобулочных полуфабрикатов,10.72.4,2022.0,1.0
Производство макаронных изделий кускуса и аналогичных мучных изделий,10.73,2022.0,3.0
Производство макаронных изделий,10.73.1,2022.0,3.0
Производство прочих пищевых продуктов,10.8,2021.0,11.0
Производство прочих пищевых продуктов,10.8,2022.0,29.0
Производство прочих пищевых продуктов,10.8,2023.0,19.0
Производство прочих пищевых продуктов,10.8,2024.0,24.0
Производство прочих пищевых продуктов,10.8,2025.0,23.0
Производство сахара,10.81,2021.0,1.0
Производство сахара,10.81,2022.0,5.0
Производство сахара,10.81,2023.0,3.0
Производство сахара,10.81,2024.0,3.0
Производство сахара,10.81,2025.0,2.0
Производство сахара из сахарной свеклы и тростникового сырца,10.81.1,2021.0,1.0
Производство сахара из сахарной свеклы и тростникового сырца,10.81.1,2022.0,5.0
Производство сахара из сахарной свеклы и тростникового сырца,10.81.1,2023.0,3.0
Производство сахара из сахарной свеклы и тростникового сырца,10.81.1,2024.0,3.0
Производство сахара из сахарной свеклы и тростникового сырца,10.81.1,2025.0,2.0
Производство сахара из сахарной свеклы,10.81.11,2021.0,1.0
Производство сахара из сахарной свеклы,10.81.11,2022.0,5.0
Производство сахара из сахарной свеклы,10.81.11,2023.0,3.0
Производство сахара из сахарной свеклы,10.81.11,2024.0,3.0
Производство сахара из сахарной свеклы,10.81.11,2025.0,2.0
"Производство какао, шоколада и сахаристых кондитерских изделий",10.82,2021.0,4.0
"Производство какао, шоколада и сахаристых кондитерских изделий",10.82,2022.0,4.0
"Производство какао, шоколада и сахаристых кондитерских изделий",10.82,2023.0,5.0
"Производство какао, шоколада и сахаристых кондитерских изделий",10.82,2024.0,6.0
"Производство какао, шоколада и сахаристых кондитерских изделий",10.82,2025.0,5.0
Производство шоколада и сахаристых кондитерских изделий,10.82.2,2021.0,4.0
Производство шоколада и сахаристых кондитерских изделий,10.82.2,2022.0,4.0
Производство шоколада и сахаристых кондитерских изделий,10.82.2,2023.0,5.0
Производство шоколада и сахаристых кондитерских изделий,10.82.2,2024.0,6.0
Производство шоколада и сахаристых кондитерских изделий,10.82.2,2025.0,5.0
Производство чая и кофе,10.83,2022.0,2.0
Производство чая и кофе,10.83,2024.0,1.0
Производство чая и кофе,10.83,2025.0,1.0
Производство приправ и пряностей,10.84,2021.0,3.0
Производство приправ и пряностей,10.84,2022.0,1.0
Производство приправ и пряностей,10.84,2024.0,1.0
Производство приправ и пряностей,10.84,2025.0,2.0
Производство готовых пищевых продуктов и блюд,10.85,2022.0,1.0
Производство готовых пищевых продуктов и блюд,10.85,2024.0,3.0
Производство готовых пищевых продуктов и блюд,10.85,2025.0,4.0
Производство детского питания и диетических пищевых продуктов,10.86,2022.0,3.0
Производство детского питания и диетических пищевых продуктов,10.86,2023.0,5.0
Производство детского питания и диетических пищевых продуктов,10.86,2024.0,4.0
Производство детского питания и диетических пищевых продуктов,10.86,2025.0,4.0
Производство молока и молочных продуктов для детского питания,10.86.1,2022.0,1.0
Производство молока и молочных продуктов для детского питания,10.86.1,2024.0,1.0
Производство молока и молочных продуктов для детей раннего возраста,10.86.11,2024.0,1.0
Производство соковой продукции из фруктов и овощей для детского питания,10.86.2,2022.0,1.0
Производство соковой продукции из фруктов и овощей для детского питания,10.86.2,2023.0,1.0
Производство соковой продукции из фруктов и овощей для детского питания,10.86.2,2024.0,1.0
Производство соковой продукции из фруктов и овощей для детского питания,10.86.2,2025.0,2.0
Производство продуктов на злаковой основе для детского питания,10.86.4,2022.0,1.0
Производство продуктов на злаковой основе для детского питания,10.86.4,2023.0,1.0
Производство продуктов детского питания профилактического и лечебного назначения,10.86.5,2023.0,1.0
"Производство специализированной пищевой продукции, в том числе диетических пищевых продуктов",10.86.6,2023.0,2.0
"Производство специализированной пищевой продукции, в том числе диетических пищевых продуктов",10.86.6,2024.0,1.0
"Производство специализированной пищевой продукции, в том числе диетических пищевых продуктов",10.86.6,2025.0,1.0
Производство пищевой продукции для питания спортсменов,10.86.62,2023.0,1.0
Производство пищевой продукции для питания спортсменов,10.86.62,2024.0,1.0
Производство пищевой продукции для питания спортсменов,10.86.62,2025.0,1.0
Производство прочих диетических пищевых продуктов,10.86.69,2023.0,1.0
"Производство прочих пищевых продуктов, не включенных в другие группировки",10.89,2021.0,3.0
"Производство прочих пищевых продуктов, не включенных в другие группировки",10.89,2022.0,13.0
"Производство прочих пищевых продуктов, не включенных в другие группировки",10.89,2023.0,6.0
"Производство прочих пищевых продуктов, не включенных в другие группировки",10.89,2024.0,6.0
"Производство прочих пищевых продуктов, не включенных в другие группировки",10.89,2025.0,5.0
Производство супов и бульонов,10.89.1,2025.0,1.0
Производство пищевых ферментов,10.89.4,2022.0,1.0
Производство пищевых ферментов,10.89.4,2024.0,1.0
Производство пищевых ферментов,10.89.4,2025.0,1.0
Производство рационов питания и пайков,10.89.7,2022.0,1.0
Производство биологически активных добавок к пище,10.89.8,2022.0,1.0
Производство биологически активных добавок к пище,10.89.8,2024.0,2.0
Производство биологически активных добавок к пище,10.89.8,2025.0,1.0
"Производство прочих продуктов питания, не включенных в другие группировки",10.89.9,2021.0,3.0
"Производство прочих продуктов питания, не включенных в другие группировки",10.89.9,2022.0,9.0
"Производство прочих продуктов питания, не включенных в другие группировки",10.89.9,2023.0,6.0
"Производство прочих продуктов питания, не включенных в другие группировки",10.89.9,2024.0,3.0
"Производство прочих продуктов питания, не включенных в другие группировки",10.89.9,2025.0,2.0
Производство готовых кормов для животных,10.9,2022.0,9.0
Производство готовых кормов для животных,10.9,2023.0,6.0
Производство готовых кормов для животных,10.9,2024.0,10.0
Производство готовых кормов для животных,10.9,2025.0,12.0
"Производство готовых кормов для животных, содержащихся на фермах",10.91,2022.0,3.0
"Производство готовых кормов для животных, содержащихся на фермах",10.91,2023.0,4.0
"Производство готовых кормов для животных, содержащихся на фермах",10.91,2024.0,10.0
"Производство готовых кормов для животных, содержащихся на фермах",10.91,2025.0,12.0
"Производство готовых кормов (смешанных и несмешанных), кроме муки и гранул из люцерны, для животных, содержащихся на фермах",10.91.1,2022.0,2.0
"Производство готовых кормов (смешанных и несмешанных), кроме муки и гранул из люцерны, для животных, содержащихся на фермах",10.91.1,2023.0,4.0
"Производство готовых кормов (смешанных и несмешанных), кроме муки и гранул из люцерны, для животных, содержащихся на фермах",10.91.1,2024.0,4.0
"Производство готовых кормов (смешанных и несмешанных), кроме муки и гранул из люцерны, для животных, содержащихся на фермах",10.91.1,2025.0,5.0
"Производство кормового микробиологического белка, премиксов, кормовых витаминов, антибиотиков, аминокислот и ферментов",10.91.3,2022.0,1.0
"Производство кормового микробиологического белка, премиксов, кормовых витаминов, антибиотиков, аминокислот и ферментов",10.91.3,2024.0,5.0
"Производство кормового микробиологического белка, премиксов, кормовых витаминов, антибиотиков, аминокислот и ферментов",10.91.3,2025.0,6.0
Производство готовых кормов для непродуктивных животных,10.92,2022.0,6.0
Производство готовых кормов для непродуктивных животных,10.92,2023.0,2.0
Производство напитков,11.0,2021.0,82.0
Производство напитков,11.0,2022.0,68.0
Производство напитков,11.0,2023.0,40.0
Производство напитков,11.0,2024.0,46.0
Производство напитков,11.0,2025.0,44.0
"Перегонка, очистка и смешивание спиртов",11.01,2021.0,6.0
"Перегонка, очистка и смешивание спиртов",11.01,2022.0,9.0
"Перегонка, очистка и смешивание спиртов",11.01,2023.0,7.0
"Перегонка, очистка и смешивание спиртов",11.01,2024.0,7.0
"Перегонка, очистка и смешивание спиртов",11.01,2025.0,7.0
"Производство дистиллированных питьевых алкогольных напитков: водки, виски, бренди, джина, ликеров и т. п.",11.01.1,2021.0,5.0
"Производство дистиллированных питьевых алкогольных напитков: водки, виски, бренди, джина, ликеров и т. п.",11.01.1,2022.0,6.0
"Производство дистиллированных питьевых алкогольных напитков: водки, виски, бренди, джина, ликеров и т. п.",11.01.1,2023.0,7.0
"Производство дистиллированных питьевых алкогольных напитков: водки, виски, бренди, джина, ликеров и т. п.",11.01.1,2024.0,7.0
"Производство дистиллированных питьевых алкогольных напитков: водки, виски, бренди, джина, ликеров и т. п.",11.01.1,2025.0,7.0
Производство пищевого спирта,11.01.4,2021.0,1.0
Производство пищевого спирта,11.01.4,2022.0,3.0
Производство вина из винограда,11.02,2021.0,1.0
Производство вина из винограда,11.02,2022.0,5.0
Производство вина из винограда,11.02,2023.0,2.0
Производство вина из винограда,11.02,2024.0,1.0
Производство вина из винограда,11.02,2025.0,1.0
Производство сидра и прочих плодовых вин,11.03,2022.0,1.0
Производство прочих недистиллированных напитков из сброженных материалов,11.04,2021.0,1.0
Производство прочих недистиллированных напитков из сброженных материалов,11.04,2022.0,1.0
Производство пива,11.05,2021.0,33.0
Производство пива,11.05,2022.0,24.0
Производство пива,11.05,2023.0,4.0
Производство пива,11.05,2024.0,5.0
Производство пива,11.05,2025.0,4.0
"Производство безалкогольных напитков; производство упакованных питьевых вод, включая минеральные воды.",11.07,2021.0,41.0
"Производство безалкогольных напитков; производство упакованных питьевых вод, включая минеральные воды.",11.07,2022.0,28.0
"Производство безалкогольных напитков; производство упакованных питьевых вод, включая минеральные воды.",11.07,2023.0,27.0
"Производство безалкогольных напитков; производство упакованных питьевых вод, включая минеральные воды.",11.07,2024.0,33.0
"Производство безалкогольных напитков; производство упакованных питьевых вод, включая минеральные воды.",11.07,2025.0,32.0
"Производство упакованных питьевых вод, включая минеральные воды",11.07.1,2021.0,3.0
"Производство упакованных питьевых вод, включая минеральные воды",11.07.1,2022.0,3.0
"Производство упакованных питьевых вод, включая минеральные воды",11.07.1,2023.0,2.0
"Производство упакованных питьевых вод, включая минеральные воды",11.07.1,2024.0,2.0
"Производство упакованных питьевых вод, включая минеральные воды",11.07.1,2025.0,4.0
Производство упакованных природных минеральных вод,11.07.11,2023.0,2.0
Производство упакованных природных минеральных вод,11.07.11,2024.0,1.0
Производство упакованных природных минеральных вод,11.07.11,2025.0,2.0
"Производство безалкогольных напитков ароматизированных и/или с добавлением сахара, кроме минеральных вод",11.07.2,2021.0,38.0
"Производство безалкогольных напитков ароматизированных и/или с добавлением сахара, кроме минеральных вод",11.07.2,2022.0,25.0
"Производство безалкогольных напитков ароматизированных и/или с добавлением сахара, кроме минеральных вод",11.07.2,2023.0,25.0
"Производство безалкогольных напитков ароматизированных и/или с добавлением сахара, кроме минеральных вод",11.07.2,2024.0,29.0
"Производство безалкогольных напитков ароматизированных и/или с добавлением сахара, кроме минеральных вод",11.07.2,2025.0,27.0
Применение информационных и коммуникационных технологий по видам  экономической деятельности,114.АГ,2021.0,17142.0
Применение информационных и коммуникационных технологий по видам  экономической деятельности,114.АГ,2022.0,20599.0
Всего по обследуемым видам экономической деятельности,114.АГ,2023.0,15320.0
Применение информационных и коммуникационных технологий по видам  экономической деятельности,114.АГ,2024.0,15174.0
Всего по обследуемым видам экономической деятельности,114.АГ,2025.0,16087.0
Производство табачных изделий,12.00,2022.0,2.0
Производство табачных изделий,12.00,2025.0,2.0
"Производство изделий из табака и махорки: сигарет, папирос, сигар, сигарилл, курительного тонкорезаного табака, трубочного табака, жевательного табака, сосательного табака, нюхательного табака, табака для кальяна, курительной и нюхательной махорки",12.00.1,2022.0,2.0
"Производство изделий из табака и махорки: сигарет, папирос, сигар, сигарилл, курительного тонкорезаного табака, трубочного табака, жевательного табака, сосательного табака, нюхательного табака, табака для кальяна, курительной и нюхательной махорки",12.00.1,2025.0,2.0
Производство текстильных изделий,13,2021.0,8.0
Производство текстильных изделий,13,2022.0,21.0
Производство текстильных изделий,13,2023.0,7.0
Производство текстильных изделий,13,2024.0,8.0
Производство текстильных изделий,13,2025.0,8.0
Подготовка и прядение текстильных волокон,13.10,2021.0,2.0
Подготовка и прядение текстильных волокон,13.10,2022.0,2.0
Прядение гребенное шерстяных волокон,13.10.3,2021.0,2.0
Прядение гребенное шерстяных волокон,13.10.3,2022.0,2.0
Производство текстильных тканей,13.20,2021.0,2.0
Производство текстильных тканей,13.20,2022.0,4.0
Производство текстильных тканей,13.20,2023.0,1.0
Производство текстильных тканей,13.20,2024.0,3.0
Производство текстильных тканей,13.20,2025.0,1.0
Производство хлопчатобумажных тканей,13.20.2,2021.0,1.0
Производство хлопчатобумажных тканей,13.20.2,2022.0,3.0
Производство хлопчатобумажных тканей,13.20.2,2023.0,1.0
Производство хлопчатобумажных тканей,13.20.2,2024.0,1.0
"Производство тканей, за исключением специальных тканей, из химических комплексных нитей и штапельных волокон",13.20.3,2021.0,1.0
"Производство тканей, за исключением специальных тканей, из химических комплексных нитей и штапельных волокон",13.20.3,2024.0,1.0
"Производство тканей, за исключением специальных тканей, из химических комплексных нитей и штапельных волокон",13.20.3,2025.0,1.0
"Производство ворсовых, махровых полотенечных тканей и прочих специальных тканей",13.20.4,2022.0,1.0
"Производство ворсовых, махровых полотенечных тканей и прочих специальных тканей",13.20.4,2024.0,1.0
Производство марли,13.20.44,2022.0,1.0
Производство марли,13.20.44,2024.0,1.0
Отделка тканей и текстильных изделий,13.30,2022.0,1.0
"Отбеливание и окрашивание текстиля, волокон, тканей и текстильных изделий, включая готовую одежду",13.30.1,2022.0,1.0
Производство прочих текстильных изделий,13.9,2021.0,4.0
Производство прочих текстильных изделий,13.9,2022.0,14.0
Производство прочих текстильных изделий,13.9,2023.0,6.0
Производство прочих текстильных изделий,13.9,2024.0,5.0
Производство прочих текстильных изделий,13.9,2025.0,7.0
Производство трикотажного и вязаного полотна,13.91,2022.0,2.0
Производство трикотажного и вязаного полотна,13.91,2023.0,1.0
Производство и обработка трикотажного или вязаного полотна,13.91.1,2022.0,1.0
Производство искусственного меха методом вязания,13.91.2,2022.0,1.0
Производство искусственного меха методом вязания,13.91.2,2023.0,1.0
"Производство готовых текстильных изделий, кроме одежды",13.92,2021.0,2.0
"Производство готовых текстильных изделий, кроме одежды",13.92,2022.0,5.0
"Производство готовых текстильных изделий, кроме одежды",13.92,2023.0,3.0
"Производство готовых текстильных изделий, кроме одежды",13.92,2024.0,2.0
"Производство готовых текстильных изделий, кроме одежды",13.92,2025.0,3.0
"Производство нетканых текстильных материалов и изделий из них, кроме одежды",13.95,2021.0,2.0
"Производство нетканых текстильных материалов и изделий из них, кроме одежды",13.95,2022.0,4.0
"Производство нетканых текстильных материалов и изделий из них, кроме одежды",13.95,2023.0,2.0
"Производство нетканых текстильных материалов и изделий из них, кроме одежды",13.95,2024.0,2.0
"Производство нетканых текстильных материалов и изделий из них, кроме одежды",13.95,2025.0,3.0
Производство прочих технических и промышленных текстильных изделий,13.96,2022.0,2.0
"Производство прочих текстильных изделий, не включенных в другие группировки",13.99,2022.0,1.0
"Производство прочих текстильных изделий, не включенных в другие группировки",13.99,2024.0,1.0
"Производство прочих текстильных изделий, не включенных в другие группировки",13.99,2025.0,1.0
Собирательная классификационная группировка видов экономической деятельности в области деятельности творческих (креативных) индустрий на основе Общероссийского классификатора видов экономической деятельности (ОКВЭД2) ОК 029-2014 (КДЕС Ред. 2),13210000.029.02,2024.0,1036.0
Собирательная классификационная группировка видов экономической деятельности в области деятельности творческих (креативных) индустрий на основе Общероссийского классификатора видов экономической деятельности (ОКВЭД2) ОК 029-2014 (КДЕС Ред. 2),13210000.029.02,2025.0,1301.0
Сектор инжиниринговых услуг и промышленного дизайна,1323500.029.12,2021.0,26.0
Сектор инжиниринговых услуг и промышленного дизайна,1323500.029.12,2022.0,59.0
Сектор инжиниринговых услуг и промышленного дизайна,1323500.029.12,2023.0,38.0
Сектор инжиниринговых услуг и промышленного дизайна,1323500.029.12,2024.0,39.0
Сектор инжиниринговых услуг и промышленного дизайна,1323500.029.12,2025.0,40.0
"Собирательная классификационная группировка видов экономической деятельности ""Промышленность"" на основе ОКВЭД2 (КДЕС Ред. 2)",1323500.029.31,2022.0,1643.0
Виды экономической деятельности в области промышленности строительных материалов,1323500.029.33,2021.0,126.0
Виды экономической деятельности в области промышленности строительных материалов,1323500.029.33,2022.0,181.0
Виды экономической деятельности в области промышленности строительных материалов,1323500.029.33,2023.0,122.0
Виды экономической деятельности в области промышленности строительных материалов,1323500.029.33,2024.0,136.0
Виды экономической деятельности в области промышленности строительных материалов,1323500.029.33,2025.0,132.0
Виды экономической деятельности в области производства товаров и оказания услуг для детей,1323500.029.35,2021.0,138.0
Виды экономической деятельности в области производства товаров и оказания услуг для детей,1323500.029.35,2022.0,245.0
Виды экономической деятельности в области производства товаров и оказания услуг для детей,1323500.029.35,2023.0,124.0
Виды экономической деятельности в области производства товаров и оказания услуг для детей,1323500.029.35,2024.0,106.0
Виды экономической деятельности в области производства товаров и оказания услуг для детей,1323500.029.35,2025.0,100.0
"Собирательная классификационная группировка видов экономической деятельности в области лазерных, оптических и оптоэлектронных технологий (фотоники) на основе Общероссийского классификатора видов экономической деятельности (ОКВЭД 2) ОК 029-2014 (КДЕС Ред.2)",1323500.029.36,2024.0,3.0
"Собирательная классификационная группировка видов экономической деятельности в области лазерных, оптических и оптоэлектронных технологий (фотоники) на основе Общероссийского классификатора видов экономической деятельности (ОКВЭД 2) ОК 029-2014 (КДЕС Ред.2)",1323500.029.36,2025.0,3.0
Сектор информационно-коммуникационных технологий,1324500.029.01,2021.0,1080.0
Сектор информационно-коммуникационных технологий,1324500.029.01,2022.0,1067.0
Сектор информационно-коммуникационных технологий,1324500.029.01,2023.0,1024.0
Сектор информационно-коммуникационных технологий,1324500.029.01,2024.0,1205.0
Сектор информационно-коммуникационных технологий,1324500.029.01,2025.0,1615.0
Сектор контента и средств массовой информации,1324500.029.02,2021.0,192.0
Сектор контента и средств массовой информации,1324500.029.02,2022.0,282.0
Сектор контента и средств массовой информации,1324500.029.02,2023.0,224.0
Сектор контента и средств массовой информации,1324500.029.02,2024.0,253.0
Сектор контента и средств массовой информации,1324500.029.02,2025.0,170.0
Отрасль информационных технологий,1324500.029.11,2021.0,511.0
Отрасль информационных технологий,1324500.029.11,2022.0,492.0
Отрасль информационных технологий,1324500.029.11,2023.0,453.0
Отрасль информационных технологий,1324500.029.11,2024.0,659.0
Отрасль информационных технологий,1324500.029.11,2025.0,990.0
"Деятельность в области культуры, спорта, отдыха и развлечений",135.АГ,2022.0,1183.0
Производство одежды,14,2021.0,15.0
Производство одежды,14,2022.0,13.0
Производство одежды,14,2023.0,6.0
Производство одежды,14,2024.0,7.0
Производство одежды,14,2025.0,4.0
"Производство одежды, кроме одежды из меха",14.1,2021.0,14.0
"Производство одежды, кроме одежды из меха",14.1,2022.0,10.0
"Производство одежды, кроме одежды из меха",14.1,2023.0,6.0
"Производство одежды, кроме одежды из меха",14.1,2024.0,4.0
"Производство одежды, кроме одежды из меха",14.1,2025.0,3.0
Производство спецодежды,14.12,2021.0,5.0
Производство спецодежды,14.12,2022.0,3.0
Производство спецодежды,14.12,2023.0,4.0
Производство спецодежды,14.12,2024.0,3.0
Производство спецодежды,14.12,2025.0,1.0
Производство прочей верхней одежды,14.13,2021.0,2.0
Производство прочей верхней одежды,14.13,2022.0,5.0
Производство прочей верхней одежды,14.13,2023.0,1.0
Производство прочей верхней одежды,14.13,2024.0,1.0
Производство верхней трикотажной или вязаной одежды,14.13.1,2023.0,1.0
Производство нательного белья,14.14,2021.0,1.0
Производство нательного белья,14.14,2025.0,1.0
Производство трикотажного и вязаного нательного белья,14.14.1,2021.0,1.0
Производство нательного белья из тканей,14.14.2,2025.0,1.0
Производство прочей одежды и аксессуаров одежды,14.19,2021.0,6.0
Производство прочей одежды и аксессуаров одежды,14.19,2022.0,2.0
Производство прочей одежды и аксессуаров одежды,14.19,2023.0,1.0
Производство прочей одежды и аксессуаров одежды,14.19,2025.0,1.0
"Производство трикотажной или вязаной одежды для детей младшего возраста, спортивной или прочей одежды, аксессуаров и деталей одежды",14.19.1,2021.0,3.0
"Производство спортивных костюмов, лыжных костюмов, купальных костюмов и прочей трикотажной или вязаной одежды",14.19.12,2021.0,3.0
Производство меховых изделий,14.20,2021.0,1.0
Производство меховых изделий,14.20,2024.0,1.0
Производство вязаных и трикотажных изделий одежды,14.3,2022.0,3.0
Производство вязаных и трикотажных изделий одежды,14.3,2024.0,2.0
Производство вязаных и трикотажных изделий одежды,14.3,2025.0,1.0
Производство вязаных и трикотажных чулочно-носочных изделий,14.31,2022.0,2.0
Производство вязаных и трикотажных чулочно-носочных изделий,14.31,2024.0,2.0
Производство вязаных и трикотажных чулочно-носочных изделий,14.31,2025.0,1.0
Производство прочих вязаных и трикотажных изделий,14.39,2022.0,1.0
Производство кожи и изделий из кожи,15,2021.0,2.0
Производство кожи и изделий из кожи,15,2022.0,3.0
Производство кожи и изделий из кожи,15,2023.0,3.0
Производство кожи и изделий из кожи,15,2024.0,5.0
Производство кожи и изделий из кожи,15,2025.0,7.0
"Дубление и отделка кожи, производство чемоданов, сумок, шорно-седельных изделий из кожи; выделка и крашение меха",15.1,2021.0,1.0
"Дубление и отделка кожи, производство чемоданов, сумок, шорно-седельных изделий из кожи; выделка и крашение меха",15.1,2022.0,1.0
"Дубление и отделка кожи, производство чемоданов, сумок, шорно-седельных изделий из кожи; выделка и крашение меха",15.1,2023.0,1.0
"Дубление и отделка кожи, производство чемоданов, сумок, шорно-седельных изделий из кожи; выделка и крашение меха",15.1,2024.0,3.0
"Дубление и отделка кожи, производство чемоданов, сумок, шорно-седельных изделий из кожи; выделка и крашение меха",15.1,2025.0,3.0
"Дубление и выделка кожи, выделка и крашение меха",15.11,2024.0,2.0
"Дубление и выделка кожи, выделка и крашение меха",15.11,2025.0,3.0
"Дубление, выделка и крашение кожи из шкур крупного рогатого скота или животных семейства лошадиных",15.11.3,2024.0,1.0
"Дубление, выделка и крашение кожи из шкур крупного рогатого скота или животных семейства лошадиных",15.11.3,2025.0,2.0
"Производство чемоданов, дамских сумок и аналогичных изделий из кожи и других материалов; производство шорно-седельных и других изделий из кожи",15.12,2021.0,1.0
"Производство чемоданов, дамских сумок и аналогичных изделий из кожи и других материалов; производство шорно-седельных и других изделий из кожи",15.12,2022.0,1.0
"Производство чемоданов, дамских сумок и аналогичных изделий из кожи и других материалов; производство шорно-седельных и других изделий из кожи",15.12,2023.0,1.0
"Производство чемоданов, дамских сумок и аналогичных изделий из кожи и других материалов; производство шорно-седельных и других изделий из кожи",15.12,2024.0,1.0
Производство обуви,15.20,2021.0,1.0
Производство обуви,15.20,2022.0,2.0
Производство обуви,15.20,2023.0,2.0
Производство обуви,15.20,2024.0,2.0
Производство обуви,15.20,2025.0,4.0
"Обработка древесины и производство изделий из дерева и пробки, кроме мебели, производство изделий из соломки и материалов для плетения",16,2021.0,29.0
"Обработка древесины и производство изделий из дерева и пробки, кроме мебели, производство изделий из соломки и материалов для плетения",16,2022.0,31.0
"Обработка древесины и производство изделий из дерева и пробки, кроме мебели, производство изделий из соломки и материалов для плетения",16,2023.0,22.0
"Обработка древесины и производство изделий из дерева и пробки, кроме мебели, производство изделий из соломки и материалов для плетения",16,2024.0,15.0
"Обработка древесины и производство изделий из дерева и пробки, кроме мебели, производство изделий из соломки и материалов для плетения",16,2025.0,20.0
Распиловка и строгание древесины,16.10,2021.0,10.0
Распиловка и строгание древесины,16.10,2022.0,8.0
Распиловка и строгание древесины,16.10,2023.0,6.0
Распиловка и строгание древесины,16.10,2024.0,4.0
Распиловка и строгание древесины,16.10,2025.0,6.0
"Производство пиломатериалов, кроме профилированных, толщиной более 6 мм; производство непропитанных железнодорожных и трамвайных шпал из древесины",16.10.1,2021.0,9.0
"Производство пиломатериалов, кроме профилированных, толщиной более 6 мм; производство непропитанных железнодорожных и трамвайных шпал из древесины",16.10.1,2022.0,6.0
"Производство пиломатериалов, кроме профилированных, толщиной более 6 мм; производство непропитанных железнодорожных и трамвайных шпал из древесины",16.10.1,2023.0,5.0
"Производство пиломатериалов, кроме профилированных, толщиной более 6 мм; производство непропитанных железнодорожных и трамвайных шпал из древесины",16.10.1,2024.0,3.0
"Производство пиломатериалов, кроме профилированных, толщиной более 6 мм; производство непропитанных железнодорожных и трамвайных шпал из древесины",16.10.1,2025.0,4.0
"Производство древесины, пропитанной или обработанной защитными или другими веществами",16.10.3,2022.0,1.0
"Производство изделий из дерева, пробки, соломки и материалов для плетения",16.2,2021.0,19.0
"Производство изделий из дерева, пробки, соломки и материалов для плетения",16.2,2022.0,23.0
"Производство изделий из дерева, пробки, соломки и материалов для плетения",16.2,2023.0,16.0
"Производство изделий из дерева, пробки, соломки и материалов для плетения",16.2,2024.0,11.0
"Производство изделий из дерева, пробки, соломки и материалов для плетения",16.2,2025.0,14.0
"Производство шпона, фанеры, деревянных плит и панелей",16.21,2021.0,16.0
"Производство шпона, фанеры, деревянных плит и панелей",16.21,2022.0,15.0
"Производство шпона, фанеры, деревянных плит и панелей",16.21,2023.0,11.0
"Производство шпона, фанеры, деревянных плит и панелей",16.21,2024.0,8.0
"Производство шпона, фанеры, деревянных плит и панелей",16.21,2025.0,12.0
"Производство фанеры, деревянных фанерованных панелей и аналогичных слоистых материалов, древесных плит из древесины и других одревесневших материалов",16.21.1,2021.0,13.0
"Производство фанеры, деревянных фанерованных панелей и аналогичных слоистых материалов, древесных плит из древесины и других одревесневших материалов",16.21.1,2022.0,15.0
"Производство фанеры, деревянных фанерованных панелей и аналогичных слоистых материалов, древесных плит из древесины и других одревесневших материалов",16.21.1,2023.0,11.0
"Производство фанеры, деревянных фанерованных панелей и аналогичных слоистых материалов, древесных плит из древесины и других одревесневших материалов",16.21.1,2024.0,8.0
"Производство фанеры, деревянных фанерованных панелей и аналогичных слоистых материалов, древесных плит из древесины и других одревесневших материалов",16.21.1,2025.0,12.0
"Производство фанеры, деревянных фанерованных панелей и аналогичных слоистых материалов",16.21.11,2021.0,10.0
"Производство фанеры, деревянных фанерованных панелей и аналогичных слоистых материалов",16.21.11,2022.0,11.0
"Производство фанеры, деревянных фанерованных панелей и аналогичных слоистых материалов",16.21.11,2023.0,9.0
"Производство фанеры, деревянных фанерованных панелей и аналогичных слоистых материалов",16.21.11,2024.0,7.0
"Производство фанеры, деревянных фанерованных панелей и аналогичных слоистых материалов",16.21.11,2025.0,10.0
Производство древесно-стружечных плит из древесины или других одревесневших материалов,16.21.12,2021.0,2.0
Производство древесно-стружечных плит из древесины или других одревесневших материалов,16.21.12,2022.0,1.0
Производство древесно-стружечных плит из древесины или других одревесневших материалов,16.21.12,2024.0,1.0
Производство древесно-стружечных плит из древесины или других одревесневших материалов,16.21.12,2025.0,2.0
Производство древесно-волокнистых плит из древесины или других одревесневших материалов,16.21.13,2021.0,1.0
Производство древесно-волокнистых плит из древесины или других одревесневших материалов,16.21.13,2022.0,1.0
Производство древесно-волокнистых плит из древесины или других одревесневших материалов,16.21.13,2023.0,2.0
"Производство листов для облицовки, шпона для фанеры, производство прессованной древесины",16.21.2,2021.0,1.0
"Производство листов для облицовки, шпона для фанеры",16.21.21,2021.0,1.0
Производство прочих деревянных строительных конструкций и столярных изделий,16.23,2021.0,3.0
Производство прочих деревянных строительных конструкций и столярных изделий,16.23,2022.0,8.0
Производство прочих деревянных строительных конструкций и столярных изделий,16.23,2023.0,4.0
Производство прочих деревянных строительных конструкций и столярных изделий,16.23,2024.0,2.0
Производство прочих деревянных строительных конструкций и столярных изделий,16.23,2025.0,1.0
Производство деревянных строительных конструкций и столярных изделий,16.23.1,2021.0,3.0
Производство деревянных строительных конструкций и столярных изделий,16.23.1,2022.0,8.0
Производство деревянных строительных конструкций и столярных изделий,16.23.1,2023.0,4.0
Производство деревянных строительных конструкций и столярных изделий,16.23.1,2024.0,2.0
Производство деревянных строительных конструкций и столярных изделий,16.23.1,2025.0,1.0
"Производство прочих деревянных изделий; производство изделий из пробки, соломки и материалов для плетения",16.29,2023.0,1.0
"Производство прочих деревянных изделий; производство изделий из пробки, соломки и материалов для плетения",16.29,2024.0,1.0
"Производство прочих деревянных изделий; производство изделий из пробки, соломки и материалов для плетения",16.29,2025.0,1.0
Производство бумаги и бумажных изделий,17,2021.0,17.0
Производство бумаги и бумажных изделий,17,2022.0,26.0
Производство бумаги и бумажных изделий,17,2023.0,17.0
Производство бумаги и бумажных изделий,17,2024.0,11.0
Производство бумаги и бумажных изделий,17,2025.0,18.0
"Производство целлюлозы, древесной массы, бумаги и картона",17.1,2021.0,5.0
"Производство целлюлозы, древесной массы, бумаги и картона",17.1,2022.0,7.0
"Производство целлюлозы, древесной массы, бумаги и картона",17.1,2023.0,4.0
"Производство целлюлозы, древесной массы, бумаги и картона",17.1,2024.0,4.0
"Производство целлюлозы, древесной массы, бумаги и картона",17.1,2025.0,5.0
Производство целлюлозы и древесной массы,17.11,2021.0,2.0
Производство целлюлозы,17.11.1,2021.0,2.0
Производство бумаги и картона,17.12,2021.0,3.0
Производство бумаги и картона,17.12,2022.0,7.0
Производство бумаги и картона,17.12,2023.0,4.0
Производство бумаги и картона,17.12,2024.0,4.0
Производство бумаги и картона,17.12,2025.0,5.0
Производство бумаги,17.12.1,2021.0,2.0
Производство бумаги,17.12.1,2022.0,4.0
Производство бумаги,17.12.1,2023.0,2.0
Производство бумаги,17.12.1,2024.0,1.0
Производство бумаги,17.12.1,2025.0,2.0
Производство бумаги из целлюлозы,17.12.11,2025.0,1.0
Производство бумаги из макулатурной массы,17.12.13,2025.0,1.0
Производство картона,17.12.2,2021.0,1.0
Производство картона,17.12.2,2022.0,3.0
Производство картона,17.12.2,2023.0,2.0
Производство картона,17.12.2,2024.0,2.0
Производство картона,17.12.2,2025.0,1.0
Производство картона из макулатурной массы,17.12.23,2025.0,1.0
Производство изделий из бумаги и картона,17.2,2021.0,12.0
Производство изделий из бумаги и картона,17.2,2022.0,19.0
Производство изделий из бумаги и картона,17.2,2023.0,13.0
Производство изделий из бумаги и картона,17.2,2024.0,7.0
Производство изделий из бумаги и картона,17.2,2025.0,13.0
"Производство гофрированной бумаги и картона, бумажной и картонной тары",17.21,2021.0,2.0
"Производство гофрированной бумаги и картона, бумажной и картонной тары",17.21,2022.0,8.0
"Производство гофрированной бумаги и картона, бумажной и картонной тары",17.21,2023.0,8.0
"Производство гофрированной бумаги и картона, бумажной и картонной тары",17.21,2024.0,3.0
"Производство гофрированной бумаги и картона, бумажной и картонной тары",17.21,2025.0,5.0
Производство бумажных изделий хозяйственно-бытового и санитарно-гигиенического назначения,17.22,2021.0,7.0
Производство бумажных изделий хозяйственно-бытового и санитарно-гигиенического назначения,17.22,2022.0,9.0
Производство бумажных изделий хозяйственно-бытового и санитарно-гигиенического назначения,17.22,2023.0,5.0
Производство бумажных изделий хозяйственно-бытового и санитарно-гигиенического назначения,17.22,2024.0,1.0
Производство бумажных изделий хозяйственно-бытового и санитарно-гигиенического назначения,17.22,2025.0,3.0
Производство бумажных канцелярских принадлежностей,17.23,2021.0,1.0
Производство бумажных канцелярских принадлежностей,17.23,2025.0,1.0
Производство прочих изделий из бумаги и картона,17.29,2021.0,2.0
Производство прочих изделий из бумаги и картона,17.29,2022.0,2.0
Производство прочих изделий из бумаги и картона,17.29,2024.0,3.0
Производство прочих изделий из бумаги и картона,17.29,2025.0,4.0
Деятельность полиграфическая и копирование носителей информации,18,2021.0,12.0
Деятельность полиграфическая и копирование носителей информации,18,2022.0,14.0
Деятельность полиграфическая и копирование носителей информации,18,2023.0,12.0
Деятельность полиграфическая и копирование носителей информации,18,2024.0,4.0
Деятельность полиграфическая и копирование носителей информации,18,2025.0,8.0
Деятельность полиграфическая и предоставление услуг в этой области,18.1,2021.0,12.0
Деятельность полиграфическая и предоставление услуг в этой области,18.1,2022.0,14.0
Деятельность полиграфическая и предоставление услуг в этой области,18.1,2023.0,12.0
Деятельность полиграфическая и предоставление услуг в этой области,18.1,2024.0,4.0
Деятельность полиграфическая и предоставление услуг в этой области,18.1,2025.0,8.0
Печатание газет,18.11,2021.0,3.0
Печатание газет,18.11,2022.0,3.0
Печатание газет,18.11,2023.0,3.0
Прочие виды полиграфической деятельности,18.12,2021.0,8.0
Прочие виды полиграфической деятельности,18.12,2022.0,8.0
Прочие виды полиграфической деятельности,18.12,2023.0,9.0
Прочие виды полиграфической деятельности,18.12,2024.0,4.0
Прочие виды полиграфической деятельности,18.12,2025.0,8.0
Деятельность брошюровочно- переплетная и отделочная и сопутствующие услуги,18.14,2021.0,1.0
Деятельность брошюровочно- переплетная и отделочная и сопутствующие услуги,18.14,2022.0,3.0
Производство кокса и нефтепродуктов,19,2021.0,12.0
Производство кокса и нефтепродуктов,19,2022.0,29.0
Производство кокса и нефтепродуктов,19,2023.0,16.0
Производство кокса и нефтепродуктов,19,2024.0,17.0
Производство кокса и нефтепродуктов,19,2025.0,14.0
Производство кокса,19.10,2021.0,1.0
Производство кокса,19.10,2024.0,1.0
Производство нефтепродуктов,19.20,2021.0,11.0
Производство нефтепродуктов,19.20,2022.0,29.0
Производство нефтепродуктов,19.20,2023.0,16.0
Производство нефтепродуктов,19.20,2024.0,16.0
Производство нефтепродуктов,19.20,2025.0,14.0
Производство жидкого топлива,19.20.1,2021.0,3.0
Производство жидкого топлива,19.20.1,2022.0,5.0
Производство жидкого топлива,19.20.1,2023.0,11.0
Производство жидкого топлива,19.20.1,2024.0,12.0
Производство жидкого топлива,19.20.1,2025.0,12.0
Разделение и извлечение фракций из нефтяного (попутного) газа,19.20.2,2021.0,2.0
Разделение и извлечение фракций из нефтяного (попутного) газа,19.20.2,2022.0,8.0
Разделение и извлечение фракций из нефтяного (попутного) газа,19.20.2,2023.0,1.0
Разделение и извлечение фракций из нефтяного (попутного) газа,19.20.2,2024.0,1.0
Производство прочих нефтепродуктов,19.20.9,2021.0,5.0
Производство прочих нефтепродуктов,19.20.9,2022.0,15.0
Производство прочих нефтепродуктов,19.20.9,2023.0,3.0
Производство прочих нефтепродуктов,19.20.9,2024.0,3.0
Производство прочих нефтепродуктов,19.20.9,2025.0,2.0
Производство химических веществ и химических продуктов,20,2021.0,44.0
Производство химических веществ и химических продуктов,20,2022.0,54.0
Производство химических веществ и химических продуктов,20,2023.0,35.0
Производство химических веществ и химических продуктов,20,2024.0,47.0
Производство химических веществ и химических продуктов,20,2025.0,54.0
"Производство химических продуктов, не включенных в другие группировки",20.05.АГ,2021.0,7.0
"Производство химических продуктов, не включенных в другие группировки",20.05.АГ,2022.0,10.0
"Производство химических продуктов, не включенных в другие группировки",20.05.АГ,2023.0,2.0
"Производство химических продуктов, не включенных в другие группировки",20.05.АГ,2024.0,7.0
"Производство химических продуктов, не включенных в другие группировки",20.05.АГ,2025.0,5.0
"Производство основных химических веществ, удобрений и азотных соединений, пластмасс и синтетического каучука в первичных формах",20.1,2021.0,24.0
"Производство основных химических веществ, удобрений и азотных соединений, пластмасс и синтетического каучука в первичных формах",20.1,2022.0,24.0
"Производство основных химических веществ, удобрений и азотных соединений, пластмасс и синтетического каучука в первичных формах",20.1,2023.0,23.0
"Производство основных химических веществ, удобрений и азотных соединений, пластмасс и синтетического каучука в первичных формах",20.1,2024.0,20.0
"Производство основных химических веществ, удобрений и азотных соединений, пластмасс и синтетического каучука в первичных формах",20.1,2025.0,23.0
Производство промышленных газов,20.11,2021.0,1.0
Производство промышленных газов,20.11,2022.0,1.0
Производство промышленных газов,20.11,2023.0,1.0
Производство красителей и пигментов,20.12,2022.0,1.0
Производство красителей и пигментов,20.12,2023.0,1.0
Производство прочих основных неорганических химических веществ,20.13,2021.0,3.0
Производство прочих основных неорганических химических веществ,20.13,2022.0,2.0
Производство прочих основных неорганических химических веществ,20.13,2023.0,5.0
Производство прочих основных неорганических химических веществ,20.13,2024.0,5.0
Производство прочих основных неорганических химических веществ,20.13,2025.0,6.0
Производство прочих основных органических химических веществ,20.14,2021.0,1.0
Производство прочих основных органических химических веществ,20.14,2022.0,2.0
Производство прочих основных органических химических веществ,20.14,2023.0,2.0
Производство прочих основных органических химических веществ,20.14,2024.0,2.0
Производство прочих основных органических химических веществ,20.14,2025.0,1.0
Производство углеводородов и их производных,20.14.1,2022.0,1.0
Производство прочих химических органических основных веществ,20.14.7,2022.0,1.0
Производство прочих химических органических основных веществ,20.14.7,2023.0,2.0
Производство прочих химических органических основных веществ,20.14.7,2024.0,1.0
Производство прочих химических органических основных веществ,20.14.7,2025.0,1.0
Производство удобрений и азотных соединений,20.15,2021.0,10.0
Производство удобрений и азотных соединений,20.15,2022.0,8.0
Производство удобрений и азотных соединений,20.15,2023.0,6.0
Производство удобрений и азотных соединений,20.15,2024.0,9.0
Производство удобрений и азотных соединений,20.15,2025.0,12.0
Производство азотных минеральных или химических удобрений,20.15.3,2021.0,3.0
Производство азотных минеральных или химических удобрений,20.15.3,2022.0,2.0
Производство азотных минеральных или химических удобрений,20.15.3,2023.0,1.0
Производство азотных минеральных или химических удобрений,20.15.3,2024.0,3.0
Производство азотных минеральных или химических удобрений,20.15.3,2025.0,5.0
Производство фосфорных минеральных или химических удобрений,20.15.4,2021.0,3.0
Производство фосфорных минеральных или химических удобрений,20.15.4,2022.0,2.0
Производство фосфорных минеральных или химических удобрений,20.15.4,2023.0,3.0
Производство фосфорных минеральных или химических удобрений,20.15.4,2024.0,1.0
Производство фосфорных минеральных или химических удобрений,20.15.4,2025.0,1.0
Производство калийных минеральных или химических удобрений,20.15.5,2021.0,2.0
Производство калийных минеральных или химических удобрений,20.15.5,2022.0,2.0
Производство калийных минеральных или химических удобрений,20.15.5,2023.0,2.0
Производство калийных минеральных или химических удобрений,20.15.5,2024.0,3.0
Производство калийных минеральных или химических удобрений,20.15.5,2025.0,3.0
"Производство удобрений, не включенных в другие группировки",20.15.7,2021.0,1.0
"Производство удобрений, не включенных в другие группировки",20.15.7,2022.0,1.0
"Производство удобрений, не включенных в другие группировки",20.15.7,2024.0,1.0
"Производство удобрений, не включенных в другие группировки",20.15.7,2025.0,2.0
Производство удобрений животного или растительного происхождения,20.15.8,2024.0,1.0
Производство удобрений животного или растительного происхождения,20.15.8,2025.0,1.0
Производство пластмасс и синтетических смол в первичных формах,20.16,2021.0,9.0
Производство пластмасс и синтетических смол в первичных формах,20.16,2022.0,10.0
Производство пластмасс и синтетических смол в первичных формах,20.16,2023.0,8.0
Производство пластмасс и синтетических смол в первичных формах,20.16,2024.0,4.0
Производство пластмасс и синтетических смол в первичных формах,20.16,2025.0,4.0
Производство пестицидов и прочих агрохимических продуктов,20.20,2021.0,1.0
Производство пестицидов и прочих агрохимических продуктов,20.20,2024.0,1.0
Производство пестицидов и прочих агрохимических продуктов,20.20,2025.0,3.0
"Производство красок, лаков и аналогичных материалов для нанесения покрытий, полиграфических красок и мастик",20.30,2021.0,5.0
"Производство красок, лаков и аналогичных материалов для нанесения покрытий, полиграфических красок и мастик",20.30,2022.0,8.0
"Производство красок, лаков и аналогичных материалов для нанесения покрытий, полиграфических красок и мастик",20.30,2023.0,3.0
"Производство красок, лаков и аналогичных материалов для нанесения покрытий, полиграфических красок и мастик",20.30,2024.0,3.0
"Производство красок, лаков и аналогичных материалов для нанесения покрытий, полиграфических красок и мастик",20.30,2025.0,5.0
Производство красок и лаков на основе полимеров,20.30.1,2021.0,5.0
Производство красок и лаков на основе полимеров,20.30.1,2022.0,4.0
Производство красок и лаков на основе полимеров,20.30.1,2023.0,1.0
Производство красок и лаков на основе полимеров,20.30.1,2024.0,2.0
Производство красок и лаков на основе полимеров,20.30.1,2025.0,4.0
"Производство прочих красок, лаков, эмалей и аналогичных материалов для нанесения покрытий, художественных и полиграфических красок",20.30.2,2022.0,2.0
"Производство прочих красок, лаков, эмалей и аналогичных материалов для нанесения покрытий, художественных и полиграфических красок",20.30.2,2023.0,2.0
"Производство прочих красок, лаков, эмалей и аналогичных материалов для нанесения покрытий, художественных и полиграфических красок",20.30.2,2024.0,1.0
"Производство прочих красок, лаков, эмалей и аналогичных материалов для нанесения покрытий, художественных и полиграфических красок",20.30.2,2025.0,1.0
"Производство мыла и моющих, чистящих и полирующих средств; парфюмерных и косметических средств",20.4,2021.0,6.0
"Производство мыла и моющих, чистящих и полирующих средств; парфюмерных и косметических средств",20.4,2022.0,10.0
"Производство мыла и моющих, чистящих и полирующих средств; парфюмерных и косметических средств",20.4,2023.0,6.0
"Производство мыла и моющих, чистящих и полирующих средств; парфюмерных и косметических средств",20.4,2024.0,14.0
"Производство мыла и моющих, чистящих и полирующих средств; парфюмерных и косметических средств",20.4,2025.0,17.0
"Производство мыла и моющих, чистящих и полирующих средств",20.41,2021.0,1.0
"Производство мыла и моющих, чистящих и полирующих средств",20.41,2022.0,4.0
"Производство мыла и моющих, чистящих и полирующих средств",20.41,2023.0,2.0
"Производство мыла и моющих, чистящих и полирующих средств",20.41,2024.0,8.0
"Производство мыла и моющих, чистящих и полирующих средств",20.41,2025.0,9.0
"Производство органических поверхностно-активных веществ, кроме мыла",20.41.2,2022.0,1.0
"Производство органических поверхностно-активных веществ, кроме мыла",20.41.2,2023.0,1.0
"Производство органических поверхностно-активных веществ, кроме мыла",20.41.2,2024.0,2.0
"Производство мыла и моющих средств, чистящих и полирующих средств",20.41.3,2021.0,1.0
"Производство мыла и моющих средств, чистящих и полирующих средств",20.41.3,2022.0,3.0
"Производство мыла и моющих средств, чистящих и полирующих средств",20.41.3,2023.0,1.0
"Производство мыла и моющих средств, чистящих и полирующих средств",20.41.3,2024.0,6.0
"Производство мыла и моющих средств, чистящих и полирующих средств",20.41.3,2025.0,9.0
Производство парфюмерных и косметических средств,20.42,2021.0,5.0
Производство парфюмерных и косметических средств,20.42,2022.0,6.0
Производство парфюмерных и косметических средств,20.42,2023.0,4.0
Производство парфюмерных и косметических средств,20.42,2024.0,6.0
Производство парфюмерных и косметических средств,20.42,2025.0,8.0
Производство прочих химических продуктов,20.5,2021.0,7.0
Производство прочих химических продуктов,20.5,2022.0,11.0
Производство прочих химических продуктов,20.5,2023.0,2.0
Производство прочих химических продуктов,20.5,2024.0,8.0
Производство прочих химических продуктов,20.5,2025.0,6.0
Производство клеев,20.52,2022.0,1.0
Производство клеев,20.52,2024.0,1.0
Производство клеев,20.52,2025.0,1.0
Производство химических волокон,20.60,2021.0,1.0
Производство химических волокон,20.60,2022.0,1.0
Производство химических волокон,20.60,2023.0,1.0
Производство химических волокон,20.60,2024.0,1.0
Производство синтетических волокон,20.60.1,2021.0,1.0
Производство синтетических волокон,20.60.1,2022.0,1.0
Производство синтетических волокон,20.60.1,2023.0,1.0
Производство искусственных волокон,20.60.2,2024.0,1.0
"Производство лекарственных средств и материалов, применяемых в медицинских целях",21,2021.0,16.0
"Производство лекарственных средств и материалов, применяемых в медицинских целях",21,2022.0,19.0
"Производство лекарственных средств и материалов, применяемых в медицинских целях и ветеринарии",21,2023.0,19.0
"Производство лекарственных средств и материалов, применяемых в медицинских целях и ветеринарии",21,2024.0,26.0
"Производство лекарственных средств и материалов, применяемых в медицинских целях и ветеринарии",21,2025.0,25.0
Производство фармацевтических субстанций,21.10,2022.0,4.0
Производство фармацевтических субстанций,21.10,2023.0,2.0
Производство фармацевтических субстанций,21.10,2025.0,2.0
"Производство лекарственных препаратов и материалов, применяемых в медицинских целях",21.20,2021.0,16.0
"Производство лекарственных препаратов и материалов, применяемых в медицинских целях",21.20,2022.0,15.0
"Производство лекарственных препаратов и материалов, применяемых в медицинских целях и ветеринарии",21.20,2023.0,17.0
"Производство лекарственных препаратов и материалов, применяемых в медицинских целях и ветеринарии",21.20,2024.0,26.0
"Производство лекарственных препаратов и материалов, применяемых в медицинских целях и ветеринарии",21.20,2025.0,23.0
Производство лекарственных препаратов,21.20.1,2021.0,12.0
Производство лекарственных препаратов,21.20.1,2022.0,10.0
Производство лекарственных препаратов для медицинского применения,21.20.1,2023.0,14.0
Производство лекарственных препаратов для медицинского применения,21.20.1,2024.0,24.0
Производство лекарственных препаратов для медицинского применения,21.20.1,2025.0,22.0
"Производство материалов, применяемых в медицинских целях",21.20.2,2021.0,2.0
"Производство материалов, применяемых в медицинских целях",21.20.2,2022.0,5.0
"Производство материалов, применяемых в медицинских целях",21.20.2,2023.0,2.0
"Производство материалов, применяемых в медицинских целях",21.20.2,2024.0,2.0
"Производство материалов, применяемых в медицинских целях",21.20.2,2025.0,1.0
Производство резиновых и пластмассовых изделий,22,2021.0,56.0
Производство резиновых и пластмассовых изделий,22,2022.0,63.0
Производство резиновых и пластмассовых изделий,22,2023.0,32.0
Производство резиновых и пластмассовых изделий,22,2024.0,29.0
Производство резиновых и пластмассовых изделий,22,2025.0,37.0
Производство резиновых изделий,22.1,2021.0,6.0
Производство резиновых изделий,22.1,2022.0,11.0
Производство резиновых изделий,22.1,2023.0,7.0
Производство резиновых изделий,22.1,2024.0,5.0
Производство резиновых изделий,22.1,2025.0,9.0
"Производство резиновых шин, покрышек и камер; восстановление резиновых шин и покрышек",22.11,2021.0,2.0
"Производство резиновых шин, покрышек и камер; восстановление резиновых шин и покрышек",22.11,2022.0,3.0
"Производство резиновых шин, покрышек и камер; восстановление резиновых шин и покрышек",22.11,2023.0,1.0
"Производство резиновых шин, покрышек и камер; восстановление резиновых шин и покрышек",22.11,2024.0,2.0
"Производство резиновых шин, покрышек и камер; восстановление резиновых шин и покрышек",22.11,2025.0,4.0
Производство прочих резиновых изделий,22.19,2021.0,4.0
Производство прочих резиновых изделий,22.19,2022.0,8.0
Производство прочих резиновых изделий,22.19,2023.0,6.0
Производство прочих резиновых изделий,22.19,2024.0,3.0
Производство прочих резиновых изделий,22.19,2025.0,5.0
"Производство регенерированной резины в первичной форме или в виде пластин, листов или полос (лент)",22.19.1,2021.0,2.0
"Производство регенерированной резины в первичной форме или в виде пластин, листов или полос (лент)",22.19.1,2022.0,3.0
"Производство регенерированной резины в первичной форме или в виде пластин, листов или полос (лент)",22.19.1,2023.0,1.0
"Производство регенерированной резины в первичной форме или в виде пластин, листов или полос (лент)",22.19.1,2024.0,1.0
"Производство регенерированной резины в первичной форме или в виде пластин, листов или полос (лент)",22.19.1,2025.0,1.0
"Производство резиновых смесей и изделий из них; производство вулканизированной резины в виде нити, корда, пластин, листов, полос, прутков и профилей",22.19.2,2022.0,1.0
"Производство резиновых смесей и изделий из них; производство вулканизированной резины в виде нити, корда, пластин, листов, полос, прутков и профилей",22.19.2,2023.0,3.0
"Производство резиновых смесей и изделий из них; производство вулканизированной резины в виде нити, корда, пластин, листов, полос, прутков и профилей",22.19.2,2024.0,1.0
"Производство резиновых смесей и изделий из них; производство вулканизированной резины в виде нити, корда, пластин, листов, полос, прутков и профилей",22.19.2,2025.0,2.0
"Производство изделий из вулканизированной резины, не включенных в другие группировки",22.19.7,2021.0,2.0
"Производство изделий из вулканизированной резины, не включенных в другие группировки",22.19.7,2022.0,4.0
"Производство изделий из вулканизированной резины, не включенных в другие группировки",22.19.7,2023.0,2.0
"Производство изделий из вулканизированной резины, не включенных в другие группировки",22.19.7,2024.0,1.0
"Производство изделий из вулканизированной резины, не включенных в другие группировки",22.19.7,2025.0,2.0
Производство изделий из пластмасс,22.2,2021.0,50.0
Производство изделий из пластмасс,22.2,2022.0,52.0
Производство изделий из пластмасс,22.2,2023.0,25.0
Производство изделий из пластмасс,22.2,2024.0,24.0
Производство изделий из пластмасс,22.2,2025.0,28.0
"Производство пластмассовых плит, полос, труб и профилей",22.21,2021.0,25.0
"Производство пластмассовых плит, полос, труб и профилей",22.21,2022.0,21.0
"Производство пластмассовых плит, полос, труб и профилей",22.21,2023.0,3.0
"Производство пластмассовых плит, полос, труб и профилей",22.21,2024.0,7.0
"Производство пластмассовых плит, полос, труб и профилей",22.21,2025.0,11.0
Производство пластмассовых изделий для упаковывания товаров,22.22,2021.0,12.0
Производство пластмассовых изделий для упаковывания товаров,22.22,2022.0,15.0
Производство пластмассовых изделий для упаковывания товаров,22.22,2023.0,8.0
Производство пластмассовых изделий для упаковывания товаров,22.22,2024.0,5.0
Производство пластмассовых изделий для упаковывания товаров,22.22,2025.0,4.0
"Производство пластмассовых изделий, используемых в строительстве",22.23,2021.0,6.0
"Производство пластмассовых изделий, используемых в строительстве",22.23,2022.0,9.0
"Производство пластмассовых изделий, используемых в строительстве",22.23,2023.0,9.0
"Производство пластмассовых изделий, используемых в строительстве",22.23,2024.0,9.0
"Производство пластмассовых изделий, используемых в строительстве",22.23,2025.0,10.0
Производство прочих пластмассовых изделий,22.29,2021.0,7.0
Производство прочих пластмассовых изделий,22.29,2022.0,7.0
Производство прочих пластмассовых изделий,22.29,2023.0,5.0
Производство прочих пластмассовых изделий,22.29,2024.0,3.0
Производство прочих пластмассовых изделий,22.29,2025.0,3.0
"Производство прочих изделий из пластмасс, не включенных в другие группировки, кроме устройств пломбировочных их пластика",22.29.2,2021.0,7.0
"Производство прочих изделий из пластмасс, не включенных в другие группировки, кроме устройств пломбировочных из пластика",22.29.2,2022.0,6.0
"Производство прочих изделий из пластмасс, не включенных в другие группировки, кроме устройств пломбировочных из пластика",22.29.2,2023.0,4.0
"Производство прочих изделий из пластмасс, не включенных в другие группировки, кроме устройств пломбировочных из пластика",22.29.2,2024.0,3.0
"Производство прочих изделий из пластмасс, не включенных в другие группировки, кроме устройств пломбировочных из пластика",22.29.2,2025.0,3.0
Предоставление услуг в области производства прочих пластмассовых изделий,22.29.9,2023.0,1.0
Производство прочей неметаллической минеральной продукции,23,2021.0,32.0
Производство прочей неметаллической минеральной продукции,23,2022.0,57.0
Производство прочей неметаллической минеральной продукции,23,2023.0,50.0
Производство прочей неметаллической минеральной продукции,23,2024.0,39.0
Производство прочей неметаллической минеральной продукции,23,2025.0,49.0
Производство стекла и изделий из стекла,23.1,2021.0,5.0
Производство стекла и изделий из стекла,23.1,2022.0,10.0
Производство стекла и изделий из стекла,23.1,2023.0,7.0
Производство стекла и изделий из стекла,23.1,2024.0,7.0
Производство стекла и изделий из стекла,23.1,2025.0,8.0
Производство листового стекла,23.11,2022.0,1.0
Производство листового стекла,23.11,2024.0,1.0
Производство листового стекла,23.11,2025.0,3.0
Производство листового тянутого стекла,23.11.1,2022.0,1.0
Производство листового тянутого стекла,23.11.1,2025.0,2.0
Формирование и обработка листового стекла,23.12,2021.0,2.0
Формирование и обработка листового стекла,23.12,2022.0,2.0
Формирование и обработка листового стекла,23.12,2023.0,5.0
Формирование и обработка листового стекла,23.12,2024.0,4.0
Формирование и обработка листового стекла,23.12,2025.0,3.0
Производство упрочненного (в том числе термически упрочненного и закаленного) стекла,23.12.1,2021.0,1.0
Производство упрочненного (в том числе термически упрочненного и закаленного) стекла,23.12.1,2022.0,1.0
Производство упрочненного (в том числе термически упрочненного и закаленного) стекла,23.12.1,2023.0,3.0
Производство упрочненного (в том числе термически упрочненного и закаленного) стекла,23.12.1,2024.0,3.0
Производство упрочненного (в том числе термически упрочненного и закаленного) стекла,23.12.1,2025.0,2.0
Производство стеклопакетов,23.12.5,2024.0,1.0
Производство стеклопакетов,23.12.5,2025.0,1.0
Производство полых стеклянных изделий,23.13,2021.0,2.0
Производство полых стеклянных изделий,23.13,2022.0,4.0
Производство полых стеклянных изделий,23.13,2023.0,1.0
Производство полых стеклянных изделий,23.13,2024.0,2.0
Производство бутылок и прочих емкостей из стекла или хрусталя,23.13.1,2021.0,2.0
Производство бутылок и прочих емкостей из стекла или хрусталя,23.13.1,2022.0,4.0
Производство бутылок и прочих емкостей из стекла или хрусталя,23.13.1,2023.0,1.0
Производство бутылок и прочих емкостей из стекла или хрусталя,23.13.1,2024.0,2.0
Производство стекловолокна,23.14,2022.0,1.0
"Производство и обработка прочих стеклянных изделий, включая технические изделия из стекла",23.19,2021.0,1.0
"Производство и обработка прочих стеклянных изделий, включая технические изделия из стекла",23.19,2022.0,2.0
"Производство и обработка прочих стеклянных изделий, включая технические изделия из стекла",23.19,2023.0,1.0
"Производство и обработка прочих стеклянных изделий, включая технические изделия из стекла",23.19,2025.0,2.0
"Производство посуды для лабораторных, фармацевтических и гигиенических целей из стекла; производство ампул и прочих изделий из медицинского стекла",23.19.5,2025.0,1.0
"Производство прочих изделий из стекла, не включенных в другие группировки",23.19.9,2021.0,1.0
"Производство прочих изделий из стекла, не включенных в другие группировки",23.19.9,2022.0,2.0
"Производство прочих изделий из стекла, не включенных в другие группировки",23.19.9,2023.0,1.0
Производство огнеупорных изделий,23.20,2021.0,1.0
Производство огнеупорных изделий,23.20,2022.0,1.0
Производство огнеупорных изделий,23.20,2023.0,2.0
Производство огнеупорных изделий,23.20,2024.0,3.0
Производство огнеупорных изделий,23.20,2025.0,3.0
"Производство огнеупорных кирпичей, блоков, плиток",23.20.1,2021.0,1.0
"Производство огнеупорных кирпичей, блоков, плиток",23.20.1,2022.0,1.0
"Производство огнеупорных кирпичей, блоков, плиток",23.20.1,2023.0,1.0
"Производство огнеупорных кирпичей, блоков, плиток",23.20.1,2024.0,3.0
"Производство огнеупорных кирпичей, блоков, плиток",23.20.1,2025.0,3.0
Производство безобжиговых огнеупорных изделий,23.20.3,2023.0,1.0
Производство строительных керамических материалов,23.3,2021.0,5.0
Производство строительных керамических материалов,23.3,2022.0,3.0
Производство строительных керамических материалов,23.3,2023.0,3.0
Производство строительных керамических материалов,23.3,2024.0,2.0
Производство строительных керамических материалов,23.3,2025.0,2.0
Производство керамических плит и плиток,23.31,2022.0,1.0
Производство керамических плит и плиток,23.31,2023.0,2.0
Производство керамических плит и плиток,23.31,2025.0,1.0
"Производство кирпича, черепицы и прочих строительных изделий из обожженной глины",23.32,2021.0,5.0
"Производство кирпича, черепицы и прочих строительных изделий из обожженной глины",23.32,2022.0,2.0
"Производство кирпича, черепицы и прочих строительных изделий из обожженной глины",23.32,2023.0,1.0
"Производство кирпича, черепицы и прочих строительных изделий из обожженной глины",23.32,2024.0,2.0
"Производство кирпича, черепицы и прочих строительных изделий из обожженной глины",23.32,2025.0,1.0
"Производство цемента, извести и гипса",23.5,2021.0,3.0
"Производство цемента, извести и гипса",23.5,2022.0,8.0
"Производство цемента, извести и гипса",23.5,2023.0,8.0
"Производство цемента, извести и гипса",23.5,2024.0,6.0
"Производство цемента, извести и гипса",23.5,2025.0,7.0
Производство цемента,23.51,2021.0,2.0
Производство цемента,23.51,2022.0,6.0
Производство цемента,23.51,2023.0,7.0
Производство цемента,23.51,2024.0,6.0
Производство цемента,23.51,2025.0,7.0
Производство извести и гипса,23.52,2021.0,1.0
Производство извести и гипса,23.52,2022.0,2.0
Производство извести и гипса,23.52,2023.0,1.0
"Производство негашеной, гашеной и гидравлической извести",23.52.1,2021.0,1.0
"Производство негашеной, гашеной и гидравлической извести",23.52.1,2022.0,1.0
"Производство негашеной, гашеной и гидравлической извести",23.52.1,2023.0,1.0
Производство гипса,23.52.2,2022.0,1.0
"Производство изделий из бетона, цемента и гипса",23.6,2021.0,11.0
"Производство изделий из бетона, цемента и гипса",23.6,2022.0,28.0
"Производство изделий из бетона, цемента и гипса",23.6,2023.0,24.0
"Производство изделий из бетона, цемента и гипса",23.6,2024.0,15.0
"Производство изделий из бетона, цемента и гипса",23.6,2025.0,18.0
Производство изделий из бетона для использования в строительстве,23.61,2021.0,9.0
Производство изделий из бетона для использования в строительстве,23.61,2022.0,15.0
Производство изделий из бетона для использования в строительстве,23.61,2023.0,11.0
Производство изделий из бетона для использования в строительстве,23.61,2024.0,6.0
Производство изделий из бетона для использования в строительстве,23.61,2025.0,7.0
"Производство готовых строительных изделий из бетона, цемента и искусственного камня",23.61.1,2021.0,8.0
"Производство готовых строительных изделий из бетона, цемента и искусственного камня",23.61.1,2022.0,11.0
"Производство готовых строительных изделий из бетона, цемента и искусственного камня",23.61.1,2023.0,8.0
"Производство готовых строительных изделий из бетона, цемента и искусственного камня",23.61.1,2024.0,3.0
"Производство готовых строительных изделий из бетона, цемента и искусственного камня",23.61.1,2025.0,4.0
"Производство сборных строительных конструкций из бетона, цемента и искусственного камня",23.61.2,2022.0,1.0
"Производство сборных строительных конструкций из бетона, цемента и искусственного камня",23.61.2,2023.0,2.0
"Производство сборных строительных конструкций из бетона, цемента и искусственного камня",23.61.2,2024.0,2.0
"Производство сборных строительных конструкций из бетона, цемента и искусственного камня",23.61.2,2025.0,2.0
Производство гипсовых изделий для использования в строительстве,23.62,2021.0,1.0
Производство гипсовых изделий для использования в строительстве,23.62,2022.0,2.0
Производство гипсовых изделий для использования в строительстве,23.62,2023.0,1.0
Производство гипсовых изделий для использования в строительстве,23.62,2024.0,2.0
Производство гипсовых изделий для использования в строительстве,23.62,2025.0,1.0
Производство товарного бетона,23.63,2022.0,3.0
Производство товарного бетона,23.63,2023.0,7.0
Производство товарного бетона,23.63,2024.0,4.0
Производство товарного бетона,23.63,2025.0,2.0
Производство сухих бетонных смесей,23.64,2021.0,1.0
Производство сухих бетонных смесей,23.64,2022.0,7.0
Производство сухих бетонных смесей,23.64,2023.0,4.0
Производство сухих бетонных смесей,23.64,2024.0,3.0
Производство сухих бетонных смесей,23.64,2025.0,8.0
"Производство прочих изделий из гипса, бетона или цемента",23.69,2022.0,1.0
"Производство прочих изделий из гипса, бетона или цемента",23.69,2023.0,1.0
"Резка, обработка и отделка камня",23.70,2022.0,1.0
"Резка, обработка и отделка камня для использования в строительстве в качестве дорожного покрытия",23.70.1,2022.0,1.0
"Производство абразивных и неметаллических минеральных изделий, не включенных в другие группировки",23.9,2021.0,7.0
"Производство абразивных и неметаллических минеральных изделий, не включенных в другие группировки",23.9,2022.0,6.0
"Производство абразивных и неметаллических минеральных изделий, не включенных в другие группировки",23.9,2023.0,6.0
"Производство абразивных и неметаллических минеральных изделий, не включенных в другие группировки",23.9,2024.0,6.0
"Производство абразивных и неметаллических минеральных изделий, не включенных в другие группировки",23.9,2025.0,11.0
Производство абразивных изделий,23.91,2021.0,1.0
Производство абразивных изделий,23.91,2022.0,1.0
Производство абразивных изделий,23.91,2023.0,1.0
Производство абразивных изделий,23.91,2025.0,2.0
"Производство прочей неметаллической минеральной продукции, не включенной в другие группировки",23.99,2021.0,6.0
"Производство прочей неметаллической минеральной продукции, не включенной в другие группировки",23.99,2022.0,5.0
"Производство прочей неметаллической минеральной продукции, не включенной в другие группировки",23.99,2023.0,5.0
"Производство прочей неметаллической минеральной продукции, не включенной в другие группировки",23.99,2024.0,6.0
"Производство прочей неметаллической минеральной продукции, не включенной в другие группировки",23.99,2025.0,9.0
"Производство обработанных хризотиловых волокон, смесей на основе хризотила и изделий из них",23.99.1,2023.0,1.0
Производство изделий из асфальта или аналогичных материалов,23.99.2,2021.0,1.0
Производство изделий из асфальта или аналогичных материалов,23.99.2,2023.0,1.0
Производство изделий из асфальта или аналогичных материалов,23.99.2,2025.0,1.0
"Производство битуминозных смесей на основе природного асфальта или битума, нефтяного битума, минеральных смол или их пеков",23.99.3,2021.0,1.0
"Производство битуминозных смесей на основе природного асфальта или битума, нефтяного битума, минеральных смол или их пеков",23.99.3,2022.0,2.0
"Производство битуминозных смесей на основе природного асфальта или битума, нефтяного битума, минеральных смол или их пеков",23.99.3,2024.0,1.0
"Производство искусственного графита, коллоидного или полуколлоидного графита, продуктов на основе графита или прочих форм углерода в виде полуфабрикатов",23.99.4,2022.0,1.0
Производство минеральных тепло- и звукоизоляционных материалов и изделий,23.99.6,2021.0,4.0
Производство минеральных тепло- и звукоизоляционных материалов и изделий,23.99.6,2022.0,2.0
Производство минеральных тепло- и звукоизоляционных материалов и изделий,23.99.6,2023.0,3.0
Производство минеральных тепло- и звукоизоляционных материалов и изделий,23.99.6,2024.0,1.0
Производство минеральных тепло- и звукоизоляционных материалов и изделий,23.99.6,2025.0,1.0
Производство минеральных теплоизоляционных материалов и изделий,23.99.61,2021.0,4.0
Производство минеральных теплоизоляционных материалов и изделий,23.99.61,2022.0,2.0
Производство минеральных теплоизоляционных материалов и изделий,23.99.61,2023.0,3.0
Производство металлургическое,24,2021.0,36.0
Производство металлургическое,24,2022.0,64.0
Производство металлургическое,24,2023.0,45.0
Производство металлургическое,24,2024.0,56.0
Производство металлургическое,24,2025.0,59.0
Производство прочих цветных металлов; производство ядерного топлива,24.04.АГ,2021.0,7.0
Производство прочих цветных металлов; производство ядерного топлива,24.04.АГ,2022.0,6.0
Производство прочих цветных металлов; производство ядерного топлива,24.04.АГ,2023.0,6.0
Производство прочих цветных металлов; производство ядерного топлива,24.04.АГ,2024.0,6.0
Производство прочих цветных металлов; производство ядерного топлива,24.04.АГ,2025.0,8.0
"Литье легких и прочих цветных металлов, не включенных в другие группировки",24.05.АГ,2022.0,1.0
"Литье легких и прочих цветных металлов, не включенных в другие группировки",24.05.АГ,2023.0,1.0
"Производство чугуна, стали и ферросплавов",24.10,2021.0,11.0
"Производство чугуна, стали и ферросплавов",24.10,2022.0,20.0
"Производство чугуна, стали и ферросплавов",24.10,2023.0,14.0
"Производство чугуна, стали и ферросплавов",24.10,2024.0,16.0
"Производство чугуна, стали и ферросплавов",24.10,2025.0,19.0
Производство основных продуктов из железа и стали,24.10.1,2025.0,1.0
Производство ферросплавов,24.10.12,2025.0,1.0
Производство стали в слитках,24.10.2,2022.0,1.0
Производство стали в слитках,24.10.2,2024.0,1.0
Производство стали в слитках,24.10.2,2025.0,1.0
Производство листового горячекатаного стального проката,24.10.3,2021.0,6.0
Производство листового горячекатаного стального проката,24.10.3,2022.0,6.0
Производство листового горячекатаного стального проката,24.10.3,2023.0,5.0
Производство листового горячекатаного стального проката,24.10.3,2024.0,2.0
Производство листового горячекатаного стального проката,24.10.3,2025.0,5.0
Производство листового холоднокатаного стального проката,24.10.4,2024.0,5.0
Производство листового холоднокатаного стального проката,24.10.4,2025.0,2.0
"Производство листового холоднокатаного стального проката, плакированного, с гальваническим или иным покрытием",24.10.5,2021.0,1.0
"Производство листового холоднокатаного стального проката, плакированного, с гальваническим или иным покрытием",24.10.5,2022.0,1.0
"Производство листового холоднокатаного стального проката, плакированного, с гальваническим или иным покрытием",24.10.5,2023.0,2.0
"Производство листового холоднокатаного стального проката, плакированного, с гальваническим или иным покрытием",24.10.5,2024.0,2.0
"Производство листового холоднокатаного стального проката, плакированного, с гальваническим или иным покрытием",24.10.5,2025.0,3.0
Производство сортового горячекатаного проката и катанки,24.10.6,2021.0,3.0
Производство сортового горячекатаного проката и катанки,24.10.6,2022.0,9.0
Производство сортового горячекатаного проката и катанки,24.10.6,2023.0,5.0
Производство сортового горячекатаного проката и катанки,24.10.6,2024.0,3.0
Производство сортового горячекатаного проката и катанки,24.10.6,2025.0,4.0
"Производство незамкнутых стальных профилей горячей обработки, листового проката в пакетах и стального рельсового профиля для железных дорог и трамвайных путей",24.10.7,2021.0,1.0
"Производство незамкнутых стальных профилей горячей обработки, листового проката в пакетах и стального рельсового профиля для железных дорог и трамвайных путей",24.10.7,2022.0,1.0
"Производство незамкнутых стальных профилей горячей обработки, листового проката в пакетах и стального рельсового профиля для железных дорог и трамвайных путей",24.10.7,2023.0,1.0
"Производство незамкнутых стальных профилей горячей обработки, листового проката в пакетах и стального рельсового профиля для железных дорог и трамвайных путей",24.10.7,2024.0,1.0
"Производство незамкнутых стальных профилей горячей обработки, листового проката в пакетах и стального рельсового профиля для железных дорог и трамвайных путей",24.10.7,2025.0,3.0
"Производство прочего проката из черных металлов, не включенного в другие группировки",24.10.9,2022.0,2.0
"Производство прочего проката из черных металлов, не включенного в другие группировки",24.10.9,2023.0,1.0
"Производство прочего проката из черных металлов, не включенного в другие группировки",24.10.9,2024.0,2.0
"Производство стальных труб, полых профилей и фитингов",24.20,2021.0,5.0
"Производство стальных труб, полых профилей и фитингов",24.20,2022.0,16.0
"Производство стальных труб, полых профилей и фитингов",24.20,2023.0,10.0
"Производство стальных труб, полых профилей и фитингов",24.20,2024.0,11.0
"Производство стальных труб, полых профилей и фитингов",24.20,2025.0,10.0
Производство бесшовных труб и пустотелых профилей,24.20.1,2021.0,1.0
Производство бесшовных труб и пустотелых профилей,24.20.1,2022.0,4.0
Производство бесшовных труб и пустотелых профилей,24.20.1,2023.0,2.0
Производство бесшовных труб и пустотелых профилей,24.20.1,2024.0,4.0
Производство бесшовных труб и пустотелых профилей,24.20.1,2025.0,4.0
Производство сварных труб,24.20.2,2021.0,3.0
Производство сварных труб,24.20.2,2022.0,8.0
Производство сварных труб,24.20.2,2023.0,6.0
Производство сварных труб,24.20.2,2024.0,5.0
Производство сварных труб,24.20.2,2025.0,6.0
"Производство стальных фитингов для труб, кроме литых",24.20.3,2021.0,1.0
"Производство стальных фитингов для труб, кроме литых",24.20.3,2022.0,4.0
Производство прочих стальных изделий первичной обработкой,24.3,2021.0,4.0
Производство прочих стальных изделий первичной обработкой,24.3,2022.0,3.0
Производство прочих стальных изделий первичной обработкой,24.3,2023.0,3.0
Производство прочих стальных изделий первичной обработкой,24.3,2024.0,9.0
Производство прочих стальных изделий первичной обработкой,24.3,2025.0,8.0
Производство холоднотянутого штрипса,24.32,2023.0,1.0
Производство холоднотянутого штрипса,24.32,2025.0,1.0
Производство профилей с помощью холодной штамповки или гибки,24.33,2021.0,3.0
Производство профилей с помощью холодной штамповки или гибки,24.33,2022.0,2.0
Производство профилей с помощью холодной штамповки или гибки,24.33,2023.0,1.0
Производство профилей с помощью холодной штамповки или гибки,24.33,2024.0,7.0
Производство профилей с помощью холодной штамповки или гибки,24.33,2025.0,4.0
Производство проволоки методом холодного волочения,24.34,2021.0,1.0
Производство проволоки методом холодного волочения,24.34,2022.0,1.0
Производство проволоки методом холодного волочения,24.34,2023.0,1.0
Производство проволоки методом холодного волочения,24.34,2024.0,2.0
Производство проволоки методом холодного волочения,24.34,2025.0,3.0
"Производство основных драгоценных металлов и прочих цветных металлов, производство ядерного топлива",24.4,2021.0,15.0
"Производство основных драгоценных металлов и прочих цветных металлов, производство ядерного топлива",24.4,2022.0,19.0
"Производство основных драгоценных металлов и прочих цветных металлов, производство ядерного топлива",24.4,2023.0,17.0
"Производство основных драгоценных металлов и прочих цветных металлов, производство ядерного топлива",24.4,2024.0,18.0
"Производство основных драгоценных металлов и прочих цветных металлов, производство ядерного топлива",24.4,2025.0,20.0
Производство драгоценных металлов,24.41,2021.0,1.0
Производство драгоценных металлов,24.41,2022.0,4.0
Производство драгоценных металлов,24.41,2023.0,4.0
Производство драгоценных металлов,24.41,2024.0,3.0
Производство драгоценных металлов,24.41,2025.0,3.0
Производство алюминия,24.42,2021.0,3.0
Производство алюминия,24.42,2022.0,4.0
Производство алюминия,24.42,2023.0,5.0
Производство алюминия,24.42,2024.0,5.0
Производство алюминия,24.42,2025.0,5.0
"Производство свинца, цинка и олова",24.43,2021.0,1.0
"Производство свинца, цинка и олова",24.43,2022.0,1.0
Производство свинца,24.43.1,2021.0,1.0
Производство свинца,24.43.1,2022.0,1.0
Производство меди,24.44,2021.0,3.0
Производство меди,24.44,2022.0,4.0
Производство меди,24.44,2023.0,2.0
Производство меди,24.44,2024.0,4.0
Производство меди,24.44,2025.0,4.0
Литье металлов,24.5,2021.0,1.0
Литье металлов,24.5,2022.0,6.0
Литье металлов,24.5,2023.0,1.0
Литье металлов,24.5,2024.0,2.0
Литье металлов,24.5,2025.0,2.0
Литье чугуна,24.51,2022.0,4.0
Литье чугуна,24.51,2024.0,1.0
Литье чугуна,24.51,2025.0,1.0
Литье стали,24.52,2021.0,1.0
Литье стали,24.52,2022.0,1.0
Литье стали,24.52,2024.0,1.0
Литье стали,24.52,2025.0,1.0
"Производство готовых металлических изделий, кроме машин и оборудования",25,2021.0,54.0
"Производство готовых металлических изделий, кроме машин и оборудования",25,2022.0,77.0
"Производство готовых металлических изделий, кроме машин и оборудования",25,2023.0,62.0
"Производство готовых металлических изделий, кроме машин и оборудования",25,2024.0,76.0
"Производство готовых металлических изделий, кроме машин и оборудования",25,2025.0,76.0
"Производство готовых металлических изделий, не включенных в другие группировки",25.04.АГ,2021.0,19.0
"Производство готовых металлических изделий, не включенных в другие группировки",25.04.АГ,2022.0,24.0
"Производство готовых металлических изделий, не включенных в другие группировки",25.04.АГ,2023.0,26.0
"Производство готовых металлических изделий, не включенных в другие группировки",25.04.АГ,2024.0,18.0
"Производство готовых металлических изделий, не включенных в другие группировки",25.04.АГ,2025.0,29.0
Производство строительных металлических конструкций и изделий,25.1,2021.0,17.0
Производство строительных металлических конструкций и изделий,25.1,2022.0,27.0
Производство строительных металлических конструкций и изделий,25.1,2023.0,14.0
Производство строительных металлических конструкций и изделий,25.1,2024.0,40.0
Производство строительных металлических конструкций и изделий,25.1,2025.0,28.0
"Производство строительных металлических конструкций, изделий и их частей",25.11,2021.0,15.0
"Производство строительных металлических конструкций, изделий и их частей",25.11,2022.0,21.0
"Производство строительных металлических конструкций, изделий и их частей",25.11,2023.0,10.0
"Производство строительных металлических конструкций, изделий и их частей",25.11,2024.0,40.0
"Производство строительных металлических конструкций, изделий и их частей",25.11,2025.0,27.0
Производство металлических дверей и окон,25.12,2021.0,2.0
Производство металлических дверей и окон,25.12,2022.0,6.0
Производство металлических дверей и окон,25.12,2023.0,4.0
Производство металлических дверей и окон,25.12,2025.0,1.0
"Производство металлических цистерн, резервуаров и прочих емкостей",25.2,2021.0,4.0
"Производство металлических цистерн, резервуаров и прочих емкостей",25.2,2022.0,9.0
"Производство металлических цистерн, резервуаров и прочих емкостей",25.2,2023.0,4.0
"Производство металлических цистерн, резервуаров и прочих емкостей",25.2,2024.0,6.0
"Производство металлических цистерн, резервуаров и прочих емкостей",25.2,2025.0,5.0
Производство радиаторов и котлов центрального отопления,25.21,2021.0,3.0
Производство радиаторов и котлов центрального отопления,25.21,2022.0,4.0
Производство радиаторов и котлов центрального отопления,25.21,2023.0,3.0
Производство радиаторов и котлов центрального отопления,25.21,2024.0,6.0
Производство радиаторов и котлов центрального отопления,25.21,2025.0,5.0
Производство радиаторов,25.21.1,2021.0,1.0
Производство радиаторов,25.21.1,2022.0,1.0
Производство радиаторов,25.21.1,2023.0,2.0
Производство радиаторов,25.21.1,2024.0,4.0
Производство радиаторов,25.21.1,2025.0,3.0
Производство котлов центрального отопления,25.21.2,2021.0,2.0
Производство котлов центрального отопления,25.21.2,2022.0,3.0
Производство котлов центрального отопления,25.21.2,2023.0,1.0
Производство котлов центрального отопления,25.21.2,2024.0,2.0
Производство котлов центрального отопления,25.21.2,2025.0,2.0
"Производство прочих металлических цистерн, резервуаров и емкостей",25.29,2021.0,1.0
"Производство прочих металлических цистерн, резервуаров и емкостей",25.29,2022.0,5.0
"Производство прочих металлических цистерн, резервуаров и емкостей",25.29,2023.0,1.0
"Производство паровых котлов, кроме котлов центрального отопления",25.30,2021.0,1.0
"Производство паровых котлов, кроме котлов центрального отопления",25.30,2022.0,1.0
"Производство паровых котлов, кроме котлов центрального отопления",25.30,2023.0,2.0
"Производство паровых котлов, кроме котлов центрального отопления",25.30,2024.0,1.0
"Производство паровых котлов, кроме котлов центрального отопления",25.30,2025.0,5.0
Производство паровых котлов и их частей,25.30.1,2023.0,1.0
Производство паровых котлов и их частей,25.30.1,2025.0,3.0
"Производство ядерных установок и их составных частей, в том числе для транспортных средств",25.30.2,2021.0,1.0
"Производство ядерных установок и их составных частей, в том числе для транспортных средств",25.30.2,2022.0,1.0
"Производство ядерных установок и их составных частей, в том числе для транспортных средств",25.30.2,2023.0,1.0
"Производство ядерных установок и их составных частей, в том числе для транспортных средств",25.30.2,2024.0,1.0
"Производство ядерных установок и их составных частей, в том числе для транспортных средств",25.30.2,2025.0,2.0
"Производство частей ядерных установок, кроме устройств для разделения изотопов",25.30.22,2021.0,1.0
"Производство частей ядерных установок, кроме устройств для разделения изотопов",25.30.22,2022.0,1.0
"Производство частей ядерных установок, кроме устройств для разделения изотопов",25.30.22,2023.0,1.0
"Производство частей ядерных установок, кроме устройств для разделения изотопов",25.30.22,2024.0,1.0
"Производство частей ядерных установок, кроме устройств для разделения изотопов",25.30.22,2025.0,2.0
"Ковка, прессование, штамповка и профилирование; изготовление изделий методом порошковой металлургии",25.5,2021.0,1.0
"Ковка, прессование, штамповка и профилирование; изготовление изделий методом порошковой металлургии",25.5,2022.0,3.0
"Ковка, прессование, штамповка и профилирование; изготовление изделий методом порошковой металлургии",25.5,2024.0,1.0
"Ковка, прессование, штамповка и профилирование, изготовление изделий методом порошковой металлургии",25.50,2021.0,1.0
"Ковка, прессование, штамповка и профилирование, изготовление изделий методом порошковой металлургии",25.50,2022.0,3.0
"Ковка, прессование, штамповка и профилирование, изготовление изделий методом порошковой металлургии",25.50,2024.0,1.0
"Предоставление услуг по ковке, прессованию, объемной и листовой штамповке и профилированию листового металла",25.50.1,2021.0,1.0
"Предоставление услуг по ковке, прессованию, объемной и листовой штамповке и профилированию листового металла",25.50.1,2022.0,2.0
Предоставление услуг по производству изделий методом порошковой металлургии,25.50.2,2022.0,1.0
Предоставление услуг по производству изделий методом порошковой металлургии,25.50.2,2024.0,1.0
Обработка металлов и нанесение покрытий на металлы; механическая обработка металлов,25.6,2021.0,10.0
Обработка металлов и нанесение покрытий на металлы; механическая обработка металлов,25.6,2022.0,9.0
Обработка металлов и нанесение покрытий на металлы; механическая обработка металлов,25.6,2023.0,14.0
Обработка металлов и нанесение покрытий на металлы; механическая обработка металлов,25.6,2024.0,9.0
Обработка металлов и нанесение покрытий на металлы; механическая обработка металлов,25.6,2025.0,7.0
Обработка металлов и нанесение покрытий на металлы,25.61,2021.0,2.0
Обработка металлов и нанесение покрытий на металлы,25.61,2022.0,3.0
Обработка металлов и нанесение покрытий на металлы,25.61,2023.0,6.0
Обработка металлов и нанесение покрытий на металлы,25.61,2025.0,1.0
Обработка металлических изделий механическая,25.62,2021.0,8.0
Обработка металлических изделий механическая,25.62,2022.0,6.0
Обработка металлических изделий механическая,25.62,2023.0,8.0
Обработка металлических изделий механическая,25.62,2024.0,9.0
Обработка металлических изделий механическая,25.62,2025.0,6.0
"Производство ножевых изделий и столовых приборов, инструментов и универсальных скобяных изделий",25.7,2021.0,2.0
"Производство ножевых изделий и столовых приборов, инструментов и универсальных скобяных изделий",25.7,2022.0,4.0
"Производство ножевых изделий и столовых приборов, инструментов и универсальных скобяных изделий",25.7,2023.0,2.0
"Производство ножевых изделий и столовых приборов, инструментов и универсальных скобяных изделий",25.7,2024.0,1.0
"Производство ножевых изделий и столовых приборов, инструментов и универсальных скобяных изделий",25.7,2025.0,2.0
Производство ножевых изделий и столовых приборов,25.71,2021.0,1.0
Производство ножевых изделий и столовых приборов,25.71,2022.0,1.0
Производство ножевых изделий и столовых приборов,25.71,2023.0,1.0
Производство ножевых изделий и столовых приборов,25.71,2024.0,1.0
Производство ножевых изделий и столовых приборов,25.71,2025.0,1.0
"Производство замков, петель",25.72,2022.0,2.0
"Производство замков, петель",25.72,2023.0,1.0
Производство инструмента,25.73,2021.0,1.0
Производство инструмента,25.73,2022.0,1.0
Производство инструмента,25.73,2025.0,1.0
"Производство компьютеров, электронных и оптических изделий",26,2021.0,53.0
"Производство компьютеров, электронных и оптических изделий",26,2022.0,53.0
"Производство компьютеров, электронных и оптических изделий",26,2023.0,49.0
"Производство компьютеров, электронных и оптических изделий",26,2024.0,47.0
"Производство компьютеров, электронных и оптических изделий",26,2025.0,66.0
Производство элементов электронной аппаратуры и печатных схем (плат),26.1,2021.0,5.0
Производство элементов электронной аппаратуры и печатных схем (плат),26.1,2022.0,13.0
Производство элементов электронной аппаратуры и печатных схем (плат),26.1,2023.0,7.0
Производство элементов электронной аппаратуры и печатных схем (плат),26.1,2024.0,6.0
Производство элементов электронной аппаратуры и печатных схем (плат),26.1,2025.0,5.0
Производство элементов электронной аппаратуры,26.11,2021.0,5.0
Производство элементов электронной аппаратуры,26.11,2022.0,9.0
Производство элементов электронной аппаратуры,26.11,2023.0,6.0
Производство элементов электронной аппаратуры,26.11,2024.0,5.0
Производство элементов электронной аппаратуры,26.11,2025.0,4.0
Производство электронных вакуумных ламп и трубок и прочих электронных вакуумных приборов,26.11.1,2021.0,1.0
Производство электронных вакуумных ламп и трубок и прочих электронных вакуумных приборов,26.11.1,2022.0,2.0
Производство электронных вакуумных ламп и трубок и прочих электронных вакуумных приборов,26.11.1,2024.0,1.0
Производство электронных вакуумных ламп и трубок и прочих электронных вакуумных приборов,26.11.1,2025.0,1.0
"Производство диодов, транзисторов и прочих полупроводниковых приборов, включая светоизлучающие диоды, пьезоэлектрические приборы и их части",26.11.2,2021.0,3.0
"Производство диодов, транзисторов и прочих полупроводниковых приборов, включая светоизлучающие диоды, пьезоэлектрические приборы и их части",26.11.2,2022.0,1.0
"Производство диодов, транзисторов и прочих полупроводниковых приборов, включая светоизлучающие диоды, пьезоэлектрические приборы и их части",26.11.2,2023.0,2.0
"Производство диодов, транзисторов и прочих полупроводниковых приборов, включая светоизлучающие диоды, пьезоэлектрические приборы и их части",26.11.2,2024.0,2.0
"Производство диодов, транзисторов и прочих полупроводниковых приборов, включая светоизлучающие диоды, пьезоэлектрические приборы и их части",26.11.2,2025.0,2.0
Производство интегральных электронных схем,26.11.3,2021.0,1.0
Производство интегральных электронных схем,26.11.3,2022.0,1.0
Производство интегральных электронных схем,26.11.3,2023.0,1.0
"Производство частей электронных ламп, трубок и прочих электронных компонентов, не включенных в другие группировки",26.11.9,2022.0,3.0
"Производство частей электронных ламп, трубок и прочих электронных компонентов, не включенных в другие группировки",26.11.9,2023.0,1.0
"Производство частей электронных ламп, трубок и прочих электронных компонентов, не включенных в другие группировки",26.11.9,2024.0,1.0
"Производство частей электронных ламп, трубок и прочих электронных компонентов, не включенных в другие группировки",26.11.9,2025.0,1.0
Производство электронных печатных плат,26.12,2022.0,4.0
Производство электронных печатных плат,26.12,2023.0,1.0
Производство электронных печатных плат,26.12,2024.0,1.0
Производство электронных печатных плат,26.12,2025.0,1.0
Производство компьютеров и периферийного оборудования,26.20,2021.0,7.0
Производство компьютеров и периферийного оборудования,26.20,2022.0,8.0
Производство компьютеров и периферийного оборудования,26.20,2023.0,5.0
Производство компьютеров и периферийного оборудования,26.20,2024.0,7.0
Производство компьютеров и периферийного оборудования,26.20,2025.0,12.0
"Производство устройств автоматической обработки данных, информационных и телекоммуникационных систем",26.20.04.АГ,2021.0,1.0
"Производство устройств автоматической обработки данных, информационных и телекоммуникационных систем",26.20.04.АГ,2022.0,5.0
"Производство устройств автоматической обработки данных, информационных и телекоммуникационных систем",26.20.04.АГ,2023.0,1.0
"Производство устройств автоматической обработки данных, информационных и телекоммуникационных систем",26.20.04.АГ,2024.0,1.0
"Производство устройств автоматической обработки данных, информационных и телекоммуникационных систем",26.20.04.АГ,2025.0,3.0
Производство компьютеров,26.20.1,2021.0,4.0
Производство компьютеров,26.20.1,2022.0,2.0
Производство компьютеров,26.20.1,2023.0,2.0
Производство компьютеров,26.20.1,2024.0,2.0
Производство компьютеров,26.20.1,2025.0,6.0
Производство периферийного оборудования,26.20.2,2024.0,1.0
Производство периферийного оборудования,26.20.2,2025.0,3.0
Производство коммуникационного оборудования,26.30,2021.0,15.0
Производство коммуникационного оборудования,26.30,2022.0,10.0
Производство коммуникационного оборудования,26.30,2023.0,7.0
Производство коммуникационного оборудования,26.30,2024.0,12.0
Производство коммуникационного оборудования,26.30,2025.0,15.0
"Производство прочего коммуникационного оборудования, не включенного в другие группировки",26.30.01.АГ,2024.0,2.0
"Производство прочего коммуникационного оборудования, не включенного в другие группировки",26.30.01.АГ,2025.0,2.0
"Производство коммуникационной аппаратуры, радио- и телевизионной передающей аппаратуры, телевизионных камер",26.30.1,2021.0,12.0
"Производство коммуникационной аппаратуры, радио- и телевизионной передающей аппаратуры, телевизионных камер",26.30.1,2022.0,8.0
"Производство коммуникационной аппаратуры, радио- и телевизионной передающей аппаратуры, телевизионных камер",26.30.1,2023.0,6.0
"Производство коммуникационной аппаратуры, радио- и телевизионной передающей аппаратуры, телевизионных камер",26.30.1,2024.0,8.0
"Производство коммуникационной аппаратуры, радио- и телевизионной передающей аппаратуры, телевизионных камер",26.30.1,2025.0,10.0
"Производство средств связи, выполняющих функцию систем коммутации",26.30.11,2021.0,5.0
"Производство средств связи, выполняющих функцию систем коммутации",26.30.11,2022.0,1.0
"Производство средств связи, выполняющих функцию систем коммутации",26.30.11,2023.0,1.0
"Производство средств связи, выполняющих функцию систем коммутации",26.30.11,2024.0,1.0
"Производство средств связи, выполняющих функцию систем коммутации",26.30.11,2025.0,2.0
"Производство оборудования средств связи, в том числе программное обеспечение, обеспечивающее выполнение установленных действий при проведении оперативно-розыскных мероприятий",26.30.16,2024.0,1.0
"Производство оборудования средств связи, в том числе программное обеспечение, обеспечивающее выполнение установленных действий при проведении оперативно-розыскных мероприятий",26.30.16,2025.0,1.0
Производство радио- и телевизионной передающей аппаратуры,26.30.17,2021.0,6.0
Производство радио- и телевизионной передающей аппаратуры,26.30.17,2022.0,7.0
Производство радио- и телевизионной передающей аппаратуры,26.30.17,2023.0,3.0
Производство радио- и телевизионной передающей аппаратуры,26.30.17,2024.0,2.0
Производство радио- и телевизионной передающей аппаратуры,26.30.17,2025.0,3.0
Производство прочего коммуникационного оборудования,26.30.19,2021.0,1.0
Производство прочего коммуникационного оборудования,26.30.19,2023.0,2.0
Производство прочего коммуникационного оборудования,26.30.19,2024.0,2.0
Производство прочего коммуникационного оборудования,26.30.19,2025.0,2.0
"Производство антенн, антенных отражателей всех видов и их деталей",26.30.4,2021.0,2.0
"Производство антенн, антенных отражателей всех видов и их деталей",26.30.4,2022.0,1.0
"Производство антенн, антенных отражателей всех видов и их деталей",26.30.4,2023.0,1.0
Производство запасных частей и комплектующих радио- и телевизионной передающей аппаратуры и телевизионных камер,26.30.5,2021.0,1.0
Производство охранно-пожарной сигнализации и аналогичных приборов,26.30.6,2022.0,1.0
Производство охранно-пожарной сигнализации и аналогичных приборов,26.30.6,2024.0,3.0
Производство охранно-пожарной сигнализации и аналогичных приборов,26.30.6,2025.0,4.0
Производство бытовой электроники,26.40,2021.0,4.0
Производство бытовой электроники,26.40,2022.0,5.0
Производство бытовой электроники,26.40,2023.0,2.0
Производство бытовой электроники,26.40,2024.0,2.0
Производство бытовой электроники,26.40,2025.0,3.0
"Производство телевизионных приемников, включая видеомониторы и видеопроекторы",26.40.2,2021.0,3.0
"Производство телевизионных приемников, включая видеомониторы и видеопроекторы",26.40.2,2022.0,2.0
"Производство телевизионных приемников, включая видеомониторы и видеопроекторы",26.40.2,2023.0,2.0
"Производство телевизионных приемников, включая видеомониторы и видеопроекторы",26.40.2,2024.0,1.0
"Производство телевизионных приемников, включая видеомониторы и видеопроекторы",26.40.2,2025.0,2.0
Производство телевизоров жидкокристаллических и плазменных,26.40.22,2021.0,3.0
Производство телевизоров жидкокристаллических и плазменных,26.40.22,2022.0,2.0
Производство телевизоров жидкокристаллических и плазменных,26.40.22,2023.0,1.0
Производство телевизоров жидкокристаллических и плазменных,26.40.22,2025.0,1.0
Производство видеомониторов и видеопроекторов,26.40.23,2023.0,1.0
Производство видеомониторов и видеопроекторов,26.40.23,2024.0,1.0
Производство видеомониторов и видеопроекторов,26.40.23,2025.0,1.0
Производство аппаратуры для записи и воспроизведения звука и изображения,26.40.3,2021.0,1.0
Производство аппаратуры для записи и воспроизведения звука и изображения,26.40.3,2022.0,2.0
Производство электроакустической аппаратуры,26.40.4,2022.0,1.0
Производство контрольно-измерительных и навигационных приборов и аппаратов; производство часов,26.5,2021.0,19.0
Производство контрольно-измерительных и навигационных приборов и аппаратов; производство часов,26.5,2022.0,15.0
Производство контрольно-измерительных и навигационных приборов и аппаратов; производство часов,26.5,2023.0,25.0
Производство контрольно-измерительных и навигационных приборов и аппаратов; производство часов,26.5,2024.0,16.0
Производство контрольно-измерительных и навигационных приборов и аппаратов; производство часов,26.5,2025.0,25.0
"Производство инструментов и приборов для измерения, тестирования и навигации",26.51,2021.0,19.0
"Производство инструментов и приборов для измерения, тестирования и навигации",26.51,2022.0,15.0
"Производство инструментов и приборов для измерения, тестирования и навигации",26.51,2023.0,25.0
"Производство инструментов и приборов для измерения, тестирования и навигации",26.51,2024.0,16.0
"Производство инструментов и приборов для измерения, тестирования и навигации",26.51,2025.0,25.0
"Производство прочих инструментов и приборов для измерения, тестирования и навигации",26.51.02.АГ,2021.0,5.0
"Производство прочих инструментов и приборов для измерения, тестирования и навигации",26.51.02.АГ,2022.0,8.0
"Производство прочих инструментов и приборов для измерения, тестирования и навигации",26.51.02.АГ,2023.0,17.0
"Производство прочих инструментов и приборов для измерения, тестирования и навигации",26.51.02.АГ,2024.0,9.0
"Производство прочих инструментов и приборов для измерения, тестирования и навигации",26.51.02.АГ,2025.0,14.0
"Производство навигационных, метеорологических, геодезических, геофизических и аналогичного типа приборов, аппаратуры и инструментов",26.51.1,2021.0,4.0
"Производство навигационных, метеорологических, геодезических, геофизических и аналогичного типа приборов, аппаратуры и инструментов",26.51.1,2022.0,2.0
"Производство навигационных, метеорологических, геодезических, геофизических и аналогичного типа приборов, аппаратуры и инструментов",26.51.1,2023.0,4.0
"Производство навигационных, метеорологических, геодезических, геофизических и аналогичного типа приборов, аппаратуры и инструментов",26.51.1,2024.0,1.0
"Производство навигационных, метеорологических, геодезических, геофизических и аналогичного типа приборов, аппаратуры и инструментов",26.51.1,2025.0,3.0
Производство приборов и аппаратуры для измерения электрических величин или ионизирующих излучений,26.51.4,2021.0,1.0
Производство приборов и аппаратуры для измерения электрических величин или ионизирующих излучений,26.51.4,2022.0,2.0
Производство приборов и аппаратуры для измерения электрических величин или ионизирующих излучений,26.51.4,2023.0,1.0
Производство приборов и аппаратуры для измерения электрических величин или ионизирующих излучений,26.51.4,2024.0,1.0
Производство приборов и аппаратуры для измерения электрических величин или ионизирующих излучений,26.51.4,2025.0,1.0
Производство приборов для контроля прочих физических величин,26.51.5,2021.0,2.0
Производство приборов для контроля прочих физических величин,26.51.5,2022.0,1.0
Производство приборов для контроля прочих физических величин,26.51.5,2023.0,1.0
Производство приборов для контроля прочих физических величин,26.51.5,2024.0,2.0
Производство приборов для контроля прочих физических величин,26.51.5,2025.0,3.0
"Производство прочих приборов, датчиков, аппаратуры и инструментов для измерения, контроля и испытаний",26.51.6,2021.0,4.0
"Производство прочих приборов, датчиков, аппаратуры и инструментов для измерения, контроля и испытаний",26.51.6,2022.0,2.0
"Производство прочих приборов, датчиков, аппаратуры и инструментов для измерения, контроля и испытаний",26.51.6,2023.0,2.0
"Производство прочих приборов, датчиков, аппаратуры и инструментов для измерения, контроля и испытаний",26.51.6,2024.0,2.0
"Производство прочих приборов, датчиков, аппаратуры и инструментов для измерения, контроля и испытаний",26.51.6,2025.0,3.0
"Производство облучающего и электротерапевтического оборудования, применяемого в медицинских целях",26.60,2021.0,3.0
"Производство облучающего и электротерапевтического оборудования, применяемого в медицинских целях",26.60,2022.0,2.0
"Производство облучающего и электротерапевтического оборудования, применяемого в медицинских целях",26.60,2023.0,2.0
"Производство облучающего и электротерапевтического оборудования, применяемого в медицинских целях",26.60,2024.0,2.0
"Производство облучающего и электротерапевтического оборудования, применяемого в медицинских целях",26.60,2025.0,4.0
"Производство аппаратов, применяемых в медицинских целях, основанных на использовании рентгеновского, альфа-, бета- и гамма-излучений",26.60.1,2021.0,1.0
"Производство аппаратов, применяемых в медицинских целях, основанных на использовании рентгеновского, альфа-, бета- и гамма-излучений",26.60.1,2025.0,1.0
"Производство диагностического и терапевтического оборудования, применяемого в медицинских целях",26.60.5,2021.0,2.0
"Производство диагностического и терапевтического оборудования, применяемого в медицинских целях",26.60.5,2022.0,2.0
"Производство диагностического и терапевтического оборудования, применяемого в медицинских целях",26.60.5,2023.0,2.0
"Производство диагностического и терапевтического оборудования, применяемого в медицинских целях",26.60.5,2024.0,2.0
"Производство диагностического и терапевтического оборудования, применяемого в медицинских целях",26.60.5,2025.0,2.0
"Производство оптических приборов, фото- и кинооборудования",26.70,2023.0,1.0
"Производство оптических приборов, фото- и кинооборудования",26.70,2024.0,2.0
"Производство оптических приборов, фото- и кинооборудования",26.70,2025.0,2.0
Производство оптических систем обнаружения оружия,26.70.3,2023.0,1.0
Производство оптических систем обнаружения оружия,26.70.3,2024.0,1.0
Производство оптических систем обнаружения оружия,26.70.3,2025.0,1.0
Производство оптических прицелов и приборов определения координат целей,26.70.6,2024.0,1.0
Производство оптических прицелов и приборов определения координат целей,26.70.6,2025.0,1.0
Производство электрического оборудования,27,2021.0,20.0
Производство электрического оборудования,27,2022.0,50.0
Производство электрического оборудования,27,2023.0,32.0
Производство электрического оборудования,27,2024.0,30.0
Производство электрического оборудования,27,2025.0,34.0
"Производство электродвигателей, генераторов, трансформаторов и распределительных устройств, а также контрольно-измерительной аппаратуры",27.1,2021.0,7.0
"Производство электродвигателей, генераторов, трансформаторов и распределительных устройств, а также контрольно-измерительной аппаратуры",27.1,2022.0,15.0
"Производство электродвигателей, генераторов, трансформаторов и распределительных устройств, а также контрольно-измерительной аппаратуры",27.1,2023.0,16.0
"Производство электродвигателей, генераторов, трансформаторов и распределительных устройств, а также контрольно-измерительной аппаратуры",27.1,2024.0,15.0
"Производство электродвигателей, генераторов, трансформаторов и распределительных устройств, а также контрольно-измерительной аппаратуры",27.1,2025.0,19.0
"Производство электродвигателей, электрогенераторов и трансформаторов",27.11,2021.0,2.0
"Производство электродвигателей, электрогенераторов и трансформаторов",27.11,2022.0,6.0
"Производство электродвигателей, электрогенераторов и трансформаторов",27.11,2023.0,3.0
"Производство электродвигателей, электрогенераторов и трансформаторов",27.11,2024.0,5.0
"Производство электродвигателей, электрогенераторов и трансформаторов",27.11,2025.0,7.0
"Производство электродвигателей, генераторов и трансформаторов, кроме ремонта",27.11.1,2021.0,2.0
"Производство электродвигателей, генераторов и трансформаторов, кроме ремонта",27.11.1,2022.0,6.0
"Производство электродвигателей, генераторов и трансформаторов, кроме ремонта",27.11.1,2023.0,3.0
"Производство электродвигателей, генераторов и трансформаторов, кроме ремонта",27.11.1,2024.0,5.0
"Производство электродвигателей, генераторов и трансформаторов, кроме ремонта",27.11.1,2025.0,7.0
Производство электродвигателей,27.11.11,2021.0,1.0
Производство электродвигателей,27.11.11,2022.0,3.0
Производство электродвигателей,27.11.11,2023.0,3.0
Производство электродвигателей,27.11.11,2024.0,2.0
Производство электродвигателей,27.11.11,2025.0,5.0
Производство генераторов,27.11.12,2024.0,1.0
Производство трансформаторов,27.11.13,2021.0,1.0
Производство трансформаторов,27.11.13,2022.0,2.0
Производство трансформаторов,27.11.13,2024.0,1.0
Производство трансформаторов,27.11.13,2025.0,1.0
Производство электрической распределительной и регулирующей аппаратуры,27.12,2021.0,5.0
Производство электрической распределительной и регулирующей аппаратуры,27.12,2022.0,9.0
Производство электрической распределительной и регулирующей аппаратуры,27.12,2023.0,13.0
Производство электрической распределительной и регулирующей аппаратуры,27.12,2024.0,10.0
Производство электрической распределительной и регулирующей аппаратуры,27.12,2025.0,12.0
Производство электрических аккумуляторов и аккумуляторных батарей,27.20,2021.0,1.0
Производство электрических аккумуляторов и аккумуляторных батарей,27.20,2022.0,3.0
Производство электрических аккумуляторов и аккумуляторных батарей,27.20,2024.0,1.0
Производство электрических аккумуляторов и аккумуляторных батарей,27.20,2025.0,1.0
"Производство аккумуляторов, в том числе для автомобилей, аккумуляторных батарей и их составных частей",27.20.2,2021.0,1.0
"Производство аккумуляторов, в том числе для автомобилей, аккумуляторных батарей и их составных частей",27.20.2,2022.0,1.0
Производство аккумуляторов для автомобилей,27.20.21,2021.0,1.0
Производство аккумуляторов для автомобилей,27.20.21,2022.0,1.0
Производство кабелей и кабельной арматуры,27.3,2021.0,4.0
Производство кабелей и кабельной арматуры,27.3,2022.0,6.0
Производство кабелей и кабельной арматуры,27.3,2023.0,3.0
Производство кабелей и кабельной арматуры,27.3,2024.0,4.0
Производство кабелей и кабельной арматуры,27.3,2025.0,6.0
Производство волоконно-оптических кабелей,27.31,2021.0,1.0
Производство волоконно-оптических кабелей,27.31,2024.0,1.0
Производство волоконно-оптических кабелей,27.31,2025.0,1.0
Производство прочих проводов и кабелей для электронного и электрического оборудования,27.32,2021.0,3.0
Производство прочих проводов и кабелей для электронного и электрического оборудования,27.32,2022.0,6.0
Производство прочих проводов и кабелей для электронного и электрического оборудования,27.32,2023.0,3.0
Производство прочих проводов и кабелей для электронного и электрического оборудования,27.32,2024.0,3.0
Производство прочих проводов и кабелей для электронного и электрического оборудования,27.32,2025.0,1.0
Производство кабелей для телефонной связи,27.32.1,2023.0,1.0
Производство силовых кабелей,27.32.2,2021.0,1.0
Производство силовых кабелей,27.32.2,2022.0,6.0
Производство силовых кабелей,27.32.2,2023.0,2.0
Производство силовых кабелей,27.32.2,2024.0,1.0
Производство обмоточных эмалированных кабелей,27.32.3,2024.0,1.0
Производство обмоточных эмалированных кабелей,27.32.3,2025.0,1.0
Производство электроустановочных изделий,27.33,2025.0,4.0
Производство электрических ламп и осветительного оборудования,27.40,2021.0,2.0
Производство электрических ламп и осветительного оборудования,27.40,2022.0,12.0
Производство электрических ламп и осветительного оборудования,27.40,2023.0,2.0
Производство электрических ламп и осветительного оборудования,27.40,2024.0,2.0
Производство электрических ламп и осветительного оборудования,27.40,2025.0,1.0
Производство бытовых приборов,27.5,2021.0,1.0
Производство бытовых приборов,27.5,2022.0,7.0
Производство бытовых приборов,27.5,2023.0,3.0
Производство бытовых приборов,27.5,2024.0,2.0
Производство бытовых приборов,27.5,2025.0,3.0
Производство бытовых электрических приборов,27.51,2021.0,1.0
Производство бытовых электрических приборов,27.51,2022.0,5.0
Производство бытовых электрических приборов,27.51,2023.0,3.0
Производство бытовых электрических приборов,27.51,2024.0,2.0
Производство бытовых электрических приборов,27.51,2025.0,3.0
Производство стиральных машин,27.51.1,2022.0,1.0
Производство стиральных машин,27.51.1,2023.0,2.0
Производство бытовых неэлектрических приборов,27.52,2022.0,2.0
Производство прочего электрического оборудования,27.90,2021.0,5.0
Производство прочего электрического оборудования,27.90,2022.0,7.0
Производство прочего электрического оборудования,27.90,2023.0,8.0
Производство прочего электрического оборудования,27.90,2024.0,6.0
Производство прочего электрического оборудования,27.90,2025.0,4.0
"Производство электрического оборудования прочего, не включенного в другие группировки",27.90.9,2021.0,4.0
"Производство электрического оборудования прочего, не включенного в другие группировки",27.90.9,2022.0,6.0
"Производство электрического оборудования прочего, не включенного в другие группировки",27.90.9,2023.0,7.0
"Производство электрического оборудования прочего, не включенного в другие группировки",27.90.9,2024.0,6.0
"Производство электрического оборудования прочего, не включенного в другие группировки",27.90.9,2025.0,4.0
"Производство машин и оборудования, не включенных в другие группировки",28,2021.0,42.0
"Производство машин и оборудования, не включенных в другие группировки",28,2022.0,62.0
"Производство машин и оборудования, не включенных в другие группировки",28,2023.0,46.0
"Производство машин и оборудования, не включенных в другие группировки",28,2024.0,28.0
"Производство машин и оборудования, не включенных в другие группировки",28,2025.0,32.0
Производство машин и оборудования общего назначения,28.1,2021.0,7.0
Производство машин и оборудования общего назначения,28.1,2022.0,18.0
Производство машин и оборудования общего назначения,28.1,2023.0,12.0
Производство машин и оборудования общего назначения,28.1,2024.0,3.0
Производство машин и оборудования общего назначения,28.1,2025.0,6.0
"Производство двигателей и турбин, кроме авиационных, автомобильных и мотоциклетных двигателей",28.11,2021.0,2.0
"Производство двигателей и турбин, кроме авиационных, автомобильных и мотоциклетных двигателей",28.11,2022.0,4.0
"Производство двигателей и турбин, кроме авиационных, автомобильных и мотоциклетных двигателей",28.11,2023.0,2.0
"Производство двигателей и турбин, кроме авиационных, автомобильных и мотоциклетных двигателей",28.11,2024.0,1.0
"Производство двигателей и турбин, кроме авиационных, автомобильных и мотоциклетных двигателей",28.11,2025.0,1.0
"Производство двигателей, кроме авиационных, автомобильных и мотоциклетных",28.11.1,2022.0,1.0
"Производство двигателей, кроме авиационных, автомобильных и мотоциклетных",28.11.1,2023.0,1.0
Производство турбин,28.11.2,2021.0,2.0
Производство турбин,28.11.2,2022.0,2.0
Производство турбин,28.11.2,2023.0,1.0
Производство турбин,28.11.2,2024.0,1.0
Производство турбин,28.11.2,2025.0,1.0
"Производство газовых турбин, кроме турбореактивных и турбовинтовых",28.11.23,2022.0,1.0
Производство гидравлического и пневматического силового оборудования,28.12,2022.0,2.0
Производство гидравлического и пневматического силового оборудования,28.12,2023.0,3.0
Производство гидравлического и пневматического силового оборудования,28.12,2025.0,2.0
Производство гидравлических и пневматических силовых установок и двигателей,28.12.1,2022.0,2.0
Производство гидравлических и пневматических силовых установок и двигателей,28.12.1,2023.0,3.0
Производство гидравлических и пневматических силовых установок и двигателей,28.12.1,2025.0,2.0
Производство прочих насосов и компрессоров,28.13,2021.0,1.0
Производство прочих насосов и компрессоров,28.13,2022.0,4.0
Производство прочих насосов и компрессоров,28.13,2023.0,2.0
Производство прочих насосов и компрессоров,28.13,2024.0,1.0
Производство прочих насосов и компрессоров,28.13,2025.0,1.0
Производство арматуры трубопроводной (арматуры),28.14,2021.0,3.0
Производство арматуры трубопроводной (арматуры),28.14,2022.0,6.0
Производство арматуры трубопроводной (арматуры),28.14,2023.0,4.0
Производство арматуры трубопроводной (арматуры),28.14,2025.0,1.0
"Производство подшипников, зубчатых передач, элементов механических передач и приводов",28.15,2021.0,1.0
"Производство подшипников, зубчатых передач, элементов механических передач и приводов",28.15,2022.0,2.0
"Производство подшипников, зубчатых передач, элементов механических передач и приводов",28.15,2023.0,1.0
"Производство подшипников, зубчатых передач, элементов механических передач и приводов",28.15,2024.0,1.0
"Производство подшипников, зубчатых передач, элементов механических передач и приводов",28.15,2025.0,1.0
Производство шариковых и роликовых подшипников,28.15.1,2022.0,1.0
Производство шариковых и роликовых подшипников,28.15.1,2024.0,1.0
Производство шариковых и роликовых подшипников,28.15.1,2025.0,1.0
"Производство корпусов подшипников и подшипников скольжения, зубчатых колес, зубчатых передач и элементов приводов",28.15.2,2021.0,1.0
"Производство корпусов подшипников и подшипников скольжения, зубчатых колес, зубчатых передач и элементов приводов",28.15.2,2022.0,1.0
"Производство корпусов подшипников и подшипников скольжения, зубчатых колес, зубчатых передач и элементов приводов",28.15.2,2023.0,1.0
Производство прочих машин и оборудования общего назначения,28.2,2021.0,16.0
Производство прочих машин и оборудования общего назначения,28.2,2022.0,19.0
Производство прочих машин и оборудования общего назначения,28.2,2023.0,15.0
Производство прочих машин и оборудования общего назначения,28.2,2024.0,7.0
Производство прочих машин и оборудования общего назначения,28.2,2025.0,10.0
"Производство печей, термокамер и печных горелок",28.21,2021.0,3.0
"Производство печей, термокамер и печных горелок",28.21,2022.0,1.0
"Производство печей, термокамер и печных горелок",28.21,2024.0,1.0
"Производство печей, термокамер и печных горелок",28.21,2025.0,1.0
"Производство неэлектрических печей, горелок и устройств для них",28.21.1,2021.0,2.0
"Производство неэлектрических печей, горелок и устройств для них",28.21.1,2022.0,1.0
Производство электрических печей,28.21.2,2024.0,1.0
Производство электрических печей,28.21.2,2025.0,1.0
Производство подъемно-транспортного оборудования,28.22,2021.0,6.0
Производство подъемно-транспортного оборудования,28.22,2022.0,3.0
Производство подъемно-транспортного оборудования,28.22,2023.0,3.0
Производство подъемно-транспортного оборудования,28.22,2024.0,2.0
Производство подъемно-транспортного оборудования,28.22,2025.0,1.0
Производство талей и подъемников,28.22.1,2023.0,1.0
Производство подъемных кранов,28.22.4,2021.0,5.0
Производство подъемных кранов,28.22.4,2022.0,2.0
Производство подъемных кранов,28.22.4,2023.0,2.0
Производство подъемных кранов,28.22.4,2024.0,1.0
Производство прочих подъемных кранов,28.22.42,2021.0,5.0
Производство прочих подъемных кранов,28.22.42,2022.0,2.0
Производство прочих подъемных кранов,28.22.42,2023.0,2.0
Производство прочих подъемных кранов,28.22.42,2024.0,1.0
"Производство лифтов, скриповых подъемников, эскалаторов и движущихся пешеходных дорожек",28.22.6,2021.0,1.0
"Производство лифтов, скриповых подъемников, эскалаторов и движущихся пешеходных дорожек",28.22.6,2022.0,1.0
"Производство прочего грузоподъемного, транспортирующего и погрузочно-разгрузочного оборудования",28.22.9,2024.0,1.0
Производство офисной техники и оборудования (кроме компьютеров и периферийного оборудования),28.23,2025.0,1.0
"Производство фотокопировальных машин, офисных машин для офсетной печати и прочих офисных машин и оборудования и их составных частей",28.23.2,2025.0,1.0
Производство промышленного холодильного и вентиляционного оборудования,28.25,2021.0,4.0
Производство промышленного холодильного и вентиляционного оборудования,28.25,2022.0,11.0
Производство промышленного холодильного и вентиляционного оборудования,28.25,2023.0,6.0
Производство промышленного холодильного и вентиляционного оборудования,28.25,2024.0,1.0
Производство промышленного холодильного и вентиляционного оборудования,28.25,2025.0,3.0
"Производство теплообменных устройств, оборудования для кондиционирования воздуха промышленного холодильного и морозильного оборудования, производство оборудования для фильтрования и очистки газов",28.25.1,2021.0,3.0
"Производство теплообменных устройств, оборудования для кондиционирования воздуха промышленного холодильного и морозильного оборудования, производство оборудования для фильтрования и очистки газов",28.25.1,2022.0,10.0
"Производство теплообменных устройств, оборудования для кондиционирования воздуха промышленного холодильного и морозильного оборудования, производство оборудования для фильтрования и очистки газов",28.25.1,2023.0,4.0
"Производство теплообменных устройств, оборудования для кондиционирования воздуха промышленного холодильного и морозильного оборудования, производство оборудования для фильтрования и очистки газов",28.25.1,2024.0,1.0
"Производство теплообменных устройств, оборудования для кондиционирования воздуха промышленного холодильного и морозильного оборудования, производство оборудования для фильтрования и очистки газов",28.25.1,2025.0,2.0
Производство теплообменных устройств и машин для сжижения воздуха или прочих газов,28.25.11,2021.0,1.0
Производство теплообменных устройств и машин для сжижения воздуха или прочих газов,28.25.11,2022.0,4.0
Производство теплообменных устройств и машин для сжижения воздуха или прочих газов,28.25.11,2023.0,1.0
Производство теплообменных устройств и машин для сжижения воздуха или прочих газов,28.25.11,2024.0,1.0
Производство оборудования для кондиционирования воздуха,28.25.12,2021.0,1.0
Производство оборудования для кондиционирования воздуха,28.25.12,2022.0,4.0
Производство оборудования для кондиционирования воздуха,28.25.12,2023.0,2.0
Производство промышленного холодильного и морозильного оборудования,28.25.13,2023.0,1.0
Производство оборудования для фильтрования и очистки газов,28.25.14,2022.0,2.0
Производство оборудования для фильтрования и очистки газов,28.25.14,2025.0,2.0
Производство вентиляторов,28.25.2,2021.0,1.0
Производство вентиляторов,28.25.2,2022.0,1.0
Производство вентиляторов,28.25.2,2023.0,1.0
Производство вентиляторов,28.25.2,2025.0,1.0
"Производство прочих машин и оборудования общего назначения, не включенного в другие группировки",28.29,2021.0,3.0
"Производство прочих машин и оборудования общего назначения, не включенного в другие группировки",28.29,2022.0,4.0
"Производство прочих машин и оборудования общего назначения, не включенного в другие группировки",28.29,2023.0,6.0
"Производство прочих машин и оборудования общего назначения, не включенного в другие группировки",28.29,2024.0,3.0
"Производство прочих машин и оборудования общего назначения, не включенного в другие группировки",28.29,2025.0,4.0
"Производство газогенераторов, аппаратов для дистилляции и фильтрования",28.29.1,2022.0,1.0
"Производство газогенераторов, аппаратов для дистилляции и фильтрования",28.29.1,2023.0,2.0
Производство оборудования и установок для фильтрования или очистки жидкостей,28.29.12,2022.0,1.0
Производство оборудования и установок для фильтрования или очистки жидкостей,28.29.12,2023.0,2.0
"Производство промышленного, бытового и прочего оборудования для взвешивания и дозировки",28.29.3,2021.0,2.0
"Производство промышленного, бытового и прочего оборудования для взвешивания и дозировки",28.29.3,2022.0,2.0
"Производство промышленного, бытового и прочего оборудования для взвешивания и дозировки",28.29.3,2023.0,2.0
Производство промышленного оборудования для взвешивания и дозировки,28.29.31,2021.0,1.0
Производство промышленного оборудования для взвешивания и дозировки,28.29.31,2022.0,2.0
Производство промышленного оборудования для взвешивания и дозировки,28.29.31,2023.0,2.0
"Производство оборудования для обработки материалов с использованием процессов, включающих изменение температуры, не включенного в другие группировки",28.29.6,2021.0,1.0
"Производство оборудования для обработки материалов с использованием процессов, включающих изменение температуры, не включенного в другие группировки",28.29.6,2022.0,1.0
"Производство оборудования для обработки материалов с использованием процессов, включающих изменение температуры, не включенного в другие группировки",28.29.6,2023.0,1.0
"Производство оборудования для обработки материалов с использованием процессов, включающих изменение температуры, не включенного в другие группировки",28.29.6,2024.0,1.0
"Производство оборудования для обработки материалов с использованием процессов, включающих изменение температуры, не включенного в другие группировки",28.29.6,2025.0,3.0
Производство машин и оборудования для сельского и лесного хозяйства,28.30,2021.0,3.0
Производство машин и оборудования для сельского и лесного хозяйства,28.30,2022.0,7.0
Производство машин и оборудования для сельского и лесного хозяйства,28.30,2023.0,4.0
Производство машин и оборудования для сельского и лесного хозяйства,28.30,2024.0,4.0
Производство машин и оборудования для сельского и лесного хозяйства,28.30,2025.0,4.0
Производство тракторов для сельского хозяйства,28.30.2,2022.0,1.0
Производство колесных тракторов для сельского хозяйства,28.30.21,2022.0,1.0
Производство машин и сельскохозяйственного оборудования для обработки почвы,28.30.3,2021.0,2.0
Производство машин и сельскохозяйственного оборудования для обработки почвы,28.30.3,2022.0,3.0
Производство машин и сельскохозяйственного оборудования для обработки почвы,28.30.3,2023.0,1.0
Производство машин и сельскохозяйственного оборудования для обработки почвы,28.30.3,2024.0,3.0
Производство машин и сельскохозяйственного оборудования для обработки почвы,28.30.3,2025.0,2.0
Производство машин для уборки урожая,28.30.5,2024.0,1.0
Производство машин для уборки урожая,28.30.5,2025.0,2.0
Производство зерноуборочных комбайнов,28.30.51,2025.0,1.0
Производство прочих машин для уборки урожая,28.30.59,2024.0,1.0
Производство прочих машин для уборки урожая,28.30.59,2025.0,1.0
Производство прочих машин и оборудования для сельского и лесного хозяйства,28.30.8,2021.0,1.0
Производство прочих машин и оборудования для сельского и лесного хозяйства,28.30.8,2022.0,3.0
Производство прочих машин и оборудования для сельского и лесного хозяйства,28.30.8,2023.0,1.0
Производство машин и оборудования для содержания птицы,28.30.85,2022.0,1.0
Производство машин и оборудования для содержания птицы,28.30.85,2023.0,1.0
"Производство прочих машин и оборудования для сельского хозяйства, садоводства, птицеводства или пчеловодства, не включенных в другие группировки",28.30.89,2021.0,1.0
"Производство прочих машин и оборудования для сельского хозяйства, садоводства, птицеводства или пчеловодства, не включенных в другие группировки",28.30.89,2022.0,2.0
"Производство станков, машин и оборудования для обработки металлов и прочих твердых материалов",28.4,2022.0,2.0
"Производство станков, машин и оборудования для обработки металлов и прочих твердых материалов",28.4,2023.0,1.0
"Производство станков, машин и оборудования для обработки металлов и прочих твердых материалов",28.4,2025.0,2.0
Производство металлообрабатывающего оборудования,28.41,2022.0,1.0
Производство металлообрабатывающего оборудования,28.41,2023.0,1.0
Производство металлообрабатывающего оборудования,28.41,2025.0,2.0
Производство металлообрабатывающих станков,28.41.1,2023.0,1.0
Производство кузнечно-прессового оборудования,28.41.2,2022.0,1.0
Производство кузнечно-прессового оборудования,28.41.2,2025.0,1.0
Производство прочих станков,28.49,2022.0,1.0
Производство делительных головок и прочих специальных приспособлений для станков,28.49.4,2022.0,1.0
Производство прочих машин специального назначения,28.9,2021.0,16.0
Производство прочих машин специального назначения,28.9,2022.0,16.0
Производство прочих машин специального назначения,28.9,2023.0,14.0
Производство прочих машин специального назначения,28.9,2024.0,14.0
Производство прочих машин специального назначения,28.9,2025.0,10.0
Производство машин и оборудования для добычи полезных ископаемых и строительства,28.92,2021.0,10.0
Производство машин и оборудования для добычи полезных ископаемых и строительства,28.92,2022.0,9.0
Производство машин и оборудования для добычи полезных ископаемых и строительства,28.92,2023.0,7.0
Производство машин и оборудования для добычи полезных ископаемых и строительства,28.92,2024.0,10.0
Производство машин и оборудования для добычи полезных ископаемых и строительства,28.92,2025.0,6.0
"Производство машин и оборудования для производства пищевых продуктов, напитков и табачных изделий",28.93,2021.0,1.0
"Производство машин и оборудования для производства пищевых продуктов, напитков и табачных изделий",28.93,2022.0,1.0
"Производство машин и оборудования для производства пищевых продуктов, напитков и табачных изделий",28.93,2025.0,1.0
Производство машин и оборудования для изготовления бумаги и картона,28.95,2022.0,1.0
"Производство прочих машин и оборудования специального назначения, не включенных в другие группировки",28.99,2021.0,5.0
"Производство прочих машин и оборудования специального назначения, не включенных в другие группировки",28.99,2022.0,5.0
"Производство прочих машин и оборудования специального назначения, не включенных в другие группировки",28.99,2023.0,7.0
"Производство прочих машин и оборудования специального назначения, не включенных в другие группировки",28.99,2024.0,4.0
"Производство прочих машин и оборудования специального назначения, не включенных в другие группировки",28.99,2025.0,3.0
"Производство прочего оборудования специального назначения, не включенного в другие группировки",28.99.03.АГ,2021.0,5.0
"Производство прочего оборудования специального назначения, не включенного в другие группировки",28.99.03.АГ,2022.0,3.0
"Производство прочего оборудования специального назначения, не включенного в другие группировки",28.99.03.АГ,2023.0,7.0
"Производство прочего оборудования специального назначения, не включенного в другие группировки",28.99.03.АГ,2024.0,4.0
"Производство прочего оборудования специального назначения, не включенного в другие группировки",28.99.03.АГ,2025.0,3.0
"Производство автотранспортных средств, прицепов и полуприцепов",29,2021.0,24.0
"Производство автотранспортных средств, прицепов и полуприцепов",29,2022.0,35.0
"Производство автотранспортных средств, прицепов и полуприцепов",29,2023.0,20.0
"Производство автотранспортных средств, прицепов и полуприцепов",29,2024.0,23.0
"Производство автотранспортных средств, прицепов и полуприцепов",29,2025.0,20.0
Производство автотранспортных средств,29.10,2021.0,5.0
Производство автотранспортных средств,29.10,2022.0,13.0
Производство автотранспортных средств,29.10,2023.0,8.0
Производство автотранспортных средств,29.10,2024.0,13.0
Производство автотранспортных средств,29.10,2025.0,12.0
Производство двигателей внутреннего сгорания автотранспортных средств,29.10.1,2022.0,1.0
Производство двигателей внутреннего сгорания автотранспортных средств,29.10.1,2023.0,1.0
Производство двигателей внутреннего сгорания автотранспортных средств,29.10.1,2024.0,1.0
Производство двигателей внутреннего сгорания автотранспортных средств,29.10.1,2025.0,1.0
Производство двигателей внутреннего сгорания с воспламенением от сжатия,29.10.13,2022.0,1.0
Производство двигателей внутреннего сгорания с воспламенением от сжатия,29.10.13,2023.0,1.0
Производство двигателей внутреннего сгорания с воспламенением от сжатия,29.10.13,2024.0,1.0
Производство двигателей внутреннего сгорания с воспламенением от сжатия,29.10.13,2025.0,1.0
Производство легковых автомобилей,29.10.2,2021.0,1.0
Производство легковых автомобилей,29.10.2,2023.0,1.0
Производство легковых автомобилей,29.10.2,2024.0,2.0
Производство легковых автомобилей,29.10.2,2025.0,3.0
Производство автобусов и троллейбусов,29.10.3,2022.0,2.0
Производство автобусов и троллейбусов,29.10.3,2024.0,6.0
Производство автобусов и троллейбусов,29.10.3,2025.0,6.0
Производство автобусов,29.10.31,2022.0,1.0
Производство автобусов,29.10.31,2024.0,6.0
Производство автобусов,29.10.31,2025.0,1.0
Производство троллейбусов,29.10.32,2022.0,1.0
Производство троллейбусов,29.10.32,2025.0,4.0
Производство грузовых автомобилей,29.10.4,2021.0,1.0
Производство грузовых автомобилей,29.10.4,2022.0,1.0
Производство грузовых автомобилей,29.10.4,2023.0,1.0
Производство грузовых автомобилей,29.10.4,2024.0,2.0
Производство грузовых автомобилей,29.10.4,2025.0,1.0
Производство автомобилей специального назначения,29.10.5,2021.0,2.0
Производство автомобилей специального назначения,29.10.5,2022.0,7.0
Производство автомобилей специального назначения,29.10.5,2023.0,4.0
Производство автомобилей специального назначения,29.10.5,2024.0,2.0
Производство автомобилей специального назначения,29.10.5,2025.0,1.0
Производство кузовов для автотранспортных средств; производство прицепов и полуприцепов,29.20,2021.0,5.0
Производство кузовов для автотранспортных средств; производство прицепов и полуприцепов,29.20,2022.0,4.0
Производство кузовов для автотранспортных средств; производство прицепов и полуприцепов,29.20,2023.0,1.0
Производство кузовов для автотранспортных средств; производство прицепов и полуприцепов,29.20,2025.0,1.0
Производство кузовов для легковых автомобилей,29.20.1,2021.0,1.0
Производство кузовов для грузовых автомобилей,29.20.2,2021.0,2.0
Производство кузовов для грузовых автомобилей,29.20.2,2022.0,1.0
Производство кузовов для грузовых автомобилей,29.20.2,2023.0,1.0
Производство прицепов и полуприцепов,29.20.4,2022.0,1.0
Производство прицепов и полуприцепов,29.20.4,2025.0,1.0
Производство комплектующих и принадлежностей для автотранспортных средств,29.3,2021.0,14.0
Производство комплектующих и принадлежностей для автотранспортных средств,29.3,2022.0,18.0
Производство комплектующих и принадлежностей для автотранспортных средств,29.3,2023.0,11.0
Производство комплектующих и принадлежностей для автотранспортных средств,29.3,2024.0,10.0
Производство комплектующих и принадлежностей для автотранспортных средств,29.3,2025.0,7.0
Производство электрического и электронного оборудования для автотранспортных средств,29.31,2021.0,1.0
Производство электрического и электронного оборудования для автотранспортных средств,29.31,2022.0,2.0
Производство электрического и электронного оборудования для автотранспортных средств,29.31,2023.0,1.0
Производство электрического и электронного оборудования для автотранспортных средств,29.31,2024.0,2.0
Производство электрического и электронного оборудования для автотранспортных средств,29.31,2025.0,2.0
Производство прочих комплектующих и принадлежностей для автотранспортных средств,29.32,2021.0,13.0
Производство прочих комплектующих и принадлежностей для автотранспортных средств,29.32,2022.0,16.0
Производство прочих комплектующих и принадлежностей для автотранспортных средств,29.32,2023.0,10.0
Производство прочих комплектующих и принадлежностей для автотранспортных средств,29.32,2024.0,8.0
Производство прочих комплектующих и принадлежностей для автотранспортных средств,29.32,2025.0,5.0
Производство сидений для автотранспортных средств,29.32.1,2021.0,2.0
Производство сидений для автотранспортных средств,29.32.1,2022.0,1.0
"Производство ремней безопасности, подушек безопасности, их частей и принадлежностей кузовов",29.32.2,2023.0,1.0
"Производство частей и принадлежностей для автотранспортных средств, не включенных в другие группировки",29.32.3,2021.0,11.0
"Производство частей и принадлежностей для автотранспортных средств, не включенных в другие группировки",29.32.3,2022.0,14.0
"Производство частей и принадлежностей для автотранспортных средств, не включенных в другие группировки",29.32.3,2023.0,9.0
"Производство частей и принадлежностей для автотранспортных средств, не включенных в другие группировки",29.32.3,2024.0,8.0
"Производство частей и принадлежностей для автотранспортных средств, не включенных в другие группировки",29.32.3,2025.0,5.0
Производство прочих транспортных средств и оборудования,30,2021.0,18.0
Производство прочих транспортных средств и оборудования,30,2022.0,19.0
Производство прочих транспортных средств и оборудования,30,2023.0,20.0
Производство прочих транспортных средств и оборудования,30,2024.0,14.0
Производство прочих транспортных средств и оборудования,30,2025.0,19.0
"Производство прочих транспортных средств, не включенных в другие группировки",30.01.АГ,2021.0,3.0
"Производство прочих транспортных средств, не включенных в другие группировки",30.01.АГ,2022.0,5.0
"Производство прочих транспортных средств, не включенных в другие группировки",30.01.АГ,2023.0,6.0
"Производство прочих транспортных средств, не включенных в другие группировки",30.01.АГ,2024.0,3.0
"Производство прочих транспортных средств, не включенных в другие группировки",30.01.АГ,2025.0,5.0
Производство железнодорожных локомотивов и подвижного состава,30.20,2021.0,11.0
Производство железнодорожных локомотивов и подвижного состава,30.20,2022.0,8.0
Производство железнодорожных локомотивов и подвижного состава,30.20,2023.0,6.0
Производство железнодорожных локомотивов и подвижного состава,30.20,2024.0,2.0
Производство железнодорожных локомотивов и подвижного состава,30.20,2025.0,4.0
Производство железнодорожных локомотивов,30.20.1,2025.0,1.0
Производство магистральных тепловозов,30.20.12,2025.0,1.0
"Производство моторных железнодорожных, трамвайных вагонов и вагонов метро, автодрезин, кроме транспортных средств для ремонта и технического обслуживания железнодорожных и трамвайных путей",30.20.2,2025.0,1.0
Производство прочего подвижного состава,30.20.3,2021.0,5.0
Производство прочего подвижного состава,30.20.3,2022.0,2.0
Производство прочего подвижного состава,30.20.3,2025.0,1.0
"Производство транспортных средств для ремонта и технического обслуживания железнодорожных, трамвайных и прочих путей",30.20.31,2022.0,1.0
"Производство несамоходных железнодорожных, трамвайных и прочих вагонов для перевозки грузов",30.20.33,2021.0,5.0
"Производство несамоходных железнодорожных, трамвайных и прочих вагонов для перевозки грузов",30.20.33,2022.0,1.0
"Производство несамоходных железнодорожных, трамвайных и прочих вагонов для перевозки грузов",30.20.33,2025.0,1.0
"Производство частей железнодорожных локомотивов, трамвайных и прочих моторных вагонов и подвижного состава; производство путевого оборудования и устройств для железнодорожных, трамвайных и прочих путей, механического и электромеханического оборудования для управления движением",30.20.4,2022.0,1.0
"Производство частей железнодорожных локомотивов, трамвайных и прочих моторных вагонов и подвижного состава; производство путевого оборудования и устройств для железнодорожных, трамвайных и прочих путей, механического и электромеханического оборудования для управления движением",30.20.4,2023.0,1.0
"Предоставление услуг по восстановлению и оснащению (завершению) железнодорожных локомотивов, трамвайных моторных вагонов и прочего подвижного состава",30.20.9,2021.0,5.0
"Предоставление услуг по восстановлению и оснащению (завершению) железнодорожных локомотивов, трамвайных моторных вагонов и прочего подвижного состава",30.20.9,2022.0,5.0
"Предоставление услуг по восстановлению и оснащению (завершению) железнодорожных локомотивов, трамвайных моторных вагонов и прочего подвижного состава",30.20.9,2023.0,5.0
"Предоставление услуг по восстановлению и оснащению (завершению) железнодорожных локомотивов, трамвайных моторных вагонов и прочего подвижного состава",30.20.9,2024.0,2.0
"Предоставление услуг по восстановлению и оснащению (завершению) железнодорожных локомотивов, трамвайных моторных вагонов и прочего подвижного состава",30.20.9,2025.0,1.0
"Производство летательных аппаратов, включая космические, и соответствующего оборудования",30.30,2021.0,4.0
"Производство летательных аппаратов, включая космические, и соответствующего оборудования",30.30,2022.0,5.0
"Производство летательных аппаратов, включая космические, и соответствующего оборудования",30.30,2023.0,7.0
"Производство летательных аппаратов, включая космические, и соответствующего оборудования",30.30,2024.0,8.0
"Производство летательных аппаратов, включая космические, и соответствующего оборудования",30.30,2025.0,9.0
"Производство силовых установок и двигателей для летательных аппаратов, включая космические; наземных тренажеров для летного состава; их частей",30.30.1,2021.0,2.0
"Производство силовых установок и двигателей для летательных аппаратов, включая космические; наземных тренажеров для летного состава; их частей",30.30.1,2022.0,2.0
"Производство силовых установок и двигателей для летательных аппаратов, включая космические; наземных тренажеров для летного состава; их частей",30.30.1,2023.0,3.0
"Производство силовых установок и двигателей для летательных аппаратов, включая космические; наземных тренажеров для летного состава; их частей",30.30.1,2024.0,3.0
"Производство силовых установок и двигателей для летательных аппаратов, включая космические; наземных тренажеров для летного состава; их частей",30.30.1,2025.0,4.0
Производство двигателей летательных аппаратов с искровым зажиганием и их частей,30.30.11,2021.0,1.0
Производство двигателей летательных аппаратов с искровым зажиганием и их частей,30.30.11,2022.0,1.0
Производство двигателей летательных аппаратов с искровым зажиганием и их частей,30.30.11,2024.0,1.0
Производство турбореактивных и турбовинтовых двигателей и их частей,30.30.12,2022.0,1.0
Производство турбореактивных и турбовинтовых двигателей и их частей,30.30.12,2023.0,3.0
Производство турбореактивных и турбовинтовых двигателей и их частей,30.30.12,2024.0,2.0
Производство турбореактивных и турбовинтовых двигателей и их частей,30.30.12,2025.0,4.0
Производство наземных тренажеров для летного состава и их частей,30.30.14,2021.0,1.0
"Производство вертолетов, самолетов и прочих летательных аппаратов",30.30.3,2021.0,2.0
"Производство вертолетов, самолетов и прочих летательных аппаратов",30.30.3,2022.0,1.0
"Производство вертолетов, самолетов и прочих летательных аппаратов",30.30.3,2023.0,2.0
"Производство вертолетов, самолетов и прочих летательных аппаратов",30.30.3,2024.0,1.0
"Производство вертолетов, самолетов и прочих летательных аппаратов",30.30.3,2025.0,2.0
Производство самолетов,30.30.32,2021.0,2.0
Производство самолетов,30.30.32,2022.0,1.0
Производство самолетов,30.30.32,2023.0,2.0
Производство самолетов,30.30.32,2024.0,1.0
Производство самолетов,30.30.32,2025.0,2.0
"Производство космических аппаратов (в том числе спутников), ракет-носителей",30.30.4,2024.0,1.0
Производство частей и принадлежностей летательных и космических аппаратов,30.30.5,2022.0,2.0
Производство частей и принадлежностей летательных и космических аппаратов,30.30.5,2023.0,2.0
Производство частей и принадлежностей летательных и космических аппаратов,30.30.5,2024.0,3.0
Производство частей и принадлежностей летательных и космических аппаратов,30.30.5,2025.0,3.0
"Производство транспортных средств и оборудования, не включенных в другие группировки",30.9,2022.0,1.0
"Производство транспортных средств и оборудования, не включенных в другие группировки",30.9,2023.0,1.0
"Производство транспортных средств и оборудования, не включенных в другие группировки",30.9,2024.0,1.0
"Производство транспортных средств и оборудования, не включенных в другие группировки",30.9,2025.0,1.0
"Производство прочих транспортных средств и оборудования, не включенных в другие группировки",30.99,2022.0,1.0
"Производство прочих транспортных средств и оборудования, не включенных в другие группировки",30.99,2023.0,1.0
"Производство прочих транспортных средств и оборудования, не включенных в другие группировки",30.99,2024.0,1.0
"Производство прочих транспортных средств и оборудования, не включенных в другие группировки",30.99,2025.0,1.0
Производство мебели,31.0,2021.0,8.0
Производство мебели,31.0,2022.0,20.0
Производство мебели,31.0,2023.0,9.0
Производство мебели,31.0,2024.0,7.0
Производство мебели,31.0,2025.0,7.0
Производство мебели для офисов и предприятий торговли,31.01,2021.0,1.0
Производство мебели для офисов и предприятий торговли,31.01,2022.0,6.0
Производство мебели для офисов и предприятий торговли,31.01,2023.0,4.0
Производство мебели для офисов и предприятий торговли,31.01,2024.0,3.0
Производство мебели для офисов и предприятий торговли,31.01,2025.0,3.0
Производство кухонной мебели,31.02,2021.0,2.0
Производство кухонной мебели,31.02,2022.0,3.0
Производство матрасов,31.03,2022.0,3.0
Производство матрасов,31.03,2023.0,1.0
Производство прочей мебели,31.09,2021.0,5.0
Производство прочей мебели,31.09,2022.0,8.0
Производство прочей мебели,31.09,2023.0,4.0
Производство прочей мебели,31.09,2024.0,4.0
Производство прочей мебели,31.09,2025.0,4.0
Производство прочих готовых изделий,32,2021.0,6.0
Производство прочих готовых изделий,32,2022.0,31.0
Производство прочих готовых изделий,32,2023.0,20.0
Производство прочих готовых изделий,32,2024.0,14.0
Производство прочих готовых изделий,32,2025.0,16.0
"Производство ювелирных изделий, бижутерии и подобных товаров",32.1,2021.0,1.0
"Производство ювелирных изделий, бижутерии и подобных товаров",32.1,2022.0,9.0
"Производство ювелирных изделий, бижутерии и подобных товаров",32.1,2023.0,6.0
"Производство ювелирных изделий, бижутерии и подобных товаров",32.1,2024.0,7.0
"Производство ювелирных изделий, бижутерии и подобных товаров",32.1,2025.0,6.0
Производство ювелирных изделий и аналогичных изделий,32.12,2021.0,1.0
Производство ювелирных изделий и аналогичных изделий,32.12,2022.0,9.0
Производство ювелирных изделий и аналогичных изделий,32.12,2023.0,6.0
Производство ювелирных изделий и аналогичных изделий,32.12,2024.0,7.0
Производство ювелирных изделий и аналогичных изделий,32.12,2025.0,6.0
Обработка алмазов,32.12.3,2024.0,1.0
Обработка алмазов,32.12.3,2025.0,1.0
"Производство ювелирных изделий, медалей из драгоценных металлов и драгоценных камней",32.12.5,2022.0,7.0
"Производство ювелирных изделий, медалей из драгоценных металлов и драгоценных камней",32.12.5,2024.0,1.0
"Производство ювелирных изделий, медалей из драгоценных металлов и драгоценных камней",32.12.5,2025.0,1.0
Производство спортивных товаров,32.30,2021.0,1.0
Производство спортивных товаров,32.30,2024.0,1.0
Производство спортивных товаров,32.30,2025.0,1.0
Производство игр и игрушек,32.40,2021.0,1.0
Производство игр и игрушек,32.40,2022.0,1.0
Производство медицинских инструментов и оборудования,32.50,2021.0,2.0
Производство медицинских инструментов и оборудования,32.50,2022.0,16.0
Производство медицинских инструментов и оборудования,32.50,2023.0,9.0
Производство медицинских инструментов и оборудования,32.50,2024.0,2.0
Производство медицинских инструментов и оборудования,32.50,2025.0,3.0
"Производство изделий, не включенных в другие группировки",32.9,2021.0,1.0
"Производство изделий, не включенных в другие группировки",32.9,2022.0,5.0
"Производство изделий, не включенных в другие группировки",32.9,2023.0,5.0
"Производство изделий, не включенных в другие группировки",32.9,2024.0,4.0
"Производство изделий, не включенных в другие группировки",32.9,2025.0,6.0
"Производство прочих готовых изделий, не включенных в другие группировки",32.99,2021.0,1.0
"Производство прочих готовых изделий, не включенных в другие группировки",32.99,2022.0,5.0
"Производство прочих готовых изделий, не включенных в другие группировки",32.99,2023.0,5.0
"Производство прочих готовых изделий, не включенных в другие группировки",32.99,2024.0,4.0
"Производство прочих готовых изделий, не включенных в другие группировки",32.99,2025.0,6.0
Производство головных защитных уборов и прочих средств защиты,32.99.1,2021.0,1.0
Производство головных защитных уборов и прочих средств защиты,32.99.1,2022.0,1.0
Производство головных защитных уборов и прочих средств защиты,32.99.1,2023.0,1.0
Производство головных защитных уборов и прочих средств защиты,32.99.1,2024.0,1.0
Производство головных защитных уборов и прочих средств защиты,32.99.1,2025.0,2.0
Производство изделий народных художественных промыслов,32.99.8,2022.0,2.0
Производство изделий народных художественных промыслов,32.99.8,2023.0,2.0
Производство изделий народных художественных промыслов,32.99.8,2024.0,1.0
Производство изделий народных художественных промыслов,32.99.8,2025.0,1.0
"Производство прочих изделий, не включенных в другие группировки",32.99.9,2022.0,2.0
"Производство прочих изделий, не включенных в другие группировки",32.99.9,2023.0,2.0
"Производство прочих изделий, не включенных в другие группировки",32.99.9,2024.0,2.0
"Производство прочих изделий, не включенных в другие группировки",32.99.9,2025.0,3.0
Ремонт и монтаж машин и оборудования,33,2021.0,56.0
Ремонт и монтаж машин и оборудования,33,2022.0,52.0
Ремонт и монтаж машин и оборудования,33,2023.0,23.0
Ремонт и монтаж машин и оборудования,33,2024.0,33.0
Ремонт и монтаж машин и оборудования,33,2025.0,34.0
"Ремонт и монтаж металлических изделий, машин и оборудования",33.1,2021.0,55.0
"Ремонт и монтаж металлических изделий, машин и оборудования",33.1,2022.0,49.0
"Ремонт и монтаж металлических изделий, машин и оборудования",33.1,2023.0,21.0
"Ремонт и монтаж металлических изделий, машин и оборудования",33.1,2024.0,32.0
"Ремонт и монтаж металлических изделий, машин и оборудования",33.1,2025.0,31.0
Ремонт машин и оборудования,33.12,2021.0,22.0
Ремонт машин и оборудования,33.12,2022.0,14.0
Ремонт машин и оборудования,33.12,2023.0,5.0
Ремонт машин и оборудования,33.12,2024.0,16.0
Ремонт машин и оборудования,33.12,2025.0,17.0
Ремонт электронного и оптического оборудования,33.13,2021.0,3.0
Ремонт электронного и оптического оборудования,33.13,2022.0,4.0
Ремонт электронного и оптического оборудования,33.13,2023.0,1.0
Ремонт электронного и оптического оборудования,33.13,2024.0,1.0
Ремонт электронного и оптического оборудования,33.13,2025.0,2.0
Ремонт электрического оборудования,33.14,2021.0,22.0
Ремонт электрического оборудования,33.14,2022.0,18.0
Ремонт электрического оборудования,33.14,2023.0,2.0
Ремонт электрического оборудования,33.14,2024.0,3.0
Ремонт электрического оборудования,33.14,2025.0,5.0
Ремонт и техническое обслуживание судов и лодок,33.15,2021.0,2.0
Ремонт и техническое обслуживание судов и лодок,33.15,2022.0,5.0
Ремонт и техническое обслуживание судов и лодок,33.15,2023.0,4.0
Ремонт и техническое обслуживание судов и лодок,33.15,2024.0,2.0
Ремонт и техническое обслуживание судов и лодок,33.15,2025.0,1.0
"Ремонт и техническое обслуживание летательных аппаратов, включая космические",33.16,2022.0,4.0
"Ремонт и техническое обслуживание летательных аппаратов, включая космические",33.16,2023.0,1.0
"Ремонт и техническое обслуживание летательных аппаратов, включая космические",33.16,2024.0,3.0
"Ремонт и техническое обслуживание летательных аппаратов, включая космические",33.16,2025.0,1.0
Ремонт и техническое обслуживание прочих транспортных средств и оборудования,33.17,2021.0,5.0
Ремонт и техническое обслуживание прочих транспортных средств и оборудования,33.17,2022.0,4.0
Ремонт и техническое обслуживание прочих транспортных средств и оборудования,33.17,2023.0,7.0
Ремонт и техническое обслуживание прочих транспортных средств и оборудования,33.17,2024.0,6.0
Ремонт и техническое обслуживание прочих транспортных средств и оборудования,33.17,2025.0,4.0
Ремонт прочего оборудования,33.19,2021.0,1.0
Ремонт прочего оборудования,33.19,2023.0,1.0
Ремонт прочего оборудования,33.19,2024.0,1.0
Ремонт прочего оборудования,33.19,2025.0,1.0
Монтаж промышленных машин и оборудования,33.20,2021.0,1.0
Монтаж промышленных машин и оборудования,33.20,2022.0,3.0
Монтаж промышленных машин и оборудования,33.20,2023.0,2.0
Монтаж промышленных машин и оборудования,33.20,2024.0,1.0
Монтаж промышленных машин и оборудования,33.20,2025.0,3.0
"Обеспечение электрической энергией, газом и паром; кондиционирование воздуха",35,2021.0,216.0
"Обеспечение электрической энергией, газом и паром; кондиционирование воздуха",35,2022.0,265.0
"Обеспечение электрической энергией, газом и паром; кондиционирование воздуха",35,2023.0,233.0
"Обеспечение электрической энергией, газом и паром; кондиционирование воздуха",35,2024.0,242.0
"Обеспечение электрической энергией, газом и паром; кондиционирование воздуха",35,2025.0,264.0
"Производство, передача и распределение электроэнергии",35.1,2021.0,133.0
"Производство, передача и распределение электроэнергии",35.1,2022.0,124.0
"Производство, передача и распределение электроэнергии",35.1,2023.0,162.0
"Производство, передача и распределение электроэнергии",35.1,2024.0,150.0
"Производство, передача и распределение электроэнергии",35.1,2025.0,160.0
Производство электроэнергии,35.11,2021.0,32.0
Производство электроэнергии,35.11,2022.0,22.0
Производство электроэнергии,35.11,2023.0,22.0
Производство электроэнергии,35.11,2024.0,34.0
Производство электроэнергии,35.11,2025.0,32.0
"Производство электроэнергии тепловыми электростанциями, в том числе деятельность по обеспечению работоспособности электростанций",35.11.1,2021.0,22.0
"Производство электроэнергии тепловыми электростанциями, в том числе деятельность по обеспечению работоспособности электростанций",35.11.1,2022.0,14.0
"Производство электроэнергии тепловыми электростанциями, в том числе деятельность по обеспечению работоспособности электростанций",35.11.1,2023.0,16.0
"Производство электроэнергии тепловыми электростанциями, в том числе деятельность по обеспечению работоспособности электростанций",35.11.1,2024.0,26.0
"Производство электроэнергии тепловыми электростанциями, в том числе деятельность по обеспечению работоспособности электростанций",35.11.1,2025.0,20.0
"Производство электроэнергии гидроэлектростанциями, в том числе деятельность по обеспечению работоспособности электростанций",35.11.2,2021.0,3.0
"Производство электроэнергии гидроэлектростанциями, в том числе деятельность по обеспечению работоспособности электростанций",35.11.2,2022.0,1.0
"Производство электроэнергии гидроэлектростанциями, в том числе деятельность по обеспечению работоспособности электростанций",35.11.2,2024.0,4.0
"Производство электроэнергии гидроэлектростанциями, в том числе деятельность по обеспечению работоспособности электростанций",35.11.2,2025.0,4.0
"Производство электроэнергии атомными электростанциями, в том числе деятельность по обеспечению работоспособности электростанций",35.11.3,2021.0,5.0
"Производство электроэнергии атомными электростанциями, в том числе деятельность по обеспечению работоспособности электростанций",35.11.3,2022.0,5.0
"Производство электроэнергии атомными электростанциями, в том числе деятельность по обеспечению работоспособности электростанций",35.11.3,2023.0,4.0
"Производство электроэнергии атомными электростанциями, в том числе деятельность по обеспечению работоспособности электростанций",35.11.3,2024.0,3.0
"Производство электроэнергии атомными электростанциями, в том числе деятельность по обеспечению работоспособности электростанций",35.11.3,2025.0,3.0
"Производство электроэнергии, получаемой из возобновляемых источников энергии, включая выработанную солнечными, ветровыми, геотермальными электростанциями, в том числе деятельность по обеспечению их работоспособности",35.11.4,2021.0,1.0
"Производство электроэнергии, получаемой из возобновляемых источников энергии, включая выработанную солнечными, ветровыми, геотермальными электростанциями, в том числе деятельность по обеспечению их работоспособности",35.11.4,2022.0,1.0
"Производство электроэнергии, получаемой из возобновляемых источников энергии, включая выработанную солнечными, ветровыми, геотермальными электростанциями, в том числе деятельность по обеспечению их работоспособности",35.11.4,2023.0,1.0
"Производство электроэнергии, получаемой из возобновляемых источников энергии, включая выработанную солнечными, ветровыми, геотермальными электростанциями, в том числе деятельность по обеспечению их работоспособности",35.11.4,2025.0,4.0
Передача электроэнергии и технологическое присоединение к распределительным электросетям,35.12,2021.0,37.0
Передача электроэнергии и технологическое присоединение к распределительным электросетям,35.12,2022.0,40.0
Передача электроэнергии и технологическое присоединение к распределительным электросетям,35.12,2023.0,39.0
Передача электроэнергии и технологическое присоединение к распределительным электросетям,35.12,2024.0,16.0
Передача электроэнергии и технологическое присоединение к распределительным электросетям,35.12,2025.0,18.0
Передача электроэнергии,35.12.1,2021.0,34.0
Передача электроэнергии,35.12.1,2022.0,35.0
Передача электроэнергии,35.12.1,2023.0,35.0
Передача электроэнергии,35.12.1,2024.0,14.0
Передача электроэнергии,35.12.1,2025.0,14.0
Технологическое присоединение к распределительным электросетям,35.12.2,2022.0,3.0
Технологическое присоединение к распределительным электросетям,35.12.2,2023.0,3.0
Технологическое присоединение к распределительным электросетям,35.12.2,2024.0,1.0
Технологическое присоединение к распределительным электросетям,35.12.2,2025.0,1.0
Распределение электроэнергии,35.13,2021.0,2.0
Распределение электроэнергии,35.13,2022.0,5.0
Распределение электроэнергии,35.13,2023.0,57.0
Распределение электроэнергии,35.13,2024.0,61.0
Распределение электроэнергии,35.13,2025.0,60.0
Торговля электроэнергией,35.14,2021.0,62.0
Торговля электроэнергией,35.14,2022.0,57.0
Торговля электроэнергией,35.14,2023.0,44.0
Торговля электроэнергией,35.14,2024.0,39.0
Торговля электроэнергией,35.14,2025.0,50.0
Производство и распределение газообразного топлива,35.2,2021.0,8.0
Производство и распределение газообразного топлива,35.2,2022.0,13.0
Производство и распределение газообразного топлива,35.2,2023.0,9.0
Производство и распределение газообразного топлива,35.2,2024.0,38.0
Производство и распределение газообразного топлива,35.2,2025.0,42.0
Производство газа,35.21,2024.0,1.0
Производство газа,35.21,2025.0,1.0
Распределение газообразного топлива по газораспределительным сетям,35.22,2021.0,4.0
Распределение газообразного топлива по газораспределительным сетям,35.22,2022.0,7.0
Распределение газообразного топлива по газораспределительным сетям,35.22,2023.0,5.0
Распределение газообразного топлива по газораспределительным сетям,35.22,2024.0,8.0
Распределение газообразного топлива по газораспределительным сетям,35.22,2025.0,12.0
"Торговля газообразным топливом, подаваемым по распределительным сетям",35.23,2021.0,4.0
"Торговля газообразным топливом, подаваемым по распределительным сетям",35.23,2022.0,6.0
"Торговля газообразным топливом, подаваемым по распределительным сетям",35.23,2023.0,4.0
"Торговля газообразным топливом, подаваемым по распределительным сетям",35.23,2024.0,29.0
"Торговля газообразным топливом, подаваемым по распределительным сетям",35.23,2025.0,29.0
"Торговля природным, сухим (отбензиненным) газом, подаваемым по распределительным сетям",35.23.1,2021.0,1.0
"Торговля природным, сухим (отбензиненным) газом, подаваемым по распределительным сетям",35.23.1,2022.0,1.0
"Торговля природным, сухим (отбензиненным) газом, подаваемым по распределительным сетям",35.23.1,2023.0,1.0
"Торговля природным, сухим (отбензиненным) газом, подаваемым по распределительным сетям",35.23.1,2024.0,1.0
"Торговля природным, сухим (отбензиненным) газом, подаваемым по распределительным сетям",35.23.1,2025.0,1.0
"Торговля природным, сухим (отбензиненным) газом, подаваемым по распределительным сетям по регулируемым государством ценам (тарифам)",35.23.11,2021.0,1.0
"Торговля природным, сухим (отбензиненным) газом, подаваемым по распределительным сетям по регулируемым государством ценам (тарифам)",35.23.11,2022.0,1.0
"Торговля природным, сухим (отбензиненным) газом, подаваемым по распределительным сетям по регулируемым государством ценам (тарифам)",35.23.11,2023.0,1.0
"Торговля природным, сухим (отбензиненным) газом, подаваемым по распределительным сетям по регулируемым государством ценам (тарифам)",35.23.11,2024.0,1.0
"Торговля природным, сухим (отбензиненным) газом, подаваемым по распределительным сетям по регулируемым государством ценам (тарифам)",35.23.11,2025.0,1.0
"Производство, передача и распределение пара и горячей воды; кондиционирование воздуха",35.30,2021.0,75.0
"Производство, передача и распределение пара и горячей воды; кондиционирование воздуха",35.30,2022.0,128.0
"Производство, передача и распределение пара и горячей воды; кондиционирование воздуха",35.30,2023.0,62.0
"Производство, передача и распределение пара и горячей воды; кондиционирование воздуха",35.30,2024.0,54.0
"Производство, передача и распределение пара и горячей воды; кондиционирование воздуха",35.30,2025.0,62.0
Производство пара и горячей воды (тепловой энергии),35.30.1,2021.0,58.0
Производство пара и горячей воды (тепловой энергии),35.30.1,2022.0,105.0
Производство пара и горячей воды (тепловой энергии),35.30.1,2023.0,49.0
Производство пара и горячей воды (тепловой энергии),35.30.1,2024.0,42.0
Производство пара и горячей воды (тепловой энергии),35.30.1,2025.0,43.0
Производство пара и горячей воды (тепловой энергии) тепловыми электростанциями,35.30.11,2021.0,2.0
Производство пара и горячей воды (тепловой энергии) тепловыми электростанциями,35.30.11,2022.0,6.0
Производство пара и горячей воды (тепловой энергии) тепловыми электростанциями,35.30.11,2023.0,2.0
Производство пара и горячей воды (тепловой энергии) тепловыми электростанциями,35.30.11,2024.0,4.0
Производство пара и горячей воды (тепловой энергии) тепловыми электростанциями,35.30.11,2025.0,9.0
Производство пара и горячей воды (тепловой энергии) котельными,35.30.14,2021.0,56.0
Производство пара и горячей воды (тепловой энергии) котельными,35.30.14,2022.0,98.0
Производство пара и горячей воды (тепловой энергии) котельными,35.30.14,2023.0,45.0
Производство пара и горячей воды (тепловой энергии) котельными,35.30.14,2024.0,38.0
Производство пара и горячей воды (тепловой энергии) котельными,35.30.14,2025.0,34.0
Передача пара и горячей воды (тепловой энергии),35.30.2,2021.0,3.0
Передача пара и горячей воды (тепловой энергии),35.30.2,2022.0,7.0
Передача пара и горячей воды (тепловой энергии),35.30.2,2023.0,5.0
Передача пара и горячей воды (тепловой энергии),35.30.2,2024.0,1.0
Передача пара и горячей воды (тепловой энергии),35.30.2,2025.0,1.0
Распределение пара и горячей воды (тепловой энергии),35.30.3,2021.0,4.0
Распределение пара и горячей воды (тепловой энергии),35.30.3,2022.0,6.0
Распределение пара и горячей воды (тепловой энергии),35.30.3,2023.0,3.0
Распределение пара и горячей воды (тепловой энергии),35.30.3,2024.0,5.0
Распределение пара и горячей воды (тепловой энергии),35.30.3,2025.0,2.0
Обеспечение работоспособности котельных,35.30.4,2021.0,3.0
Обеспечение работоспособности котельных,35.30.4,2022.0,7.0
Обеспечение работоспособности котельных,35.30.4,2023.0,1.0
Обеспечение работоспособности котельных,35.30.4,2024.0,1.0
Обеспечение работоспособности котельных,35.30.4,2025.0,5.0
Обеспечение работоспособности тепловых сетей,35.30.5,2021.0,4.0
Обеспечение работоспособности тепловых сетей,35.30.5,2022.0,2.0
Обеспечение работоспособности тепловых сетей,35.30.5,2023.0,2.0
Обеспечение работоспособности тепловых сетей,35.30.5,2024.0,3.0
Обеспечение работоспособности тепловых сетей,35.30.5,2025.0,1.0
Торговля паром и горячей водой (тепловой энергией),35.30.6,2024.0,1.0
Торговля паром и горячей водой (тепловой энергией),35.30.6,2025.0,6.0
"Забор, очистка и распределение воды",36.00,2021.0,63.0
"Забор, очистка и распределение воды",36.00,2022.0,127.0
"Забор, очистка и распределение воды",36.00,2023.0,76.0
"Забор, очистка и распределение воды",36.00,2024.0,65.0
"Забор, очистка и распределение воды",36.00,2025.0,56.0
Забор и очистка воды для питьевых и промышленных нужд,36.00.1,2021.0,24.0
Забор и очистка воды для питьевых и промышленных нужд,36.00.1,2022.0,35.0
Забор и очистка воды для питьевых и промышленных нужд,36.00.1,2023.0,26.0
Забор и очистка воды для питьевых и промышленных нужд,36.00.1,2024.0,22.0
Забор и очистка воды для питьевых и промышленных нужд,36.00.1,2025.0,23.0
Распределение воды для питьевых и промышленных нужд,36.00.2,2021.0,34.0
Распределение воды для питьевых и промышленных нужд,36.00.2,2022.0,84.0
Распределение воды для питьевых и промышленных нужд,36.00.2,2023.0,45.0
Распределение воды для питьевых и промышленных нужд,36.00.2,2024.0,37.0
Распределение воды для питьевых и промышленных нужд,36.00.2,2025.0,30.0
Сбор и обработка сточных вод,37.00,2021.0,14.0
Сбор и обработка сточных вод,37.00,2022.0,20.0
Сбор и обработка сточных вод,37.00,2023.0,13.0
Сбор и обработка сточных вод,37.00,2024.0,11.0
Сбор и обработка сточных вод,37.00,2025.0,12.0
"Сбор, обработка и утилизация отходов; обработка вторичного сырья",38,2021.0,32.0
"Сбор, обработка и утилизация отходов; обработка вторичного сырья",38,2022.0,51.0
"Сбор, обработка и утилизация отходов; обработка вторичного сырья",38,2023.0,36.0
"Сбор, обработка и утилизация отходов; обработка вторичного сырья",38,2024.0,34.0
"Сбор, обработка и утилизация отходов; обработка вторичного сырья",38,2025.0,21.0
Сбор отходов,38.1,2021.0,17.0
Сбор отходов,38.1,2022.0,26.0
Сбор отходов,38.1,2023.0,22.0
Сбор отходов,38.1,2024.0,10.0
Сбор отходов,38.1,2025.0,8.0
Сбор неопасных отходов,38.11,2021.0,16.0
Сбор неопасных отходов,38.11,2022.0,26.0
Сбор неопасных отходов,38.11,2023.0,22.0
Сбор неопасных отходов,38.11,2024.0,9.0
Сбор неопасных отходов,38.11,2025.0,8.0
Сбор опасных отходов,38.12,2021.0,1.0
Сбор опасных отходов,38.12,2024.0,1.0
Обработка и утилизация отходов,38.2,2021.0,6.0
Обработка и утилизация отходов,38.2,2022.0,10.0
Обработка и утилизация отходов,38.2,2023.0,4.0
Обработка и утилизация отходов,38.2,2024.0,9.0
Обработка и утилизация отходов,38.2,2025.0,6.0
Обработка и утилизация неопасных отходов,38.21,2021.0,5.0
Обработка и утилизация неопасных отходов,38.21,2022.0,5.0
Обработка и утилизация неопасных отходов,38.21,2023.0,2.0
Обработка и утилизация неопасных отходов,38.21,2024.0,3.0
Обработка и утилизация неопасных отходов,38.21,2025.0,3.0
"Утилизация неопасных отходов с получением энергии, топлива, компоста",38.21.1,2025.0,1.0
Утилизация неопасных отходов (кроме твердых коммунальных отходов) с получением энергии,38.21.12,2025.0,1.0
Захоронение неопасных отходов,38.21.2,2025.0,1.0
Захоронение твердых коммунальных отходов,38.21.21,2025.0,1.0
Обработка и утилизация опасных отходов,38.22,2021.0,1.0
Обработка и утилизация опасных отходов,38.22,2022.0,5.0
Обработка и утилизация опасных отходов,38.22,2023.0,2.0
Обработка и утилизация опасных отходов,38.22,2024.0,6.0
Обработка и утилизация опасных отходов,38.22,2025.0,3.0
Обработка и утилизация радиоактивных отходов,38.22.1,2021.0,1.0
Обработка и утилизация радиоактивных отходов,38.22.1,2022.0,3.0
Обработка и утилизация радиоактивных отходов,38.22.1,2023.0,1.0
Обработка и утилизация радиоактивных отходов,38.22.1,2024.0,1.0
Деятельность по обращению с отработавшим ядерным топливом,38.22.11,2021.0,1.0
Деятельность по обращению с отработавшим ядерным топливом,38.22.11,2022.0,1.0
Деятельность по обращению с отработавшим ядерным топливом,38.22.11,2023.0,1.0
Деятельность по обращению с отработавшим ядерным топливом,38.22.11,2024.0,1.0
Деятельность по обращению с удаляемыми радиоактивными отходами,38.22.13,2022.0,2.0
"Обработка и утилизация опасных отходов прочих, не включенных в другие группировки",38.22.9,2022.0,1.0
"Обработка и утилизация опасных отходов прочих, не включенных в другие группировки",38.22.9,2024.0,2.0
"Обработка и утилизация опасных отходов прочих, не включенных в другие группировки",38.22.9,2025.0,1.0
Деятельность по обработке вторичного сырья,38.3,2021.0,9.0
Деятельность по обработке вторичного сырья,38.3,2022.0,15.0
Деятельность по обработке вторичного сырья,38.3,2023.0,10.0
Деятельность по обработке вторичного сырья,38.3,2024.0,15.0
Деятельность по обработке вторичного сырья,38.3,2025.0,7.0
Утилизация отсортированных материалов,38.32,2021.0,9.0
Утилизация отсортированных материалов,38.32,2022.0,15.0
Утилизация отсортированных материалов,38.32,2023.0,10.0
Утилизация отсортированных материалов,38.32,2024.0,15.0
Утилизация отсортированных материалов,38.32,2025.0,7.0
Сортировка материалов для дальнейшего использования,38.32.1,2023.0,2.0
Сортировка материалов для дальнейшего использования,38.32.1,2024.0,2.0
Сортировка металлических материалов для дальнейшего использования,38.32.11,2023.0,2.0
Сортировка металлических материалов для дальнейшего использования,38.32.11,2024.0,2.0
Обработка (переработка) лома и отходов драгоценных металлов,38.32.2,2024.0,1.0
Обработка (переработка) лома и отходов драгоценных металлов,38.32.2,2025.0,1.0
Обработка отходов и лома черных металлов,38.32.3,2021.0,8.0
Обработка отходов и лома черных металлов,38.32.3,2022.0,12.0
Обработка отходов и лома черных металлов,38.32.3,2023.0,4.0
"Заготовка, хранение, переработка и реализация лома и отходов черных металлов",38.32.3,2024.0,9.0
"Заготовка, хранение, переработка и реализация лома и отходов черных металлов",38.32.3,2025.0,4.0
Обработка отходов и лома цветных металлов,38.32.4,2021.0,1.0
Обработка отходов и лома цветных металлов,38.32.4,2022.0,2.0
Обработка отходов и лома цветных металлов,38.32.4,2023.0,2.0
"Заготовка, хранение, переработка и реализация лома и отходов цветных металлов",38.32.4,2024.0,2.0
"Заготовка, хранение, переработка и реализация лома и отходов цветных металлов",38.32.4,2025.0,1.0
"Обработка отходов и лома металлов, содержащих медь",38.32.41,2021.0,1.0
"Обработка отходов и лома металлов, содержащих медь",38.32.41,2023.0,1.0
"Заготовка, хранение, переработка и реализация лома и отходов металлов, содержащих медь",38.32.41,2024.0,2.0
"Заготовка, хранение, переработка и реализация лома и отходов металлов, содержащих медь",38.32.41,2025.0,1.0
Обработка вторичного неметаллического сырья,38.32.5,2022.0,1.0
Утилизация вторичных неметаллических ресурсов во вторичное сырье,38.32.5,2023.0,2.0
Утилизация вторичных неметаллических ресурсов во вторичное сырье,38.32.5,2024.0,1.0
Утилизация вторичных неметаллических ресурсов во вторичное сырье,38.32.5,2025.0,1.0
Обработка отходов бумаги и картона,38.32.52,2022.0,1.0
Утилизация отходов бумаги и картона во вторичное сырье,38.32.52,2023.0,2.0
Утилизация прочих вторичных неметаллических ресурсов во вторичное сырье,38.32.59,2024.0,1.0
Утилизация прочих вторичных неметаллических ресурсов во вторичное сырье,38.32.59,2025.0,1.0
"Предоставление услуг в области ликвидации последствий загрязнений и прочих услуг, связанных с удалением отходов",39.00,2021.0,1.0
"Предоставление услуг в области ликвидации последствий загрязнений и прочих услуг, связанных с удалением отходов",39.00,2022.0,2.0
"Предоставление услуг в области ликвидации последствий загрязнений и прочих услуг, связанных с удалением отходов",39.00,2023.0,1.0
"Предоставление услуг в области ликвидации последствий загрязнений и прочих услуг, связанных с удалением отходов",39.00,2025.0,1.0
Строительство зданий,41,2021.0,69.0
Строительство зданий,41,2022.0,168.0
Строительство зданий,41,2023.0,92.0
Строительство зданий,41,2024.0,86.0
Строительство зданий,41,2025.0,78.0
Разработка строительных проектов,41.10,2022.0,1.0
Строительство жилых и нежилых зданий,41.20,2021.0,69.0
Строительство жилых и нежилых зданий,41.20,2022.0,167.0
Строительство жилых и нежилых зданий,41.20,2023.0,92.0
Строительство жилых и нежилых зданий,41.20,2024.0,86.0
Строительство жилых и нежилых зданий,41.20,2025.0,78.0
Строительство инженерных сооружений,42,2021.0,34.0
Строительство инженерных сооружений,42,2022.0,85.0
Строительство инженерных сооружений,42,2023.0,69.0
Строительство инженерных сооружений,42,2024.0,58.0
Строительство инженерных сооружений,42,2025.0,55.0
Строительство автомобильных и железных дорог,42.1,2021.0,19.0
Строительство автомобильных и железных дорог,42.1,2022.0,53.0
Строительство автомобильных и железных дорог,42.1,2023.0,33.0
Строительство автомобильных и железных дорог,42.1,2024.0,37.0
Строительство автомобильных и железных дорог,42.1,2025.0,33.0
Строительство автомобильных дорог и автомагистралей,42.11,2021.0,17.0
Строительство автомобильных дорог и автомагистралей,42.11,2022.0,44.0
Строительство автомобильных дорог и автомагистралей,42.11,2023.0,26.0
Строительство автомобильных дорог и автомагистралей,42.11,2024.0,28.0
Строительство автомобильных дорог и автомагистралей,42.11,2025.0,26.0
Строительство железных дорог и метро,42.12,2021.0,1.0
Строительство железных дорог и метро,42.12,2022.0,5.0
Строительство железных дорог и метро,42.12,2023.0,2.0
Строительство железных дорог и метро,42.12,2024.0,1.0
Строительство железных дорог и метро,42.12,2025.0,1.0
Строительство мостов и тоннелей,42.13,2021.0,1.0
Строительство мостов и тоннелей,42.13,2022.0,4.0
Строительство мостов и тоннелей,42.13,2023.0,5.0
Строительство мостов и тоннелей,42.13,2024.0,8.0
Строительство мостов и тоннелей,42.13,2025.0,6.0
Строительство инженерных коммуникаций,42.2,2021.0,12.0
Строительство инженерных коммуникаций,42.2,2022.0,21.0
Строительство инженерных коммуникаций,42.2,2023.0,32.0
Строительство инженерных коммуникаций,42.2,2024.0,16.0
Строительство инженерных коммуникаций,42.2,2025.0,15.0
"Строительство инженерных коммуникаций для водоснабжения и водоотведения, газоснабжения",42.21,2021.0,8.0
"Строительство инженерных коммуникаций для водоснабжения и водоотведения, газоснабжения",42.21,2022.0,13.0
"Строительство инженерных коммуникаций для водоснабжения и водоотведения, газоснабжения",42.21,2023.0,24.0
"Строительство инженерных коммуникаций для водоснабжения и водоотведения, газоснабжения",42.21,2024.0,12.0
"Строительство инженерных коммуникаций для водоснабжения и водоотведения, газоснабжения",42.21,2025.0,13.0
Строительство коммунальных объектов для обеспечения электроэнергией и телекоммуникациями,42.22,2021.0,4.0
Строительство коммунальных объектов для обеспечения электроэнергией и телекоммуникациями,42.22,2022.0,8.0
Строительство коммунальных объектов для обеспечения электроэнергией и телекоммуникациями,42.22,2023.0,8.0
Строительство коммунальных объектов для обеспечения электроэнергией и телекоммуникациями,42.22,2024.0,4.0
Строительство коммунальных объектов для обеспечения электроэнергией и телекоммуникациями,42.22,2025.0,2.0
Строительство междугородних линий электропередачи и связи,42.22.1,2021.0,1.0
Строительство междугородних линий электропередачи и связи,42.22.1,2022.0,3.0
Строительство междугородних линий электропередачи и связи,42.22.1,2023.0,4.0
Строительство междугородних линий электропередачи и связи,42.22.1,2024.0,1.0
Строительство местных линий электропередачи и связи,42.22.2,2022.0,2.0
Строительство местных линий электропередачи и связи,42.22.2,2023.0,3.0
Строительство местных линий электропередачи и связи,42.22.2,2024.0,1.0
Строительство местных линий электропередачи и связи,42.22.2,2025.0,1.0
Строительство электростанций,42.22.3,2021.0,1.0
Строительство электростанций,42.22.3,2022.0,1.0
Строительство электростанций,42.22.3,2023.0,1.0
Строительство электростанций,42.22.3,2024.0,2.0
Строительство электростанций,42.22.3,2025.0,1.0
Строительство прочих инженерных сооружений,42.9,2021.0,3.0
Строительство прочих инженерных сооружений,42.9,2022.0,11.0
Строительство прочих инженерных сооружений,42.9,2023.0,4.0
Строительство прочих инженерных сооружений,42.9,2024.0,5.0
Строительство прочих инженерных сооружений,42.9,2025.0,7.0
Строительство водных сооружений,42.91,2022.0,6.0
Строительство водных сооружений,42.91,2023.0,2.0
Строительство водных сооружений,42.91,2024.0,3.0
Строительство водных сооружений,42.91,2025.0,4.0
Строительство гидротехнических сооружений,42.91.2,2022.0,3.0
Строительство гидротехнических сооружений,42.91.2,2023.0,1.0
Строительство гидротехнических сооружений,42.91.2,2024.0,2.0
Строительство гидротехнических сооружений,42.91.2,2025.0,2.0
"Производство дноочистительных, дноуглубительных и берегоукрепительных работ",42.91.4,2022.0,3.0
"Производство дноочистительных, дноуглубительных и берегоукрепительных работ",42.91.4,2023.0,1.0
"Производство дноочистительных, дноуглубительных и берегоукрепительных работ",42.91.4,2025.0,1.0
"Производство подводных работ, включая водолазные",42.91.5,2024.0,1.0
"Строительство прочих инженерных сооружений, не включенных в другие группировки",42.99,2021.0,3.0
"Строительство прочих инженерных сооружений, не включенных в другие группировки",42.99,2022.0,5.0
"Строительство прочих инженерных сооружений, не включенных в другие группировки",42.99,2023.0,2.0
"Строительство прочих инженерных сооружений, не включенных в другие группировки",42.99,2024.0,2.0
"Строительство прочих инженерных сооружений, не включенных в другие группировки",42.99,2025.0,3.0
Работы строительные специализированные,43,2021.0,53.0
Работы строительные специализированные,43,2022.0,74.0
Работы строительные специализированные,43,2023.0,53.0
Работы строительные специализированные,43,2024.0,59.0
Работы строительные специализированные,43,2025.0,49.0
"Разборка и снос зданий, подготовка строительного участка",43.1,2021.0,8.0
"Разборка и снос зданий, подготовка строительного участка",43.1,2022.0,9.0
"Разборка и снос зданий, подготовка строительного участка",43.1,2023.0,10.0
"Разборка и снос зданий, подготовка строительного участка",43.1,2024.0,12.0
"Разборка и снос зданий, подготовка строительного участка",43.1,2025.0,10.0
Разборка и снос зданий,43.11,2021.0,2.0
Разборка и снос зданий,43.11,2022.0,3.0
Разборка и снос зданий,43.11,2023.0,2.0
Разборка и снос зданий,43.11,2024.0,5.0
Разборка и снос зданий,43.11,2025.0,5.0
Разборка и снос зданий,43.11.1,2025.0,3.0
Подготовка строительной площадки,43.12,2021.0,4.0
Подготовка строительной площадки,43.12,2022.0,4.0
Подготовка строительной площадки,43.12,2023.0,7.0
Подготовка строительной площадки,43.12,2024.0,6.0
Подготовка строительной площадки,43.12,2025.0,3.0
Расчистка территории строительной площадки,43.12.1,2022.0,1.0
Расчистка территории строительной площадки,43.12.1,2023.0,3.0
Расчистка территории строительной площадки,43.12.1,2024.0,2.0
Производство земляных работ,43.12.3,2021.0,3.0
Производство земляных работ,43.12.3,2022.0,3.0
Производство земляных работ,43.12.3,2023.0,3.0
Производство земляных работ,43.12.3,2024.0,1.0
Производство земляных работ,43.12.3,2025.0,1.0
"Подготовка участка к разработке и добыче полезных ископаемых, за исключением нефтяных и газовых участков",43.12.4,2023.0,1.0
"Подготовка участка к разработке и добыче полезных ископаемых, за исключением нефтяных и газовых участков",43.12.4,2024.0,2.0
"Подготовка участка к разработке и добыче полезных ископаемых, за исключением нефтяных и газовых участков",43.12.4,2025.0,1.0
Разведочное бурение,43.13,2021.0,2.0
Разведочное бурение,43.13,2022.0,2.0
Разведочное бурение,43.13,2023.0,1.0
Разведочное бурение,43.13,2024.0,1.0
Разведочное бурение,43.13,2025.0,2.0
"Производство электромонтажных, санитарно-технических и прочих строительно-монтажных работ",43.2,2021.0,34.0
"Производство электромонтажных, санитарно-технических и прочих строительно-монтажных работ",43.2,2022.0,43.0
"Производство электромонтажных, санитарно-технических и прочих строительно-монтажных работ",43.2,2023.0,28.0
"Производство электромонтажных, санитарно-технических и прочих строительно-монтажных работ",43.2,2024.0,34.0
"Производство электромонтажных, санитарно-технических и прочих строительно-монтажных работ",43.2,2025.0,30.0
Производство электромонтажных работ,43.21,2021.0,14.0
Производство электромонтажных работ,43.21,2022.0,31.0
Производство электромонтажных работ,43.21,2023.0,21.0
Производство электромонтажных работ,43.21,2024.0,22.0
Производство электромонтажных работ,43.21,2025.0,20.0
"Производство санитарно-технических работ, монтаж отопительных систем и систем кондиционирования воздуха",43.22,2021.0,11.0
"Производство санитарно-технических работ, монтаж отопительных систем и систем кондиционирования воздуха",43.22,2022.0,6.0
"Производство санитарно-технических работ, монтаж отопительных систем и систем кондиционирования воздуха",43.22,2023.0,4.0
"Производство санитарно-технических работ, монтаж отопительных систем и систем кондиционирования воздуха",43.22,2024.0,6.0
"Производство санитарно-технических работ, монтаж отопительных систем и систем кондиционирования воздуха",43.22,2025.0,4.0
Производство прочих строительно-монтажных работ,43.29,2021.0,9.0
Производство прочих строительно-монтажных работ,43.29,2022.0,6.0
Производство прочих строительно-монтажных работ,43.29,2023.0,3.0
Производство прочих строительно-монтажных работ,43.29,2024.0,6.0
Производство прочих строительно-монтажных работ,43.29,2025.0,6.0
Работы строительные отделочные,43.3,2021.0,3.0
Работы строительные отделочные,43.3,2022.0,6.0
Работы строительные отделочные,43.3,2023.0,4.0
Работы строительные отделочные,43.3,2024.0,1.0
Работы строительные отделочные,43.3,2025.0,2.0
Производство штукатурных работ,43.31,2021.0,1.0
Производство штукатурных работ,43.31,2022.0,3.0
Производство штукатурных работ,43.31,2023.0,2.0
Работы столярные и плотничные,43.32,2023.0,1.0
Работы столярные и плотничные,43.32,2024.0,1.0
Работы столярные и плотничные,43.32,2025.0,1.0
"Установка дверей (кроме автоматических и вращающихся), окон, дверных и оконных рам из дерева или прочих материалов",43.32.1,2024.0,1.0
"Установка дверей (кроме автоматических и вращающихся), окон, дверных и оконных рам из дерева или прочих материалов",43.32.1,2025.0,1.0
Работы по устройству покрытий полов и облицовке стен,43.33,2021.0,1.0
Производство малярных и стекольных работ,43.34,2022.0,1.0
Производство стекольных работ,43.34.2,2022.0,1.0
Производство прочих отделочных и завершающих работ,43.39,2021.0,1.0
Производство прочих отделочных и завершающих работ,43.39,2022.0,2.0
Производство прочих отделочных и завершающих работ,43.39,2023.0,1.0
Производство прочих отделочных и завершающих работ,43.39,2025.0,1.0
Работы строительные специализированные прочие,43.9,2021.0,8.0
Работы строительные специализированные прочие,43.9,2022.0,16.0
Работы строительные специализированные прочие,43.9,2023.0,11.0
Работы строительные специализированные прочие,43.9,2024.0,12.0
Работы строительные специализированные прочие,43.9,2025.0,7.0
"Работы строительные специализированные прочие, не включенные в другие группировки",43.99,2021.0,8.0
"Работы строительные специализированные прочие, не включенные в другие группировки",43.99,2022.0,16.0
"Работы строительные специализированные прочие, не включенные в другие группировки",43.99,2023.0,11.0
"Работы строительные специализированные прочие, не включенные в другие группировки",43.99,2024.0,12.0
"Работы строительные специализированные прочие, не включенные в другие группировки",43.99,2025.0,7.0
Работы гидроизоляционные,43.99.1,2022.0,3.0
Работы гидроизоляционные,43.99.1,2024.0,1.0
Работы гидроизоляционные,43.99.1,2025.0,1.0
Работы свайные и работы по строительству фундаментов,43.99.3,2022.0,1.0
Работы свайные и работы по строительству фундаментов,43.99.3,2023.0,1.0
Работы бетонные и железобетонные,43.99.4,2022.0,1.0
Работы по монтажу стальных строительных конструкций,43.99.5,2022.0,4.0
Работы по монтажу стальных строительных конструкций,43.99.5,2023.0,4.0
Работы по монтажу стальных строительных конструкций,43.99.5,2024.0,4.0
Работы по монтажу стальных строительных конструкций,43.99.5,2025.0,1.0
Работы по сборке и монтажу сборных конструкций,43.99.7,2021.0,2.0
Работы по сборке и монтажу сборных конструкций,43.99.7,2022.0,1.0
Работы по сборке и монтажу сборных конструкций,43.99.7,2024.0,3.0
Работы по сборке и монтажу сборных конструкций,43.99.7,2025.0,2.0
"Работы строительные специализированные, не включенные в другие группировки",43.99.9,2021.0,5.0
"Работы строительные специализированные, не включенные в другие группировки",43.99.9,2022.0,3.0
"Работы строительные специализированные, не включенные в другие группировки",43.99.9,2023.0,3.0
"Работы строительные специализированные, не включенные в другие группировки",43.99.9,2024.0,2.0
"Работы строительные специализированные, не включенные в другие группировки",43.99.9,2025.0,1.0
Торговля оптовая и розничная автотранспортными средствами и мотоциклами и их ремонт,45,2021.0,109.0
Торговля оптовая и розничная автотранспортными средствами и мотоциклами и их ремонт,45,2022.0,247.0
Торговля оптовая и розничная автотранспортными средствами и мотоциклами и их ремонт,45,2023.0,180.0
Торговля оптовая и розничная автотранспортными средствами и мотоциклами и их ремонт,45,2024.0,133.0
Торговля оптовая и розничная автотранспортными средствами и мотоциклами и их ремонт,45,2025.0,125.0
Торговля автотранспортными средствами,45.1,2021.0,54.0
Торговля автотранспортными средствами,45.1,2022.0,135.0
Торговля автотранспортными средствами,45.1,2023.0,98.0
Торговля автотранспортными средствами,45.1,2024.0,74.0
Торговля автотранспортными средствами,45.1,2025.0,60.0
Торговля легковыми автомобилями и грузовыми автомобилями малой грузоподъемности,45.11,2021.0,50.0
Торговля легковыми автомобилями и грузовыми автомобилями малой грузоподъемности,45.11,2022.0,119.0
Торговля легковыми автомобилями и грузовыми автомобилями малой грузоподъемности,45.11,2023.0,92.0
Торговля легковыми автомобилями и грузовыми автомобилями малой грузоподъемности,45.11,2024.0,61.0
Торговля легковыми автомобилями и грузовыми автомобилями малой грузоподъемности,45.11,2025.0,47.0
Торговля оптовая легковыми автомобилями и легкими автотранспортными средствами,45.11.1,2021.0,16.0
Торговля оптовая легковыми автомобилями и легкими автотранспортными средствами,45.11.1,2022.0,21.0
Торговля оптовая легковыми автомобилями и легкими автотранспортными средствами,45.11.1,2023.0,12.0
Торговля оптовая легковыми автомобилями и легкими автотранспортными средствами,45.11.1,2024.0,14.0
Торговля оптовая легковыми автомобилями и легкими автотранспортными средствами,45.11.1,2025.0,12.0
Торговля розничная легковыми автомобилями и легкими автотранспортными средствами в специализированных магазинах,45.11.2,2021.0,34.0
Торговля розничная легковыми автомобилями и легкими автотранспортными средствами в специализированных магазинах,45.11.2,2022.0,87.0
Торговля розничная легковыми автомобилями и легкими автотранспортными средствами в специализированных магазинах,45.11.2,2023.0,71.0
Торговля розничная легковыми автомобилями и легкими автотранспортными средствами в специализированных магазинах,45.11.2,2024.0,39.0
Торговля розничная легковыми автомобилями и легкими автотранспортными средствами в специализированных магазинах,45.11.2,2025.0,30.0
Торговля розничная легковыми автомобилями и легкими автотранспортными средствами прочая,45.11.3,2022.0,4.0
Торговля розничная легковыми автомобилями и легкими автотранспортными средствами прочая,45.11.3,2023.0,3.0
Торговля розничная легковыми автомобилями и легкими автотранспортными средствами прочая,45.11.3,2024.0,1.0
Торговля розничная легковыми автомобилями и легкими автотранспортными средствами прочая,45.11.3,2025.0,1.0
Торговля розничная легковыми автомобилями и легкими автотранспортными средствами через информационно-коммуникационную сеть Интернет,45.11.31,2023.0,1.0
Торговля розничная легковыми автомобилями и легкими автотранспортными средствами через информационно-коммуникационную сеть Интернет,45.11.31,2024.0,1.0
Торговля розничная легковыми автомобилями и легкими автотранспортными средствами через информационно-коммуникационную сеть Интернет,45.11.31,2025.0,1.0
"Торговля розничная легковыми автомобилями и легкими автотранспортными средствами прочая, не включенная в другие группировки",45.11.39,2022.0,3.0
Торговля прочими автотранспортными средствами,45.19,2021.0,4.0
Торговля прочими автотранспортными средствами,45.19,2022.0,16.0
Торговля прочими автотранспортными средствами,45.19,2023.0,6.0
Торговля прочими автотранспортными средствами,45.19,2024.0,13.0
Торговля прочими автотранспортными средствами,45.19,2025.0,13.0
Торговля оптовая прочими автотранспортными средствами,45.19.1,2021.0,3.0
Торговля оптовая прочими автотранспортными средствами,45.19.1,2022.0,14.0
Торговля оптовая прочими автотранспортными средствами,45.19.1,2023.0,3.0
Торговля оптовая прочими автотранспортными средствами,45.19.1,2024.0,4.0
Торговля оптовая прочими автотранспортными средствами,45.19.1,2025.0,8.0
Торговля розничная прочими автотранспортными средствами прочая,45.19.3,2022.0,1.0
Торговля розничная прочими автотранспортными средствами прочая,45.19.3,2024.0,1.0
Торговля розничная прочими автотранспортными средствами прочая,45.19.3,2025.0,1.0
"Торговля розничная прочими автотранспортными средствами прочая, не включенная в другие группировки",45.19.39,2024.0,1.0
"Торговля розничная прочими автотранспортными средствами прочая, не включенная в другие группировки",45.19.39,2025.0,1.0
Торговля оптовая прочими автотранспортными средствами за вознаграждение или на договорной основе,45.19.4,2023.0,1.0
Торговля оптовая прочими автотранспортными средствами за вознаграждение или на договорной основе прочая,45.19.49,2023.0,1.0
Техническое обслуживание и ремонт автотранспортных средств,45.20,2021.0,34.0
Техническое обслуживание и ремонт автотранспортных средств,45.20,2022.0,50.0
Техническое обслуживание и ремонт автотранспортных средств,45.20,2023.0,23.0
Техническое обслуживание и ремонт автотранспортных средств,45.20,2024.0,18.0
Техническое обслуживание и ремонт автотранспортных средств,45.20,2025.0,12.0
Техническое обслуживание и ремонт легковых автомобилей и легких грузовых автотранспортных средств,45.20.1,2021.0,28.0
Техническое обслуживание и ремонт легковых автомобилей и легких грузовых автотранспортных средств,45.20.1,2022.0,37.0
Техническое обслуживание и ремонт легковых автомобилей и легких грузовых автотранспортных средств,45.20.1,2023.0,18.0
Техническое обслуживание и ремонт легковых автомобилей и легких грузовых автотранспортных средств,45.20.1,2024.0,16.0
Техническое обслуживание и ремонт легковых автомобилей и легких грузовых автотранспортных средств,45.20.1,2025.0,9.0
Техническое обслуживание и ремонт прочих автотранспортных средств,45.20.2,2021.0,5.0
Техническое обслуживание и ремонт прочих автотранспортных средств,45.20.2,2022.0,9.0
Техническое обслуживание и ремонт прочих автотранспортных средств,45.20.2,2023.0,2.0
Техническое обслуживание и ремонт прочих автотранспортных средств,45.20.2,2024.0,1.0
Техническое обслуживание и ремонт прочих автотранспортных средств,45.20.2,2025.0,1.0
"Торговля автомобильными деталями, узлами и принадлежностями",45.3,2021.0,21.0
"Торговля автомобильными деталями, узлами и принадлежностями",45.3,2022.0,61.0
"Торговля автомобильными деталями, узлами и принадлежностями",45.3,2023.0,59.0
"Торговля автомобильными деталями, узлами и принадлежностями",45.3,2024.0,41.0
"Торговля автомобильными деталями, узлами и принадлежностями",45.3,2025.0,53.0
"Торговля оптовая автомобильными деталями, узлами и принадлежностями",45.31,2021.0,19.0
"Торговля оптовая автомобильными деталями, узлами и принадлежностями",45.31,2022.0,59.0
"Торговля оптовая автомобильными деталями, узлами и принадлежностями",45.31,2023.0,59.0
"Торговля оптовая автомобильными деталями, узлами и принадлежностями",45.31,2024.0,41.0
"Торговля оптовая автомобильными деталями, узлами и принадлежностями",45.31,2025.0,52.0
"Торговля оптовая автомобильными деталями, узлами и принадлежностями, кроме деятельности агентов",45.31.1,2021.0,13.0
"Торговля оптовая автомобильными деталями, узлами и принадлежностями, кроме деятельности агентов",45.31.1,2022.0,53.0
"Торговля оптовая автомобильными деталями, узлами и принадлежностями, кроме деятельности агентов",45.31.1,2023.0,51.0
"Торговля оптовая автомобильными деталями, узлами и принадлежностями, кроме деятельности агентов",45.31.1,2024.0,33.0
"Торговля оптовая автомобильными деталями, узлами и принадлежностями, кроме деятельности агентов",45.31.1,2025.0,44.0
"Деятельность агентов по оптовой торговле автомобильными деталями, узлами и принадлежностями",45.31.2,2022.0,2.0
"Деятельность агентов по оптовой торговле автомобильными деталями, узлами и принадлежностями",45.31.2,2023.0,2.0
"Деятельность агентов по оптовой торговле автомобильными деталями, узлами и принадлежностями",45.31.2,2024.0,2.0
"Деятельность агентов по оптовой торговле автомобильными деталями, узлами и принадлежностями",45.31.2,2025.0,2.0
"Торговля розничная автомобильными деталями, узлами и принадлежностями",45.32,2021.0,2.0
"Торговля розничная автомобильными деталями, узлами и принадлежностями",45.32,2022.0,2.0
"Торговля розничная автомобильными деталями, узлами и принадлежностями",45.32,2025.0,1.0
"Торговля розничная автомобильными деталями, узлами и принадлежностями в специализированных магазинах",45.32.1,2021.0,1.0
"Торговля розничная автомобильными деталями, узлами и принадлежностями в специализированных магазинах",45.32.1,2022.0,2.0
"Торговля мотоциклами, их деталями, узлами и принадлежностями; техническое обслуживание и ремонт мотоциклов",45.40,2022.0,1.0
"Торговля оптовая мотоциклами, их деталями, узлами и принадлежностями",45.40.1,2022.0,1.0
"Торговля оптовая, кроме оптовой торговли автотранспортными средствами и мотоциклами",46,2021.0,818.0
"Торговля оптовая, кроме оптовой торговли автотранспортными средствами и мотоциклами",46,2022.0,1251.0
"Торговля оптовая, кроме оптовой торговли автотранспортными средствами и мотоциклами",46,2023.0,710.0
"Торговля оптовая, кроме оптовой торговли автотранспортными средствами и мотоциклами",46,2024.0,878.0
"Торговля оптовая, кроме оптовой торговли автотранспортными средствами и мотоциклами",46,2025.0,924.0
Торговля оптовая за вознаграждение или на договорной основе,46.1,2021.0,42.0
Торговля оптовая за вознаграждение или на договорной основе,46.1,2022.0,58.0
Торговля оптовая за вознаграждение или на договорной основе,46.1,2023.0,17.0
Торговля оптовая за вознаграждение или на договорной основе,46.1,2024.0,23.0
Торговля оптовая за вознаграждение или на договорной основе,46.1,2025.0,20.0
"Деятельность агентов по оптовой торговле сельскохозяйственным сырьем, живыми животными, текстильным сырьем и полуфабрикатами",46.11,2022.0,2.0
"Деятельность агентов по оптовой торговле сельскохозяйственным сырьем, живыми животными, текстильным сырьем и полуфабрикатами",46.11,2023.0,2.0
"Деятельность агентов по оптовой торговле сельскохозяйственным сырьем, живыми животными, текстильным сырьем и полуфабрикатами",46.11,2024.0,1.0
"Деятельность агентов по оптовой торговле прочим сельскохозяйственным сырьем, текстильным сырьем и полуфабрикатами",46.11.3,2023.0,1.0
"Деятельность агентов по оптовой торговле прочим сельскохозяйственным сырьем, текстильным сырьем и полуфабрикатами",46.11.3,2024.0,1.0
"Деятельность агентов по оптовой торговле прочими сельскохозяйственным сырьем и сельскохозяйственными полуфабрикатами, не включенными в другие группировки",46.11.39,2024.0,1.0
"Деятельность агентов по оптовой торговле топливом, рудами, металлами и химическими веществами",46.12,2021.0,1.0
"Деятельность агентов по оптовой торговле топливом, рудами, металлами и химическими веществами",46.12,2022.0,4.0
"Деятельность агентов по оптовой торговле топливом, рудами, металлами и химическими веществами",46.12,2023.0,3.0
"Деятельность агентов по оптовой торговле топливом, рудами, металлами и химическими веществами",46.12,2024.0,1.0
"Деятельность агентов по оптовой торговле топливом, рудами, металлами и химическими веществами",46.12,2025.0,1.0
"Деятельность агентов по оптовой торговле твердым, жидким и газообразным топливом и связанными продуктами",46.12.1,2022.0,1.0
"Деятельность агентов по оптовой торговле твердым, жидким и газообразным топливом и связанными продуктами",46.12.1,2023.0,2.0
Деятельность агентов по оптовой торговле рудами и металлами в первичных формах,46.12.2,2022.0,1.0
Деятельность агентов по оптовой торговле рудами и металлами в первичных формах,46.12.2,2025.0,1.0
"Деятельность агентов по оптовой торговле промышленными и техническими химическими веществами, удобрениями и агрохимикатами",46.12.3,2021.0,1.0
"Деятельность агентов по оптовой торговле промышленными и техническими химическими веществами, удобрениями и агрохимикатами",46.12.3,2022.0,1.0
Деятельность агентов по оптовой торговле промышленными и техническими химическими веществами,46.12.31,2021.0,1.0
Деятельность агентов по оптовой торговле промышленными и техническими химическими веществами,46.12.31,2022.0,1.0
Деятельность агентов по оптовой торговле лесоматериалами и строительными материалами,46.13,2022.0,1.0
Деятельность агентов по оптовой торговле лесоматериалами и строительными материалами,46.13,2023.0,2.0
Деятельность агентов по оптовой торговле лесоматериалами и строительными материалами,46.13,2024.0,3.0
Деятельность агентов по оптовой торговле лесоматериалами и строительными материалами,46.13,2025.0,1.0
Деятельность агентов по оптовой торговле строительными материалами,46.13.2,2023.0,1.0
"Деятельность агентов по оптовой торговле машинами, промышленным оборудованием, судами и летательными аппаратами",46.14,2021.0,2.0
"Деятельность агентов по оптовой торговле машинами, промышленным оборудованием, судами и летательными аппаратами",46.14,2022.0,7.0
"Деятельность агентов по оптовой торговле машинами, промышленным оборудованием, судами и летательными аппаратами",46.14,2023.0,1.0
"Деятельность агентов по оптовой торговле машинами, промышленным оборудованием, судами и летательными аппаратами",46.14,2024.0,1.0
"Деятельность агентов по оптовой торговле машинами, промышленным оборудованием, судами и летательными аппаратами",46.14,2025.0,3.0
"Деятельность агентов по оптовой торговле вычислительной техникой, телекоммуникационным оборудованием и прочим офисным оборудованием",46.14.1,2021.0,1.0
"Деятельность агентов по оптовой торговле вычислительной техникой, телекоммуникационным оборудованием и прочим офисным оборудованием",46.14.1,2022.0,1.0
"Деятельность агентов по оптовой торговле вычислительной техникой, телекоммуникационным оборудованием и прочим офисным оборудованием",46.14.1,2023.0,1.0
Деятельность агентов по оптовой торговле прочими видами машин и промышленным оборудованием,46.14.9,2022.0,1.0
"Деятельность агентов по оптовой торговле мебелью, бытовыми товарами, скобяными, ножевыми и прочими металлическими изделиями",46.15,2022.0,1.0
"Деятельность агентов по оптовой торговле мебелью, бытовыми товарами, скобяными, ножевыми и прочими металлическими изделиями",46.15,2023.0,1.0
"Деятельность агентов по оптовой торговле радио- и телеаппаратурой, техническими носителями информации",46.15.4,2022.0,1.0
"Деятельность агентов по оптовой торговле радио- и телеаппаратурой, техническими носителями информации",46.15.4,2023.0,1.0
"Деятельность агентов по оптовой торговле текстильными изделиями, одеждой, обувью, изделиями из кожи и меха",46.16,2023.0,1.0
"Деятельность агентов по оптовой торговле текстильными изделиями, одеждой, обувью, изделиями из кожи и меха",46.16,2024.0,1.0
"Деятельность агентов по оптовой торговле текстильными изделиями, одеждой, обувью, изделиями из кожи и меха",46.16,2025.0,1.0
"Деятельность агентов по оптовой торговле пищевыми продуктами, напитками и табачными изделиями",46.17,2021.0,32.0
"Деятельность агентов по оптовой торговле пищевыми продуктами, напитками и табачными изделиями",46.17,2022.0,29.0
"Деятельность агентов по оптовой торговле пищевыми продуктами, напитками и табачными изделиями",46.17,2023.0,2.0
"Деятельность агентов по оптовой торговле пищевыми продуктами, напитками и табачными изделиями",46.17,2024.0,1.0
"Деятельность агентов по оптовой торговле пищевыми продуктами, напитками и табачными изделиями",46.17,2025.0,10.0
Деятельность агентов по оптовой торговле пищевыми продуктами,46.17.1,2021.0,1.0
Деятельность агентов по оптовой торговле пищевыми продуктами,46.17.1,2022.0,1.0
Деятельность агентов по оптовой торговле пищевыми продуктами,46.17.1,2024.0,1.0
Деятельность агентов по оптовой торговле пищевыми продуктами,46.17.1,2025.0,10.0
Деятельность агентов по оптовой торговле напитками,46.17.2,2021.0,1.0
Деятельность агентов по оптовой торговле напитками,46.17.2,2022.0,1.0
Деятельность агентов по оптовой торговле пивом,46.17.23,2021.0,1.0
Деятельность агентов по оптовой торговле пивом,46.17.23,2022.0,1.0
"Деятельность агентов, специализирующихся на оптовой торговле прочими отдельными видами товаров",46.18,2021.0,4.0
"Деятельность агентов, специализирующихся на оптовой торговле прочими отдельными видами товаров",46.18,2022.0,7.0
"Деятельность агентов, специализирующихся на оптовой торговле прочими отдельными видами товаров",46.18,2023.0,2.0
"Деятельность агентов, специализирующихся на оптовой торговле прочими отдельными видами товаров",46.18,2024.0,2.0
"Деятельность агентов, специализирующихся на оптовой торговле прочими отдельными видами товаров",46.18,2025.0,2.0
"Деятельность агентов, специализирующихся на оптовой торговле фармацевтической продукцией, изделиями, применяемыми в медицинских целях, парфюмерными и косметическими товарами, включая мыло, и чистящими средствами",46.18.1,2021.0,1.0
"Деятельность агентов, специализирующихся на оптовой торговле фармацевтической продукцией, изделиями, применяемыми в медицинских целях, парфюмерными и косметическими товарами, включая мыло, и чистящими средствами",46.18.1,2022.0,2.0
"Деятельность агентов, специализирующихся на оптовой торговле фармацевтической продукцией, изделиями, применяемыми в медицинских целях, парфюмерными и косметическими товарами, включая мыло, и чистящими средствами",46.18.1,2023.0,1.0
"Деятельность агентов, специализирующихся на оптовой торговле фармацевтической продукцией",46.18.11,2022.0,1.0
"Деятельность агентов, специализирующихся на оптовой торговле фармацевтической продукцией",46.18.11,2023.0,1.0
"Деятельность агентов, специализирующихся на оптовой торговле товарами, не включенными в другие группировки",46.18.9,2021.0,2.0
"Деятельность агентов, специализирующихся на оптовой торговле товарами, не включенными в другие группировки",46.18.9,2022.0,1.0
"Деятельность агентов, специализирующихся на оптовой торговле прочими товарами, не включенными в другие группировки",46.18.99,2021.0,2.0
"Деятельность агентов, специализирующихся на оптовой торговле прочими товарами, не включенными в другие группировки",46.18.99,2022.0,1.0
Деятельность агентов по оптовой торговле универсальным ассортиментом товаров,46.19,2021.0,3.0
Деятельность агентов по оптовой торговле универсальным ассортиментом товаров,46.19,2022.0,7.0
Деятельность агентов по оптовой торговле универсальным ассортиментом товаров,46.19,2023.0,3.0
Деятельность агентов по оптовой торговле универсальным ассортиментом товаров,46.19,2024.0,13.0
Деятельность агентов по оптовой торговле универсальным ассортиментом товаров,46.19,2025.0,2.0
Торговля оптовая сельскохозяйственным сырьем и живыми животными,46.2,2021.0,16.0
Торговля оптовая сельскохозяйственным сырьем и живыми животными,46.2,2022.0,28.0
Торговля оптовая сельскохозяйственным сырьем и живыми животными,46.2,2023.0,17.0
Торговля оптовая сельскохозяйственным сырьем и живыми животными,46.2,2024.0,23.0
Торговля оптовая сельскохозяйственным сырьем и живыми животными,46.2,2025.0,30.0
"Торговля оптовая зерном, необработанным табаком, семенами и кормами для сельскохозяйственных животных",46.21,2021.0,15.0
"Торговля оптовая зерном, необработанным табаком, семенами и кормами для сельскохозяйственных животных",46.21,2022.0,25.0
"Торговля оптовая зерном, необработанным табаком, семенами и кормами для сельскохозяйственных животных",46.21,2023.0,15.0
"Торговля оптовая зерном, необработанным табаком, семенами и кормами для сельскохозяйственных животных",46.21,2024.0,21.0
"Торговля оптовая зерном, необработанным табаком, семенами и кормами для сельскохозяйственных животных",46.21,2025.0,28.0
"Торговля оптовая зерном, семенами и кормами для животных",46.21.1,2021.0,10.0
"Торговля оптовая зерном, семенами и кормами для животных",46.21.1,2022.0,16.0
"Торговля оптовая зерном, семенами и кормами для животных",46.21.1,2023.0,7.0
"Торговля оптовая зерном, семенами и кормами для животных",46.21.1,2024.0,14.0
"Торговля оптовая зерном, семенами и кормами для животных",46.21.1,2025.0,21.0
Торговля оптовая зерном,46.21.11,2021.0,2.0
Торговля оптовая зерном,46.21.11,2022.0,11.0
Торговля оптовая зерном,46.21.11,2023.0,4.0
Торговля оптовая зерном,46.21.11,2024.0,6.0
Торговля оптовая зерном,46.21.11,2025.0,8.0
"Торговля оптовая семенами, кроме семян масличных культур",46.21.12,2022.0,1.0
Торговля оптовая масличными семенами и маслосодержащими плодами,46.21.13,2024.0,1.0
Торговля оптовая масличными семенами и маслосодержащими плодами,46.21.13,2025.0,5.0
Торговля оптовая кормами для сельскохозяйственных животных,46.21.14,2021.0,3.0
Торговля оптовая кормами для сельскохозяйственных животных,46.21.14,2022.0,2.0
Торговля оптовая кормами для сельскохозяйственных животных,46.21.14,2023.0,3.0
Торговля оптовая кормами для сельскохозяйственных животных,46.21.14,2024.0,2.0
Торговля оптовая кормами для сельскохозяйственных животных,46.21.14,2025.0,4.0
"Торговля оптовая сельскохозяйственным сырьем, не включенным в другие группировки",46.21.19,2021.0,2.0
"Торговля оптовая сельскохозяйственным сырьем, не включенным в другие группировки",46.21.19,2022.0,2.0
"Торговля оптовая сельскохозяйственным сырьем, не включенным в другие группировки",46.21.19,2024.0,5.0
"Торговля оптовая сельскохозяйственным сырьем, не включенным в другие группировки",46.21.19,2025.0,4.0
Торговля оптовая цветами и растениями,46.22,2021.0,1.0
Торговля оптовая цветами и растениями,46.22,2022.0,2.0
Торговля оптовая цветами и растениями,46.22,2023.0,1.0
Торговля оптовая цветами и растениями,46.22,2024.0,1.0
Торговля оптовая живыми животными,46.23,2022.0,1.0
Торговля оптовая живыми животными,46.23,2023.0,1.0
Торговля оптовая живыми животными,46.23,2024.0,1.0
Торговля оптовая живыми животными,46.23,2025.0,2.0
"Торговля оптовая пищевыми продуктами, напитками и табачными изделиями",46.3,2021.0,232.0
"Торговля оптовая пищевыми продуктами, напитками и табачными изделиями",46.3,2022.0,293.0
"Торговля оптовая пищевыми продуктами, напитками и табачными изделиями",46.3,2023.0,191.0
"Торговля оптовая пищевыми продуктами, напитками и табачными изделиями",46.3,2024.0,299.0
"Торговля оптовая пищевыми продуктами, напитками и табачными изделиями",46.3,2025.0,264.0
Торговля оптовая фруктами и овощами,46.31,2021.0,6.0
Торговля оптовая фруктами и овощами,46.31,2022.0,17.0
Торговля оптовая фруктами и овощами,46.31,2023.0,16.0
Торговля оптовая фруктами и овощами,46.31,2024.0,17.0
Торговля оптовая фруктами и овощами,46.31,2025.0,20.0
"Торговля оптовая свежими овощами, фруктами и орехами",46.31.1,2021.0,3.0
"Торговля оптовая свежими овощами, фруктами и орехами",46.31.1,2022.0,11.0
"Торговля оптовая свежими овощами, фруктами и орехами",46.31.1,2023.0,10.0
"Торговля оптовая свежими овощами, фруктами и орехами",46.31.1,2024.0,11.0
"Торговля оптовая свежими овощами, фруктами и орехами",46.31.1,2025.0,16.0
Торговля оптовая свежим картофелем,46.31.11,2022.0,2.0
Торговля оптовая свежим картофелем,46.31.11,2023.0,2.0
Торговля оптовая свежим картофелем,46.31.11,2024.0,1.0
Торговля оптовая свежим картофелем,46.31.11,2025.0,2.0
Торговля оптовая прочими свежими овощами,46.31.12,2022.0,1.0
Торговля оптовая свежими фруктами и орехами,46.31.13,2022.0,7.0
Торговля оптовая свежими фруктами и орехами,46.31.13,2023.0,8.0
Торговля оптовая свежими фруктами и орехами,46.31.13,2024.0,10.0
Торговля оптовая свежими фруктами и орехами,46.31.13,2025.0,14.0
"Торговля оптовая консервированными овощами, фруктами и орехами",46.31.2,2021.0,1.0
"Торговля оптовая консервированными овощами, фруктами и орехами",46.31.2,2022.0,4.0
"Торговля оптовая консервированными овощами, фруктами и орехами",46.31.2,2023.0,2.0
"Торговля оптовая консервированными овощами, фруктами и орехами",46.31.2,2024.0,3.0
"Торговля оптовая консервированными овощами, фруктами и орехами",46.31.2,2025.0,4.0
Торговля оптовая мясом и мясными продуктами,46.32,2021.0,17.0
Торговля оптовая мясом и мясными продуктами,46.32,2022.0,30.0
Торговля оптовая мясом и мясными продуктами,46.32,2023.0,16.0
Торговля оптовая мясом и мясными продуктами,46.32,2024.0,11.0
Торговля оптовая мясом и мясными продуктами,46.32,2025.0,7.0
"Торговля оптовая мясом и мясом птицы, включая субпродукты",46.32.1,2021.0,3.0
"Торговля оптовая мясом и мясом птицы, включая субпродукты",46.32.1,2022.0,10.0
"Торговля оптовая мясом и мясом птицы, включая субпродукты",46.32.1,2023.0,4.0
"Торговля оптовая мясом и мясом птицы, включая субпродукты",46.32.1,2024.0,5.0
"Торговля оптовая мясом и мясом птицы, включая субпродукты",46.32.1,2025.0,2.0
Торговля оптовая продуктами из мяса и мяса птицы,46.32.2,2021.0,11.0
Торговля оптовая продуктами из мяса и мяса птицы,46.32.2,2022.0,11.0
Торговля оптовая продуктами из мяса и мяса птицы,46.32.2,2023.0,4.0
Торговля оптовая продуктами из мяса и мяса птицы,46.32.2,2024.0,1.0
Торговля оптовая продуктами из мяса и мяса птицы,46.32.2,2025.0,1.0
Торговля оптовая консервами из мяса и мяса птицы,46.32.3,2022.0,2.0
Торговля оптовая консервами из мяса и мяса птицы,46.32.3,2023.0,2.0
"Торговля оптовая молочными продуктами, яйцами и пищевыми маслами и жирами",46.33,2021.0,6.0
"Торговля оптовая молочными продуктами, яйцами и пищевыми маслами и жирами",46.33,2022.0,29.0
"Торговля оптовая молочными продуктами, яйцами и пищевыми маслами и жирами",46.33,2023.0,15.0
"Торговля оптовая молочными продуктами, яйцами и пищевыми маслами и жирами",46.33,2024.0,23.0
"Торговля оптовая молочными продуктами, яйцами и пищевыми маслами и жирами",46.33,2025.0,15.0
Торговля оптовая молочными продуктами,46.33.1,2021.0,3.0
Торговля оптовая молочными продуктами,46.33.1,2022.0,14.0
Торговля оптовая молочными продуктами,46.33.1,2023.0,7.0
Торговля оптовая молочными продуктами,46.33.1,2024.0,11.0
Торговля оптовая молочными продуктами,46.33.1,2025.0,10.0
Торговля оптовая яйцами,46.33.2,2021.0,1.0
Торговля оптовая яйцами,46.33.2,2024.0,1.0
Торговля оптовая яйцами,46.33.2,2025.0,3.0
Торговля оптовая пищевыми маслами и жирами,46.33.3,2022.0,8.0
Торговля оптовая пищевыми маслами и жирами,46.33.3,2023.0,1.0
Торговля оптовая пищевыми маслами и жирами,46.33.3,2024.0,1.0
Торговля оптовая пищевыми маслами и жирами,46.33.3,2025.0,2.0
Торговля оптовая напитками,46.34,2021.0,54.0
Торговля оптовая напитками,46.34,2022.0,73.0
Торговля оптовая напитками,46.34,2023.0,46.0
Торговля оптовая напитками,46.34,2024.0,47.0
Торговля оптовая напитками,46.34,2025.0,68.0
"Торговля оптовая соками, минеральной водой и прочими безалкогольными напитками",46.34.1,2022.0,7.0
"Торговля оптовая соками, минеральной водой и прочими безалкогольными напитками",46.34.1,2023.0,3.0
"Торговля оптовая соками, минеральной водой и прочими безалкогольными напитками",46.34.1,2024.0,6.0
"Торговля оптовая соками, минеральной водой и прочими безалкогольными напитками",46.34.1,2025.0,8.0
"Торговля оптовая алкогольными напитками, включая пиво и пищевой этиловый спирт",46.34.2,2021.0,37.0
"Торговля оптовая алкогольными напитками, включая пиво и пищевой этиловый спирт",46.34.2,2022.0,47.0
"Торговля оптовая алкогольными напитками, включая пиво и пищевой этиловый спирт",46.34.2,2023.0,32.0
"Торговля оптовая алкогольными напитками, включая пиво и пищевой этиловый спирт",46.34.2,2024.0,24.0
"Торговля оптовая алкогольными напитками, включая пиво и пищевой этиловый спирт",46.34.2,2025.0,23.0
"Торговля оптовая алкогольными напитками, кроме пива и пищевого этилового спирта",46.34.21,2021.0,5.0
"Торговля оптовая алкогольными напитками, кроме пива и пищевого этилового спирта",46.34.21,2022.0,3.0
"Торговля оптовая алкогольными напитками, кроме пива и пищевого этилового спирта",46.34.21,2023.0,2.0
"Торговля оптовая алкогольными напитками, кроме пива и пищевого этилового спирта",46.34.21,2024.0,1.0
"Торговля оптовая алкогольными напитками, кроме пива и пищевого этилового спирта",46.34.21,2025.0,2.0
Торговля оптовая пивом,46.34.23,2021.0,1.0
Торговля оптовая пивом,46.34.23,2022.0,2.0
Торговля оптовая пивом,46.34.23,2024.0,2.0
Торговля оптовая табачными изделиями,46.35,2021.0,58.0
Торговля оптовая табачными изделиями,46.35,2022.0,9.0
Торговля оптовая табачными изделиями,46.35,2023.0,4.0
Торговля оптовая табачными изделиями,46.35,2024.0,113.0
Торговля оптовая табачными изделиями,46.35,2025.0,59.0
"Торговля оптовая сахаром, шоколадом и сахаристыми кондитерскими изделиями",46.36,2021.0,14.0
"Торговля оптовая сахаром, шоколадом и сахаристыми кондитерскими изделиями",46.36,2022.0,29.0
"Торговля оптовая сахаром, шоколадом и сахаристыми кондитерскими изделиями",46.36,2023.0,14.0
"Торговля оптовая сахаром, шоколадом и сахаристыми кондитерскими изделиями",46.36,2024.0,14.0
"Торговля оптовая сахаром, шоколадом и сахаристыми кондитерскими изделиями",46.36,2025.0,17.0
Торговля оптовая сахаром,46.36.1,2021.0,4.0
Торговля оптовая сахаром,46.36.1,2022.0,7.0
Торговля оптовая сахаром,46.36.1,2023.0,7.0
Торговля оптовая сахаром,46.36.1,2024.0,4.0
Торговля оптовая сахаром,46.36.1,2025.0,1.0
Торговля оптовая шоколадом и сахаристыми кондитерскими изделиями,46.36.2,2021.0,5.0
Торговля оптовая шоколадом и сахаристыми кондитерскими изделиями,46.36.2,2022.0,6.0
Торговля оптовая шоколадом и сахаристыми кондитерскими изделиями,46.36.2,2023.0,4.0
Торговля оптовая шоколадом и сахаристыми кондитерскими изделиями,46.36.2,2024.0,6.0
Торговля оптовая шоколадом и сахаристыми кондитерскими изделиями,46.36.2,2025.0,7.0
Торговля оптовая мучными кондитерскими изделиями,46.36.3,2021.0,1.0
Торговля оптовая хлебобулочными изделиями,46.36.4,2024.0,2.0
Торговля оптовая хлебобулочными изделиями,46.36.4,2025.0,4.0
"Торговля оптовая кофе, чаем, какао и пряностями",46.37,2022.0,4.0
"Торговля оптовая кофе, чаем, какао и пряностями",46.37,2023.0,3.0
"Торговля оптовая кофе, чаем, какао и пряностями",46.37,2024.0,2.0
"Торговля оптовая кофе, чаем, какао и пряностями",46.37,2025.0,2.0
"Торговля оптовая прочими пищевыми продуктами, включая рыбу, ракообразных и моллюсков",46.38,2021.0,46.0
"Торговля оптовая прочими пищевыми продуктами, включая рыбу, ракообразных и моллюсков",46.38,2022.0,70.0
"Торговля оптовая прочими пищевыми продуктами, включая рыбу, ракообразных и моллюсков",46.38,2023.0,50.0
"Торговля оптовая прочими пищевыми продуктами, включая рыбу, ракообразных и моллюсков",46.38,2024.0,53.0
"Торговля оптовая прочими пищевыми продуктами, включая рыбу, ракообразных и моллюсков",46.38,2025.0,58.0
"Торговля оптовая рыбой, ракообразными и моллюсками, консервами и пресервами из рыбы и морепродуктов",46.38.1,2021.0,9.0
"Торговля оптовая рыбой, ракообразными и моллюсками, консервами и пресервами из рыбы и морепродуктов",46.38.1,2022.0,11.0
"Торговля оптовая рыбой, ракообразными и моллюсками, консервами и пресервами из рыбы и морепродуктов",46.38.1,2023.0,3.0
"Торговля оптовая рыбой, ракообразными и моллюсками, консервами и пресервами из рыбы и морепродуктов",46.38.1,2024.0,4.0
"Торговля оптовая рыбой, ракообразными и моллюсками, консервами и пресервами из рыбы и морепродуктов",46.38.1,2025.0,4.0
Торговля оптовая прочими пищевыми продуктами,46.38.2,2021.0,29.0
Торговля оптовая прочими пищевыми продуктами,46.38.2,2022.0,50.0
Торговля оптовая прочими пищевыми продуктами,46.38.2,2023.0,32.0
Торговля оптовая прочими пищевыми продуктами,46.38.2,2024.0,37.0
Торговля оптовая прочими пищевыми продуктами,46.38.2,2025.0,42.0
"Торговля оптовая гомогенизированными пищевыми продуктами, детским и диетическим питанием",46.38.21,2022.0,3.0
"Торговля оптовая гомогенизированными пищевыми продуктами, детским и диетическим питанием",46.38.21,2023.0,2.0
"Торговля оптовая гомогенизированными пищевыми продуктами, детским и диетическим питанием",46.38.21,2024.0,1.0
"Торговля оптовая гомогенизированными пищевыми продуктами, детским и диетическим питанием",46.38.21,2025.0,2.0
Торговля оптовая кормами для домашних животных,46.38.22,2022.0,4.0
Торговля оптовая кормами для домашних животных,46.38.22,2023.0,1.0
Торговля оптовая кормами для домашних животных,46.38.22,2024.0,4.0
Торговля оптовая кормами для домашних животных,46.38.22,2025.0,4.0
Торговля оптовая мукой и макаронными изделиями,46.38.23,2021.0,1.0
Торговля оптовая мукой и макаронными изделиями,46.38.23,2022.0,1.0
Торговля оптовая мукой и макаронными изделиями,46.38.23,2023.0,2.0
Торговля оптовая крупами,46.38.24,2022.0,2.0
Торговля оптовая крупами,46.38.24,2023.0,2.0
Торговля оптовая крупами,46.38.24,2024.0,1.0
Торговля оптовая крупами,46.38.24,2025.0,2.0
Торговля оптовая солью,46.38.25,2023.0,1.0
Торговля оптовая солью,46.38.25,2024.0,1.0
Торговля оптовая солью,46.38.25,2025.0,1.0
"Торговля оптовая прочими пищевыми продуктами, не включенными в другие группировки",46.38.29,2021.0,28.0
"Торговля оптовая прочими пищевыми продуктами, не включенными в другие группировки",46.38.29,2022.0,38.0
"Торговля оптовая прочими пищевыми продуктами, не включенными в другие группировки",46.38.29,2023.0,24.0
"Торговля оптовая прочими пищевыми продуктами, не включенными в другие группировки",46.38.29,2024.0,30.0
"Торговля оптовая прочими пищевыми продуктами, не включенными в другие группировки",46.38.29,2025.0,33.0
"Торговля оптовая неспециализированная пищевыми продуктами, напитками и табачными изделиями",46.39,2021.0,31.0
"Торговля оптовая неспециализированная пищевыми продуктами, напитками и табачными изделиями",46.39,2022.0,32.0
"Торговля оптовая неспециализированная пищевыми продуктами, напитками и табачными изделиями",46.39,2023.0,27.0
"Торговля оптовая неспециализированная пищевыми продуктами, напитками и табачными изделиями",46.39,2024.0,19.0
"Торговля оптовая неспециализированная пищевыми продуктами, напитками и табачными изделиями",46.39,2025.0,18.0
Торговля оптовая неспециализированная замороженными пищевыми продуктами,46.39.1,2021.0,1.0
Торговля оптовая неспециализированная замороженными пищевыми продуктами,46.39.1,2022.0,1.0
Торговля оптовая неспециализированная замороженными пищевыми продуктами,46.39.1,2023.0,3.0
Торговля оптовая неспециализированная замороженными пищевыми продуктами,46.39.1,2025.0,1.0
"Торговля оптовая неспециализированная незамороженными пищевыми продуктами, напитками и табачными изделиями",46.39.2,2021.0,6.0
"Торговля оптовая неспециализированная незамороженными пищевыми продуктами, напитками и табачными изделиями",46.39.2,2022.0,5.0
"Торговля оптовая неспециализированная незамороженными пищевыми продуктами, напитками и табачными изделиями",46.39.2,2023.0,9.0
"Торговля оптовая неспециализированная незамороженными пищевыми продуктами, напитками и табачными изделиями",46.39.2,2024.0,4.0
Торговля оптовая непродовольственными потребительскими товарами,46.4,2021.0,207.0
Торговля оптовая непродовольственными потребительскими товарами,46.4,2022.0,256.0
Торговля оптовая непродовольственными потребительскими товарами,46.4,2023.0,134.0
Торговля оптовая непродовольственными потребительскими товарами,46.4,2024.0,161.0
Торговля оптовая непродовольственными потребительскими товарами,46.4,2025.0,202.0
Торговля оптовая текстильными изделиями,46.41,2021.0,5.0
Торговля оптовая текстильными изделиями,46.41,2022.0,7.0
Торговля оптовая текстильными изделиями,46.41,2023.0,5.0
Торговля оптовая текстильными изделиями,46.41,2024.0,4.0
Торговля оптовая текстильными изделиями,46.41,2025.0,5.0
"Торговля оптовая текстильными изделиями, кроме текстильных галантерейных изделий",46.41.1,2022.0,1.0
"Торговля оптовая текстильными изделиями, кроме текстильных галантерейных изделий",46.41.1,2023.0,1.0
"Торговля оптовая текстильными изделиями, кроме текстильных галантерейных изделий",46.41.1,2024.0,2.0
Торговля оптовая галантерейными изделиями,46.41.2,2022.0,1.0
Торговля оптовая галантерейными изделиями,46.41.2,2023.0,2.0
Торговля оптовая галантерейными изделиями,46.41.2,2025.0,1.0
Торговля оптовая одеждой и обувью,46.42,2021.0,10.0
Торговля оптовая одеждой и обувью,46.42,2022.0,5.0
Торговля оптовая одеждой и обувью,46.42,2023.0,6.0
Торговля оптовая одеждой и обувью,46.42,2024.0,35.0
Торговля оптовая одеждой и обувью,46.42,2025.0,10.0
Торговля оптовая одеждой,46.42.1,2021.0,5.0
Торговля оптовая одеждой,46.42.1,2022.0,4.0
Торговля оптовая одеждой,46.42.1,2023.0,2.0
Торговля оптовая одеждой,46.42.1,2024.0,30.0
Торговля оптовая одеждой,46.42.1,2025.0,6.0
"Торговля оптовая одеждой, включая спортивную, кроме нательного белья",46.42.11,2021.0,3.0
"Торговля оптовая одеждой, включая спортивную, кроме нательного белья",46.42.11,2022.0,4.0
"Торговля оптовая одеждой, включая спортивную, кроме нательного белья",46.42.11,2023.0,2.0
"Торговля оптовая одеждой, включая спортивную, кроме нательного белья",46.42.11,2024.0,29.0
"Торговля оптовая одеждой, включая спортивную, кроме нательного белья",46.42.11,2025.0,1.0
Торговля оптовая нательным бельем,46.42.12,2021.0,2.0
Торговля оптовая нательным бельем,46.42.12,2024.0,1.0
Торговля оптовая нательным бельем,46.42.12,2025.0,5.0
Торговля оптовая обувью,46.42.2,2023.0,3.0
Торговля оптовая обувью,46.42.2,2024.0,2.0
Торговля оптовая обувью,46.42.2,2025.0,3.0
Торговля оптовая бытовыми электротоварами,46.43,2021.0,6.0
Торговля оптовая бытовыми электротоварами,46.43,2022.0,20.0
Торговля оптовая бытовыми электротоварами,46.43,2023.0,11.0
Торговля оптовая бытовыми электротоварами,46.43,2024.0,20.0
Торговля оптовая бытовыми электротоварами,46.43,2025.0,21.0
Торговля оптовая электрической бытовой техникой,46.43.1,2021.0,3.0
Торговля оптовая электрической бытовой техникой,46.43.1,2022.0,5.0
Торговля оптовая электрической бытовой техникой,46.43.1,2023.0,5.0
Торговля оптовая электрической бытовой техникой,46.43.1,2024.0,9.0
Торговля оптовая электрической бытовой техникой,46.43.1,2025.0,12.0
"Торговля оптовая радио-, теле- и видеоаппаратурой и аппаратурой для цифровых видеодисков (DVD)",46.43.2,2021.0,1.0
"Торговля оптовая радио-, теле- и видеоаппаратурой и аппаратурой для цифровых видеодисков (DVD)",46.43.2,2022.0,2.0
"Торговля оптовая радио-, теле- и видеоаппаратурой и аппаратурой для цифровых видеодисков (DVD)",46.43.2,2024.0,1.0
"Торговля оптовая радио-, теле- и видеоаппаратурой и аппаратурой для цифровых видеодисков (DVD)",46.43.2,2025.0,3.0
Торговля оптовая фототоварами и оптическими товарами,46.43.4,2023.0,1.0
Торговля оптовая фототоварами и оптическими товарами,46.43.4,2024.0,1.0
Торговля оптовая фототоварами и оптическими товарами,46.43.4,2025.0,1.0
Торговля оптовая изделиями из керамики и стекла и чистящими средствами,46.44,2021.0,5.0
Торговля оптовая изделиями из керамики и стекла и чистящими средствами,46.44,2022.0,11.0
Торговля оптовая изделиями из керамики и стекла и чистящими средствами,46.44,2024.0,3.0
Торговля оптовая изделиями из керамики и стекла и чистящими средствами,46.44,2025.0,7.0
Торговля оптовая изделиями из керамики и стекла,46.44.1,2021.0,2.0
Торговля оптовая изделиями из керамики и стекла,46.44.1,2022.0,3.0
Торговля оптовая изделиями из керамики и стекла,46.44.1,2024.0,2.0
Торговля оптовая изделиями из керамики и стекла,46.44.1,2025.0,3.0
Торговля оптовая чистящими средствами,46.44.2,2021.0,1.0
Торговля оптовая чистящими средствами,46.44.2,2022.0,5.0
Торговля оптовая чистящими средствами,46.44.2,2025.0,1.0
Торговля оптовая парфюмерными и косметическими товарами,46.45,2021.0,14.0
Торговля оптовая парфюмерными и косметическими товарами,46.45,2022.0,20.0
Торговля оптовая парфюмерными и косметическими товарами,46.45,2023.0,9.0
Торговля оптовая парфюмерными и косметическими товарами,46.45,2024.0,12.0
Торговля оптовая парфюмерными и косметическими товарами,46.45,2025.0,16.0
"Торговля оптовая парфюмерными и косметическими товарами, кроме мыла",46.45.1,2021.0,12.0
"Торговля оптовая парфюмерными и косметическими товарами, кроме мыла",46.45.1,2022.0,20.0
"Торговля оптовая парфюмерными и косметическими товарами, кроме мыла",46.45.1,2023.0,6.0
"Торговля оптовая парфюмерными и косметическими товарами, кроме мыла",46.45.1,2024.0,11.0
"Торговля оптовая парфюмерными и косметическими товарами, кроме мыла",46.45.1,2025.0,15.0
Торговля оптовая туалетным и хозяйственным мылом,46.45.2,2023.0,1.0
Торговля оптовая туалетным и хозяйственным мылом,46.45.2,2024.0,1.0
Торговля оптовая туалетным и хозяйственным мылом,46.45.2,2025.0,1.0
Торговля оптовая фармацевтической продукцией,46.46,2021.0,135.0
Торговля оптовая фармацевтической продукцией,46.46,2022.0,134.0
Торговля оптовая фармацевтической продукцией,46.46,2023.0,63.0
Торговля оптовая фармацевтической продукцией,46.46,2024.0,52.0
Торговля оптовая фармацевтической продукцией,46.46,2025.0,97.0
Торговля оптовая фармацевтической продукцией,46.46.1,2021.0,56.0
Торговля оптовая фармацевтической продукцией,46.46.1,2022.0,48.0
Торговля оптовая фармацевтической продукцией,46.46.1,2023.0,34.0
Торговля оптовая фармацевтической продукцией,46.46.1,2024.0,32.0
Торговля оптовая фармацевтической продукцией,46.46.1,2025.0,44.0
"Торговля оптовая изделиями, применяемыми в медицинских целях",46.46.2,2021.0,9.0
"Торговля оптовая изделиями, применяемыми в медицинских целях",46.46.2,2022.0,10.0
"Торговля оптовая изделиями, применяемыми в медицинских целях",46.46.2,2023.0,6.0
"Торговля оптовая изделиями, применяемыми в медицинских целях",46.46.2,2024.0,2.0
"Торговля оптовая изделиями, применяемыми в медицинских целях",46.46.2,2025.0,13.0
"Торговля оптовая мебелью, коврами и осветительным оборудованием",46.47,2021.0,5.0
"Торговля оптовая мебелью, коврами и осветительным оборудованием",46.47,2022.0,10.0
"Торговля оптовая мебелью, коврами и осветительным оборудованием",46.47,2023.0,2.0
"Торговля оптовая мебелью, коврами и осветительным оборудованием",46.47,2024.0,13.0
"Торговля оптовая мебелью, коврами и осветительным оборудованием",46.47,2025.0,16.0
Торговля оптовая бытовой мебелью,46.47.1,2021.0,1.0
Торговля оптовая бытовой мебелью,46.47.1,2023.0,1.0
Торговля оптовая осветительным оборудованием,46.47.2,2022.0,1.0
Торговля оптовая коврами и ковровыми изделиями,46.47.3,2021.0,1.0
Торговля оптовая коврами и ковровыми изделиями,46.47.3,2022.0,3.0
Торговля оптовая коврами и ковровыми изделиями,46.47.3,2024.0,1.0
Торговля оптовая коврами и ковровыми изделиями,46.47.3,2025.0,1.0
Торговля оптовая часами и ювелирными изделиями,46.48,2021.0,1.0
Торговля оптовая часами и ювелирными изделиями,46.48,2022.0,1.0
Торговля оптовая часами и ювелирными изделиями,46.48,2024.0,7.0
Торговля оптовая часами и ювелирными изделиями,46.48,2025.0,2.0
Торговля оптовая ювелирными изделиями,46.48.2,2024.0,1.0
Торговля оптовая ювелирными изделиями,46.48.2,2025.0,1.0
Торговля оптовая прочими бытовыми товарами,46.49,2021.0,26.0
Торговля оптовая прочими бытовыми товарами,46.49,2022.0,48.0
Торговля оптовая прочими бытовыми товарами,46.49,2023.0,38.0
Торговля оптовая прочими бытовыми товарами,46.49,2024.0,15.0
Торговля оптовая прочими бытовыми товарами,46.49,2025.0,28.0
Торговля оптовая ножевыми изделиями и бытовой металлической посудой,46.49.1,2022.0,1.0
Торговля оптовая ножевыми изделиями и бытовой металлической посудой,46.49.1,2023.0,1.0
"Торговля оптовая книгами, газетами и журналами, писчебумажными и канцелярскими товарами",46.49.3,2021.0,3.0
"Торговля оптовая книгами, газетами и журналами, писчебумажными и канцелярскими товарами",46.49.3,2022.0,11.0
"Торговля оптовая книгами, газетами и журналами, писчебумажными и канцелярскими товарами",46.49.3,2023.0,9.0
"Торговля оптовая книгами, газетами и журналами, писчебумажными и канцелярскими товарами",46.49.3,2024.0,1.0
"Торговля оптовая книгами, газетами и журналами, писчебумажными и канцелярскими товарами",46.49.3,2025.0,2.0
Торговля оптовая газетами и журналами,46.49.32,2022.0,1.0
Торговля оптовая газетами и журналами,46.49.32,2023.0,1.0
Торговля оптовая писчебумажными и канцелярскими товарами,46.49.33,2021.0,3.0
Торговля оптовая писчебумажными и канцелярскими товарами,46.49.33,2022.0,10.0
Торговля оптовая писчебумажными и канцелярскими товарами,46.49.33,2023.0,8.0
Торговля оптовая писчебумажными и канцелярскими товарами,46.49.33,2024.0,1.0
Торговля оптовая писчебумажными и канцелярскими товарами,46.49.33,2025.0,1.0
Торговля оптовая прочими потребительскими товарами,46.49.4,2021.0,14.0
Торговля оптовая прочими потребительскими товарами,46.49.4,2022.0,22.0
Торговля оптовая прочими потребительскими товарами,46.49.4,2023.0,16.0
Торговля оптовая прочими потребительскими товарами,46.49.4,2024.0,9.0
Торговля оптовая прочими потребительскими товарами,46.49.4,2025.0,20.0
Торговля оптовая музыкальными инструментами и нотными изданиями,46.49.41,2024.0,1.0
Торговля оптовая играми и игрушками,46.49.42,2021.0,2.0
Торговля оптовая играми и игрушками,46.49.42,2022.0,5.0
Торговля оптовая играми и игрушками,46.49.42,2023.0,2.0
Торговля оптовая играми и игрушками,46.49.42,2025.0,2.0
"Торговля оптовая спортивными товарами, включая велосипеды",46.49.43,2021.0,3.0
"Торговля оптовая спортивными товарами, включая велосипеды",46.49.43,2022.0,3.0
"Торговля оптовая прочими потребительскими товарами, не включенными в другие группировки",46.49.49,2021.0,9.0
"Торговля оптовая прочими потребительскими товарами, не включенными в другие группировки",46.49.49,2022.0,14.0
"Торговля оптовая прочими потребительскими товарами, не включенными в другие группировки",46.49.49,2023.0,13.0
"Торговля оптовая прочими потребительскими товарами, не включенными в другие группировки",46.49.49,2024.0,8.0
"Торговля оптовая прочими потребительскими товарами, не включенными в другие группировки",46.49.49,2025.0,18.0
Торговля оптовая информационным и коммуникационным оборудованием,46.5,2021.0,20.0
Торговля оптовая информационным и коммуникационным оборудованием,46.5,2022.0,32.0
Торговля оптовая информационным и коммуникационным оборудованием,46.5,2023.0,19.0
Торговля оптовая информационным и коммуникационным оборудованием,46.5,2024.0,17.0
Торговля оптовая информационным и коммуникационным оборудованием,46.5,2025.0,19.0
"Торговля оптовая компьютерами, периферийными устройствами к компьютерам и программным обеспечением",46.51,2021.0,12.0
"Торговля оптовая компьютерами, периферийными устройствами к компьютерам и программным обеспечением",46.51,2022.0,26.0
"Торговля оптовая компьютерами, периферийными устройствами к компьютерам и программным обеспечением",46.51,2023.0,11.0
"Торговля оптовая компьютерами, периферийными устройствами к компьютерам и программным обеспечением",46.51,2024.0,9.0
"Торговля оптовая компьютерами, периферийными устройствами к компьютерам и программным обеспечением",46.51,2025.0,11.0
Торговля оптовая компьютерами и периферийными устройствами,46.51.1,2021.0,6.0
Торговля оптовая компьютерами и периферийными устройствами,46.51.1,2022.0,8.0
Торговля оптовая компьютерами и периферийными устройствами,46.51.1,2023.0,5.0
Торговля оптовая компьютерами и периферийными устройствами,46.51.1,2024.0,5.0
Торговля оптовая компьютерами и периферийными устройствами,46.51.1,2025.0,6.0
Торговля оптовая программным обеспечением,46.51.2,2021.0,1.0
Торговля оптовая программным обеспечением,46.51.2,2022.0,4.0
Торговля оптовая программным обеспечением,46.51.2,2023.0,2.0
Торговля оптовая программным обеспечением,46.51.2,2025.0,1.0
Торговля оптовая электронным и телекоммуникационным оборудованием и его запасными частями,46.52,2021.0,8.0
Торговля оптовая электронным и телекоммуникационным оборудованием и его запасными частями,46.52,2022.0,6.0
Торговля оптовая электронным и телекоммуникационным оборудованием и его запасными частями,46.52,2023.0,8.0
Торговля оптовая электронным и телекоммуникационным оборудованием и его запасными частями,46.52,2024.0,8.0
Торговля оптовая электронным и телекоммуникационным оборудованием и его запасными частями,46.52,2025.0,8.0
Торговля оптовая телекоммуникационным оборудованием и его запасными частями,46.52.1,2021.0,1.0
Торговля оптовая телекоммуникационным оборудованием и его запасными частями,46.52.1,2022.0,1.0
Торговля оптовая телекоммуникационным оборудованием и его запасными частями,46.52.1,2023.0,1.0
Торговля оптовая телекоммуникационным оборудованием и его запасными частями,46.52.1,2024.0,1.0
Торговля оптовая телекоммуникационным оборудованием и его запасными частями,46.52.1,2025.0,1.0
Торговля оптовая электронным оборудованием и его запасными частями,46.52.2,2021.0,2.0
Торговля оптовая электронным оборудованием и его запасными частями,46.52.2,2022.0,2.0
Торговля оптовая электронным оборудованием и его запасными частями,46.52.2,2023.0,2.0
Торговля оптовая электронным оборудованием и его запасными частями,46.52.2,2024.0,2.0
Торговля оптовая электронным оборудованием и его запасными частями,46.52.2,2025.0,3.0
"Торговля оптовая аудио- и видеомагнитными лентами и дискетами, магнитными и оптическими дисками, компакт-дисками (CD), цифровыми видеодисками (DVD) и прочими техническими носителями информации без записей",46.52.3,2021.0,1.0
"Торговля оптовая аудио- и видеомагнитными лентами и дискетами, магнитными и оптическими дисками, компакт-дисками (CD), цифровыми видеодисками (DVD) и прочими техническими носителями информации без записей",46.52.3,2022.0,1.0
"Торговля оптовая аудио- и видеомагнитными лентами и дискетами, магнитными и оптическими дисками, компакт-дисками (CD), цифровыми видеодисками (DVD) и прочими техническими носителями информации без записей",46.52.3,2023.0,1.0
"Торговля оптовая аудио- и видеомагнитными лентами и дискетами, магнитными и оптическими дисками, компакт-дисками (CD), цифровыми видеодисками (DVD) и прочими техническими носителями информации без записей",46.52.3,2024.0,2.0
"Торговля оптовая аудио- и видеомагнитными лентами и дискетами, магнитными и оптическими дисками, компакт-дисками (CD), цифровыми видеодисками (DVD) и прочими техническими носителями информации без записей",46.52.3,2025.0,1.0
"Торговля оптовая прочими машинами, оборудованием и принадлежностями",46.6,2021.0,100.0
"Торговля оптовая прочими машинами, оборудованием и принадлежностями",46.6,2022.0,219.0
"Торговля оптовая прочими машинами, оборудованием и принадлежностями",46.6,2023.0,88.0
"Торговля оптовая прочими машинами, оборудованием и принадлежностями",46.6,2024.0,87.0
"Торговля оптовая прочими машинами, оборудованием и принадлежностями",46.6,2025.0,108.0
"Торговля оптовая машинами, оборудованием и инструментами для сельского хозяйства",46.61,2021.0,29.0
"Торговля оптовая машинами, оборудованием и инструментами для сельского хозяйства",46.61,2022.0,57.0
"Торговля оптовая машинами, оборудованием и инструментами для сельского хозяйства",46.61,2023.0,11.0
"Торговля оптовая машинами, оборудованием и инструментами для сельского хозяйства",46.61,2024.0,8.0
"Торговля оптовая машинами, оборудованием и инструментами для сельского хозяйства",46.61,2025.0,9.0
"Торговля оптовая сельскохозяйственными и лесохозяйственными машинами, оборудованием и инструментами, включая тракторы",46.61.1,2021.0,16.0
"Торговля оптовая сельскохозяйственными и лесохозяйственными машинами, оборудованием и инструментами, включая тракторы",46.61.1,2022.0,38.0
"Торговля оптовая сельскохозяйственными и лесохозяйственными машинами, оборудованием и инструментами, включая тракторы",46.61.1,2023.0,8.0
"Торговля оптовая сельскохозяйственными и лесохозяйственными машинами, оборудованием и инструментами, включая тракторы",46.61.1,2024.0,4.0
"Торговля оптовая сельскохозяйственными и лесохозяйственными машинами, оборудованием и инструментами, включая тракторы",46.61.1,2025.0,7.0
Торговля оптовая садово-огородной техникой и инвентарем,46.61.2,2021.0,1.0
Торговля оптовая станками,46.62,2021.0,6.0
Торговля оптовая станками,46.62,2022.0,7.0
Торговля оптовая станками,46.62,2023.0,4.0
Торговля оптовая станками,46.62,2024.0,3.0
Торговля оптовая станками,46.62,2025.0,4.0
Торговля оптовая деревообрабатывающими станками,46.62.1,2021.0,2.0
Торговля оптовая деревообрабатывающими станками,46.62.1,2022.0,4.0
Торговля оптовая деревообрабатывающими станками,46.62.1,2023.0,1.0
Торговля оптовая металлообрабатывающими станками,46.62.2,2021.0,1.0
Торговля оптовая металлообрабатывающими станками,46.62.2,2022.0,1.0
Торговля оптовая металлообрабатывающими станками,46.62.2,2023.0,1.0
Торговля оптовая металлообрабатывающими станками,46.62.2,2024.0,1.0
Торговля оптовая металлообрабатывающими станками,46.62.2,2025.0,2.0
Торговля оптовая машинами и оборудованием для добычи полезных ископаемых и строительства,46.63,2021.0,19.0
Торговля оптовая машинами и оборудованием для добычи полезных ископаемых и строительства,46.63,2022.0,12.0
Торговля оптовая машинами и оборудованием для добычи полезных ископаемых и строительства,46.63,2023.0,4.0
Торговля оптовая машинами и оборудованием для добычи полезных ископаемых и строительства,46.63,2024.0,1.0
Торговля оптовая машинами и оборудованием для добычи полезных ископаемых и строительства,46.63,2025.0,2.0
"Торговля оптовая машинами и оборудованием для текстильного, швейного и трикотажного производств",46.64,2022.0,1.0
"Торговля оптовая машинами и оборудованием для текстильного, швейного и трикотажного производств",46.64,2023.0,1.0
Торговля оптовая офисной мебелью,46.65,2021.0,1.0
Торговля оптовая офисной мебелью,46.65,2022.0,1.0
Торговля оптовая офисной мебелью,46.65,2023.0,1.0
Торговля оптовая офисной мебелью,46.65,2025.0,1.0
Торговля оптовая прочей офисной техникой и оборудованием,46.66,2021.0,2.0
Торговля оптовая прочей офисной техникой и оборудованием,46.66,2022.0,4.0
Торговля оптовая прочей офисной техникой и оборудованием,46.66,2023.0,8.0
Торговля оптовая прочей офисной техникой и оборудованием,46.66,2024.0,8.0
Торговля оптовая прочей офисной техникой и оборудованием,46.66,2025.0,6.0
Торговля оптовая прочими машинами и оборудованием,46.69,2021.0,43.0
Торговля оптовая прочими машинами и оборудованием,46.69,2022.0,137.0
Торговля оптовая прочими машинами и оборудованием,46.69,2023.0,59.0
Торговля оптовая прочими машинами и оборудованием,46.69,2024.0,67.0
Торговля оптовая прочими машинами и оборудованием,46.69,2025.0,86.0
"Торговля оптовая транспортными средствами, кроме автомобилей, мотоциклов и велосипедов",46.69.1,2022.0,4.0
"Торговля оптовая транспортными средствами, кроме автомобилей, мотоциклов и велосипедов",46.69.1,2024.0,5.0
"Торговля оптовая транспортными средствами, кроме автомобилей, мотоциклов и велосипедов",46.69.1,2025.0,1.0
Торговля оптовая эксплуатационными материалами и принадлежностями машин,46.69.2,2021.0,3.0
Торговля оптовая эксплуатационными материалами и принадлежностями машин,46.69.2,2022.0,6.0
Торговля оптовая эксплуатационными материалами и принадлежностями машин,46.69.2,2024.0,6.0
Торговля оптовая эксплуатационными материалами и принадлежностями машин,46.69.2,2025.0,7.0
Торговля оптовая подъемно-транспортными машинами и оборудованием,46.69.3,2021.0,3.0
Торговля оптовая подъемно-транспортными машинами и оборудованием,46.69.3,2022.0,7.0
Торговля оптовая подъемно-транспортными машинами и оборудованием,46.69.3,2023.0,1.0
Торговля оптовая подъемно-транспортными машинами и оборудованием,46.69.3,2024.0,2.0
Торговля оптовая подъемно-транспортными машинами и оборудованием,46.69.3,2025.0,5.0
"Торговля оптовая машинами и оборудованием для производства пищевых продуктов, напитков и табачных изделий",46.69.4,2022.0,4.0
"Торговля оптовая машинами и оборудованием для производства пищевых продуктов, напитков и табачных изделий",46.69.4,2023.0,7.0
"Торговля оптовая машинами и оборудованием для производства пищевых продуктов, напитков и табачных изделий",46.69.4,2024.0,2.0
"Торговля оптовая машинами и оборудованием для производства пищевых продуктов, напитков и табачных изделий",46.69.4,2025.0,6.0
"Торговля оптовая производственным электротехническим оборудованием, машинами, аппаратурой и материалами",46.69.5,2021.0,13.0
"Торговля оптовая производственным электротехническим оборудованием, машинами, аппаратурой и материалами",46.69.5,2022.0,65.0
"Торговля оптовая производственным электротехническим оборудованием, машинами, аппаратурой и материалами",46.69.5,2023.0,28.0
"Торговля оптовая производственным электротехническим оборудованием, машинами, аппаратурой и материалами",46.69.5,2024.0,26.0
"Торговля оптовая производственным электротехническим оборудованием, машинами, аппаратурой и материалами",46.69.5,2025.0,36.0
"Торговля оптовая техникой, оборудованием и инструментами, применяемыми в медицинских целях",46.69.8,2021.0,2.0
"Торговля оптовая техникой, оборудованием и инструментами, применяемыми в медицинских целях",46.69.8,2022.0,5.0
"Торговля оптовая техникой, оборудованием и инструментами, применяемыми в медицинских целях",46.69.8,2024.0,2.0
"Торговля оптовая техникой, оборудованием и инструментами, применяемыми в медицинских целях",46.69.8,2025.0,1.0
"Торговля оптовая прочими машинами, приборами, аппаратурой и оборудованием общепромышленного и специального назначения",46.69.9,2021.0,16.0
"Торговля оптовая прочими машинами, приборами, аппаратурой и оборудованием общепромышленного и специального назначения",46.69.9,2022.0,28.0
"Торговля оптовая прочими машинами, приборами, аппаратурой и оборудованием общепромышленного и специального назначения",46.69.9,2023.0,14.0
"Торговля оптовая прочими машинами, приборами, аппаратурой и оборудованием общепромышленного и специального назначения",46.69.9,2024.0,14.0
"Торговля оптовая прочими машинами, приборами, аппаратурой и оборудованием общепромышленного и специального назначения",46.69.9,2025.0,22.0
Торговля оптовая специализированная прочая,46.7,2021.0,114.0
Торговля оптовая специализированная прочая,46.7,2022.0,271.0
Торговля оптовая специализированная прочая,46.7,2023.0,168.0
Торговля оптовая специализированная прочая,46.7,2024.0,204.0
Торговля оптовая специализированная прочая,46.7,2025.0,208.0
"Торговля оптовая твердым, жидким и газообразным топливом и подобными продуктами",46.71,2021.0,31.0
"Торговля оптовая твердым, жидким и газообразным топливом и подобными продуктами",46.71,2022.0,62.0
"Торговля оптовая твердым, жидким и газообразным топливом и подобными продуктами",46.71,2023.0,35.0
"Торговля оптовая твердым, жидким и газообразным топливом и подобными продуктами",46.71,2024.0,59.0
"Торговля оптовая твердым, жидким и газообразным топливом и подобными продуктами",46.71,2025.0,53.0
Торговля оптовая твердым топливом,46.71.1,2021.0,2.0
Торговля оптовая твердым топливом,46.71.1,2022.0,5.0
Торговля оптовая твердым топливом,46.71.1,2023.0,3.0
Торговля оптовая твердым топливом,46.71.1,2024.0,3.0
Торговля оптовая твердым топливом,46.71.1,2025.0,2.0
"Торговля оптовая моторным топливом, включая авиационный бензин",46.71.2,2021.0,15.0
"Торговля оптовая моторным топливом, включая авиационный бензин",46.71.2,2022.0,21.0
"Торговля оптовая моторным топливом, включая авиационный бензин",46.71.2,2023.0,14.0
"Торговля оптовая моторным топливом, включая авиационный бензин",46.71.2,2024.0,20.0
"Торговля оптовая моторным топливом, включая авиационный бензин",46.71.2,2025.0,11.0
Торговля оптовая нефтью,46.71.3,2021.0,1.0
Торговля оптовая нефтью,46.71.3,2022.0,1.0
Торговля оптовая нефтью,46.71.3,2023.0,2.0
Торговля оптовая нефтью,46.71.3,2024.0,3.0
Торговля оптовая нефтью,46.71.3,2025.0,4.0
Торговля оптовая природным (естественным) газом,46.71.4,2021.0,1.0
Торговля оптовая природным (естественным) газом,46.71.4,2022.0,2.0
Торговля оптовая природным (естественным) газом,46.71.4,2024.0,3.0
Торговля оптовая природным (естественным) газом,46.71.4,2025.0,1.0
Торговля оптовая сжиженными углеводородными газами,46.71.5,2024.0,1.0
Торговля оптовая сжиженными углеводородными газами,46.71.5,2025.0,1.0
Торговля оптовая прочим топливом и подобными продуктами,46.71.9,2021.0,2.0
Торговля оптовая прочим топливом и подобными продуктами,46.71.9,2022.0,6.0
Торговля оптовая прочим топливом и подобными продуктами,46.71.9,2023.0,8.0
Торговля оптовая прочим топливом и подобными продуктами,46.71.9,2024.0,21.0
Торговля оптовая прочим топливом и подобными продуктами,46.71.9,2025.0,24.0
Торговля оптовая металлами и металлическими рудами,46.72,2021.0,16.0
Торговля оптовая металлами и металлическими рудами,46.72,2022.0,40.0
Торговля оптовая металлами и металлическими рудами,46.72,2023.0,39.0
Торговля оптовая металлами и металлическими рудами,46.72,2024.0,47.0
Торговля оптовая металлами и металлическими рудами,46.72,2025.0,44.0
Торговля оптовая металлическими рудами,46.72.1,2021.0,3.0
Торговля оптовая металлическими рудами,46.72.1,2022.0,8.0
Торговля оптовая металлическими рудами,46.72.1,2024.0,2.0
Торговля оптовая металлами в первичных формах,46.72.2,2021.0,8.0
Торговля оптовая металлами в первичных формах,46.72.2,2022.0,17.0
Торговля оптовая металлами в первичных формах,46.72.2,2023.0,30.0
Торговля оптовая металлами в первичных формах,46.72.2,2024.0,35.0
Торговля оптовая металлами в первичных формах,46.72.2,2025.0,35.0
Торговля оптовая черными металлами в первичных формах,46.72.21,2021.0,7.0
Торговля оптовая черными металлами в первичных формах,46.72.21,2022.0,8.0
Торговля оптовая черными металлами в первичных формах,46.72.21,2023.0,27.0
Торговля оптовая черными металлами в первичных формах,46.72.21,2024.0,32.0
Торговля оптовая черными металлами в первичных формах,46.72.21,2025.0,33.0
"Торговля оптовая цветными металлами в первичных формах, кроме драгоценных",46.72.22,2022.0,1.0
"Торговля оптовая цветными металлами в первичных формах, кроме драгоценных",46.72.22,2023.0,1.0
Торговля оптовая золотом и другими драгоценными металлами,46.72.23,2023.0,2.0
Торговля оптовая золотом и другими драгоценными металлами,46.72.23,2024.0,3.0
Торговля оптовая золотом и другими драгоценными металлами,46.72.23,2025.0,2.0
"Торговля оптовая лесоматериалами, строительными материалами и санитарно-техническим оборудованием",46.73,2021.0,31.0
"Торговля оптовая лесоматериалами, строительными материалами и санитарно-техническим оборудованием",46.73,2022.0,83.0
"Торговля оптовая лесоматериалами, строительными материалами и санитарно-техническим оборудованием",46.73,2023.0,48.0
"Торговля оптовая лесоматериалами, строительными материалами и санитарно-техническим оборудованием",46.73,2024.0,39.0
"Торговля оптовая лесоматериалами, строительными материалами и санитарно-техническим оборудованием",46.73,2025.0,40.0
Торговля оптовая древесным сырьем и необработанными лесоматериалами,46.73.1,2021.0,1.0
Торговля оптовая древесным сырьем и необработанными лесоматериалами,46.73.1,2022.0,3.0
Торговля оптовая древесным сырьем и необработанными лесоматериалами,46.73.1,2023.0,1.0
Торговля оптовая древесным сырьем и необработанными лесоматериалами,46.73.1,2024.0,1.0
Торговля оптовая древесным сырьем и необработанными лесоматериалами,46.73.1,2025.0,2.0
Торговля оптовая пиломатериалами,46.73.2,2021.0,2.0
Торговля оптовая пиломатериалами,46.73.2,2022.0,1.0
Торговля оптовая пиломатериалами,46.73.2,2023.0,1.0
Торговля оптовая пиломатериалами,46.73.2,2024.0,1.0
Торговля оптовая санитарно-техническим оборудованием,46.73.3,2021.0,1.0
Торговля оптовая санитарно-техническим оборудованием,46.73.3,2022.0,5.0
Торговля оптовая санитарно-техническим оборудованием,46.73.3,2023.0,8.0
Торговля оптовая санитарно-техническим оборудованием,46.73.3,2024.0,3.0
Торговля оптовая санитарно-техническим оборудованием,46.73.3,2025.0,7.0
Торговля оптовая лакокрасочными материалами,46.73.4,2021.0,3.0
Торговля оптовая лакокрасочными материалами,46.73.4,2022.0,6.0
Торговля оптовая лакокрасочными материалами,46.73.4,2023.0,1.0
Торговля оптовая лакокрасочными материалами,46.73.4,2024.0,2.0
Торговля оптовая лакокрасочными материалами,46.73.4,2025.0,2.0
Торговля оптовая листовым стеклом,46.73.5,2023.0,1.0
Торговля оптовая прочими строительными материалами и изделиями,46.73.6,2021.0,7.0
Торговля оптовая прочими строительными материалами и изделиями,46.73.6,2022.0,44.0
Торговля оптовая прочими строительными материалами и изделиями,46.73.6,2023.0,16.0
Торговля оптовая прочими строительными материалами и изделиями,46.73.6,2024.0,10.0
Торговля оптовая прочими строительными материалами и изделиями,46.73.6,2025.0,17.0
Торговля оптовая обоями,46.73.7,2021.0,4.0
Торговля оптовая обоями,46.73.7,2022.0,5.0
Торговля оптовая обоями,46.73.7,2023.0,2.0
Торговля оптовая обоями,46.73.7,2024.0,1.0
Торговля оптовая обоями,46.73.7,2025.0,1.0
Торговля оптовая напольными покрытиями (кроме ковров),46.73.8,2024.0,4.0
Торговля оптовая напольными покрытиями (кроме ковров),46.73.8,2025.0,1.0
"Торговля оптовая скобяными изделиями, водопроводным и отопительным оборудованием и принадлежностями",46.74,2021.0,8.0
"Торговля оптовая скобяными изделиями, водопроводным и отопительным оборудованием и принадлежностями",46.74,2022.0,42.0
"Торговля оптовая скобяными изделиями, водопроводным и отопительным оборудованием и принадлежностями",46.74,2023.0,21.0
"Торговля оптовая скобяными изделиями, водопроводным и отопительным оборудованием и принадлежностями",46.74,2024.0,32.0
"Торговля оптовая скобяными изделиями, водопроводным и отопительным оборудованием и принадлежностями",46.74,2025.0,38.0
Торговля оптовая скобяными изделиями,46.74.1,2022.0,10.0
Торговля оптовая скобяными изделиями,46.74.1,2023.0,5.0
Торговля оптовая скобяными изделиями,46.74.1,2024.0,1.0
Торговля оптовая скобяными изделиями,46.74.1,2025.0,1.0
Торговля оптовая водопроводным и отопительным оборудованием и санитарно-технической арматурой,46.74.2,2021.0,2.0
Торговля оптовая водопроводным и отопительным оборудованием и санитарно-технической арматурой,46.74.2,2022.0,22.0
Торговля оптовая водопроводным и отопительным оборудованием и санитарно-технической арматурой,46.74.2,2023.0,6.0
Торговля оптовая водопроводным и отопительным оборудованием и санитарно-технической арматурой,46.74.2,2024.0,27.0
Торговля оптовая водопроводным и отопительным оборудованием и санитарно-технической арматурой,46.74.2,2025.0,27.0
Торговля оптовая ручными инструментами,46.74.3,2021.0,3.0
Торговля оптовая ручными инструментами,46.74.3,2022.0,4.0
Торговля оптовая ручными инструментами,46.74.3,2023.0,1.0
Торговля оптовая ручными инструментами,46.74.3,2024.0,1.0
Торговля оптовая ручными инструментами,46.74.3,2025.0,4.0
Торговля оптовая химическими продуктами,46.75,2021.0,17.0
Торговля оптовая химическими продуктами,46.75,2022.0,27.0
Торговля оптовая химическими продуктами,46.75,2023.0,10.0
Торговля оптовая химическими продуктами,46.75,2024.0,22.0
Торговля оптовая химическими продуктами,46.75,2025.0,25.0
Торговля оптовая удобрениями и агрохимическими продуктами,46.75.1,2021.0,5.0
Торговля оптовая удобрениями и агрохимическими продуктами,46.75.1,2022.0,9.0
Торговля оптовая удобрениями и агрохимическими продуктами,46.75.1,2023.0,4.0
Торговля оптовая удобрениями и агрохимическими продуктами,46.75.1,2024.0,10.0
Торговля оптовая удобрениями и агрохимическими продуктами,46.75.1,2025.0,11.0
Торговля оптовая промышленными химикатами,46.75.2,2021.0,11.0
Торговля оптовая промышленными химикатами,46.75.2,2022.0,16.0
Торговля оптовая промышленными химикатами,46.75.2,2023.0,6.0
Торговля оптовая промышленными химикатами,46.75.2,2024.0,11.0
Торговля оптовая промышленными химикатами,46.75.2,2025.0,13.0
Торговля оптовая прочими промежуточными продуктами,46.76,2021.0,2.0
Торговля оптовая прочими промежуточными продуктами,46.76,2022.0,11.0
Торговля оптовая прочими промежуточными продуктами,46.76,2023.0,4.0
Торговля оптовая прочими промежуточными продуктами,46.76,2024.0,4.0
Торговля оптовая прочими промежуточными продуктами,46.76,2025.0,5.0
Торговля оптовая бумагой и картоном,46.76.1,2021.0,1.0
Торговля оптовая бумагой и картоном,46.76.1,2022.0,2.0
Торговля оптовая бумагой и картоном,46.76.1,2023.0,1.0
Торговля оптовая бумагой и картоном,46.76.1,2024.0,1.0
Торговля оптовая текстильными волокнами,46.76.2,2022.0,1.0
Торговля оптовая пластмассами и резиной в первичных формах,46.76.3,2021.0,1.0
Торговля оптовая пластмассами и резиной в первичных формах,46.76.3,2022.0,3.0
Торговля оптовая пластмассами и резиной в первичных формах,46.76.3,2023.0,2.0
Торговля оптовая пластмассами и резиной в первичных формах,46.76.3,2024.0,1.0
Торговля оптовая пластмассами и резиной в первичных формах,46.76.3,2025.0,1.0
Торговля оптовая драгоценными камнями,46.76.4,2022.0,1.0
Торговля оптовая драгоценными камнями,46.76.4,2024.0,1.0
Торговля оптовая драгоценными камнями,46.76.4,2025.0,2.0
Торговля оптовая отходами и ломом,46.77,2021.0,9.0
Торговля оптовая отходами и ломом,46.77,2022.0,6.0
Торговля оптовая отходами и ломом,46.77,2023.0,11.0
Торговля оптовая отходами и ломом,46.77,2024.0,1.0
Торговля оптовая отходами и ломом,46.77,2025.0,3.0
Торговля оптовая неспециализированная,46.90,2021.0,87.0
Торговля оптовая неспециализированная,46.90,2022.0,94.0
Торговля оптовая неспециализированная,46.90,2023.0,76.0
Торговля оптовая неспециализированная,46.90,2024.0,64.0
Торговля оптовая неспециализированная,46.90,2025.0,73.0
"Торговля розничная, кроме торговли автотранспортными средствами и мотоциклами",47,2021.0,6790.0
"Торговля розничная, кроме торговли автотранспортными средствами и мотоциклами",47,2022.0,6796.0
"Торговля розничная, кроме торговли автотранспортными средствами и мотоциклами",47,2023.0,5784.0
"Торговля розничная, кроме торговли автотранспортными средствами и мотоциклами",47,2024.0,5771.0
"Торговля розничная, кроме торговли автотранспортными средствами и мотоциклами",47,2025.0,6176.0
Торговля розничная в неспециализированных магазинах,47.1,2021.0,4404.0
Торговля розничная в неспециализированных магазинах,47.1,2022.0,4499.0
Торговля розничная в неспециализированных магазинах,47.1,2023.0,4139.0
Торговля розничная в неспециализированных магазинах,47.1,2024.0,5439.0
Торговля розничная в неспециализированных магазинах,47.1,2025.0,5789.0
"Торговля розничная преимущественно пищевыми продуктами, включая напитки, и табачными изделиями в неспециализированных магазинах",47.11,2021.0,4320.0
"Торговля розничная преимущественно пищевыми продуктами, включая напитки, и табачными изделиями в неспециализированных магазинах",47.11,2022.0,4405.0
"Торговля розничная преимущественно пищевыми продуктами, включая напитки, и табачными изделиями в неспециализированных магазинах",47.11,2023.0,4081.0
"Торговля розничная преимущественно пищевыми продуктами, включая напитки, и табачными изделиями в неспециализированных магазинах",47.11,2024.0,4325.0
"Торговля розничная преимущественно пищевыми продуктами, включая напитки, и табачными изделиями в неспециализированных магазинах",47.11,2025.0,4572.0
"Торговля розничная незамороженными продуктами, включая напитки и табачные изделия, в неспециализированных магазинах",47.11.2,2021.0,579.0
"Торговля розничная незамороженными продуктами, включая напитки и табачные изделия, в неспециализированных магазинах",47.11.2,2022.0,405.0
"Торговля розничная незамороженными продуктами, включая напитки и табачные изделия, в неспециализированных магазинах",47.11.2,2023.0,378.0
"Торговля розничная незамороженными продуктами, включая напитки и табачные изделия, в неспециализированных магазинах",47.11.2,2024.0,268.0
"Торговля розничная незамороженными продуктами, включая напитки и табачные изделия, в неспециализированных магазинах",47.11.2,2025.0,276.0
Деятельность по розничной торговле большим товарным ассортиментом с преобладанием продовольственных товаров в неспециализированных магазинах,47.11.3,2021.0,140.0
Деятельность по розничной торговле большим товарным ассортиментом с преобладанием продовольственных товаров в неспециализированных магазинах,47.11.3,2022.0,138.0
Деятельность по розничной торговле большим товарным ассортиментом с преобладанием продовольственных товаров в неспециализированных магазинах,47.11.3,2023.0,128.0
Деятельность по розничной торговле большим товарным ассортиментом с преобладанием продовольственных товаров в неспециализированных магазинах,47.11.3,2024.0,131.0
Деятельность по розничной торговле большим товарным ассортиментом с преобладанием продовольственных товаров в неспециализированных магазинах,47.11.3,2025.0,136.0
Торговля розничная прочая в неспециализированных магазинах,47.19,2021.0,84.0
Торговля розничная прочая в неспециализированных магазинах,47.19,2022.0,94.0
Торговля розничная прочая в неспециализированных магазинах,47.19,2023.0,58.0
Торговля розничная прочая в неспециализированных магазинах,47.19,2024.0,1114.0
Торговля розничная прочая в неспециализированных магазинах,47.19,2025.0,1217.0
Торговля розничная большим товарным ассортиментом с преобладанием непродовольственных товаров в неспециализированных магазинах,47.19.1,2021.0,2.0
Торговля розничная большим товарным ассортиментом с преобладанием непродовольственных товаров в неспециализированных магазинах,47.19.1,2024.0,47.0
Торговля розничная большим товарным ассортиментом с преобладанием непродовольственных товаров в неспециализированных магазинах,47.19.1,2025.0,51.0
"Деятельность универсальных магазинов, торгующих товарами общего ассортимента",47.19.2,2022.0,1.0
"Деятельность универсальных магазинов, торгующих товарами общего ассортимента",47.19.2,2024.0,1.0
"Торговля розничная пищевыми продуктами, напитками и табачными изделиями в специализированных магазинах",47.2,2021.0,98.0
"Торговля розничная пищевыми продуктами, напитками и табачными изделиями в специализированных магазинах",47.2,2022.0,34.0
"Торговля розничная пищевыми продуктами, напитками и табачными изделиями в специализированных магазинах",47.2,2023.0,142.0
"Торговля розничная пищевыми продуктами, напитками и табачными изделиями в специализированных магазинах",47.2,2024.0,37.0
"Торговля розничная пищевыми продуктами, напитками и табачными изделиями в специализированных магазинах",47.2,2025.0,52.0
Торговля розничная фруктами и овощами в специализированных магазинах,47.21,2021.0,1.0
Торговля розничная фруктами и овощами в специализированных магазинах,47.21,2023.0,121.0
Торговля розничная фруктами и овощами в специализированных магазинах,47.21,2024.0,1.0
Торговля розничная мясом и мясными продуктами в специализированных магазинах,47.22,2021.0,3.0
Торговля розничная мясом и мясными продуктами в специализированных магазинах,47.22,2022.0,5.0
Торговля розничная мясом и мясными продуктами в специализированных магазинах,47.22,2023.0,1.0
Торговля розничная мясом и мясными продуктами в специализированных магазинах,47.22,2024.0,2.0
Торговля розничная мясом и мясными продуктами в специализированных магазинах,47.22,2025.0,4.0
"Торговля розничная мясом и мясом птицы, включая субпродукты в специализированных магазинах",47.22.1,2021.0,1.0
"Торговля розничная рыбой, ракообразными и моллюсками в специализированных магазинах",47.23,2022.0,1.0
"Торговля розничная рыбой, ракообразными и моллюсками в специализированных магазинах",47.23,2023.0,1.0
"Торговля розничная рыбой, ракообразными и моллюсками в специализированных магазинах",47.23,2024.0,1.0
"Торговля розничная рыбой, ракообразными и моллюсками в специализированных магазинах",47.23,2025.0,1.0
Торговля розничная напитками в специализированных магазинах,47.25,2021.0,10.0
Торговля розничная напитками в специализированных магазинах,47.25,2022.0,12.0
Торговля розничная напитками в специализированных магазинах,47.25,2023.0,8.0
Торговля розничная напитками в специализированных магазинах,47.25,2024.0,8.0
Торговля розничная напитками в специализированных магазинах,47.25,2025.0,9.0
"Торговля розничная алкогольными напитками, включая пиво, в специализированных магазинах",47.25.1,2021.0,8.0
"Торговля розничная алкогольными напитками, включая пиво, в специализированных магазинах",47.25.1,2022.0,9.0
"Торговля розничная алкогольными напитками, включая пиво, в специализированных магазинах",47.25.1,2023.0,8.0
"Торговля розничная алкогольными напитками, включая пиво, в специализированных магазинах",47.25.1,2024.0,5.0
"Торговля розничная алкогольными напитками, включая пиво, в специализированных магазинах",47.25.1,2025.0,7.0
"Торговля розничная алкогольными напитками, кроме пива, в специализированных магазинах",47.25.11,2021.0,1.0
"Торговля розничная алкогольными напитками, кроме пива, в специализированных магазинах",47.25.11,2022.0,1.0
"Торговля розничная алкогольными напитками, кроме пива, в специализированных магазинах",47.25.11,2024.0,1.0
Торговля розничная безалкогольными напитками в специализированных магазинах,47.25.2,2021.0,1.0
Торговля розничная безалкогольными напитками в специализированных магазинах,47.25.2,2022.0,1.0
Торговля розничная безалкогольными напитками в специализированных магазинах,47.25.2,2024.0,2.0
Торговля розничная безалкогольными напитками в специализированных магазинах,47.25.2,2025.0,2.0
Торговля розничная табачными изделиями в специализированных магазинах,47.26,2021.0,1.0
Торговля розничная прочими пищевыми продуктами в специализированных магазинах,47.29,2021.0,83.0
Торговля розничная прочими пищевыми продуктами в специализированных магазинах,47.29,2022.0,16.0
Торговля розничная прочими пищевыми продуктами в специализированных магазинах,47.29,2023.0,11.0
Торговля розничная прочими пищевыми продуктами в специализированных магазинах,47.29,2024.0,25.0
Торговля розничная прочими пищевыми продуктами в специализированных магазинах,47.29,2025.0,38.0
Торговля розничная молочными продуктами и яйцами в специализированных магазинах,47.29.1,2021.0,13.0
Торговля розничная молочными продуктами и яйцами в специализированных магазинах,47.29.1,2022.0,6.0
Торговля розничная молочными продуктами и яйцами в специализированных магазинах,47.29.1,2023.0,5.0
Торговля розничная молочными продуктами и яйцами в специализированных магазинах,47.29.1,2024.0,14.0
Торговля розничная молочными продуктами и яйцами в специализированных магазинах,47.29.1,2025.0,22.0
Торговля розничная молочными продуктами в специализированных магазинах,47.29.11,2024.0,1.0
Торговля розничная прочими пищевыми продуктами в специализированных магазинах,47.29.3,2021.0,56.0
Торговля розничная прочими пищевыми продуктами в специализированных магазинах,47.29.3,2022.0,5.0
Торговля розничная прочими пищевыми продуктами в специализированных магазинах,47.29.3,2023.0,5.0
Торговля розничная прочими пищевыми продуктами в специализированных магазинах,47.29.3,2024.0,10.0
Торговля розничная прочими пищевыми продуктами в специализированных магазинах,47.29.3,2025.0,16.0
Торговля розничная сахаром в специализированных магазинах,47.29.33,2023.0,1.0
Торговля розничная сахаром в специализированных магазинах,47.29.33,2024.0,2.0
Торговля розничная сахаром в специализированных магазинах,47.29.33,2025.0,1.0
"Торговля розничная чаем, кофе, какао в специализированных магазинах",47.29.35,2021.0,1.0
"Торговля розничная чаем, кофе, какао в специализированных магазинах",47.29.35,2022.0,1.0
"Торговля розничная чаем, кофе, какао в специализированных магазинах",47.29.35,2023.0,1.0
"Торговля розничная чаем, кофе, какао в специализированных магазинах",47.29.35,2024.0,1.0
"Торговля розничная чаем, кофе, какао в специализированных магазинах",47.29.35,2025.0,1.0
"Торговля розничная прочими пищевыми продуктами в специализированных магазинах, не включенными в другие группировки",47.29.39,2021.0,54.0
"Торговля розничная прочими пищевыми продуктами в специализированных магазинах, не включенными в другие группировки",47.29.39,2022.0,3.0
"Торговля розничная прочими пищевыми продуктами в специализированных магазинах, не включенными в другие группировки",47.29.39,2023.0,2.0
"Торговля розничная прочими пищевыми продуктами в специализированных магазинах, не включенными в другие группировки",47.29.39,2024.0,7.0
"Торговля розничная прочими пищевыми продуктами в специализированных магазинах, не включенными в другие группировки",47.29.39,2025.0,14.0
Торговля розничная моторным топливом в специализированных магазинах,47.30,2021.0,36.0
Торговля розничная моторным топливом в специализированных магазинах,47.30,2022.0,42.0
Торговля розничная моторным топливом в специализированных магазинах,47.30,2023.0,16.0
Торговля розничная моторным топливом в специализированных магазинах,47.30,2024.0,13.0
Торговля розничная моторным топливом в специализированных магазинах,47.30,2025.0,15.0
Торговля розничная моторным топливом в специализированных магазинах,47.30.1,2021.0,2.0
Торговля розничная моторным топливом в специализированных магазинах,47.30.1,2022.0,1.0
Торговля розничная моторным топливом в специализированных магазинах,47.30.1,2023.0,1.0
Торговля розничная моторным топливом в специализированных магазинах,47.30.1,2024.0,2.0
Торговля розничная моторным топливом в специализированных магазинах,47.30.1,2025.0,2.0
Торговля розничная бензином и дизельным топливом в специализированных магазинах,47.30.11,2021.0,1.0
Торговля розничная газом для заправки автомобилей в специализированных магазинах,47.30.12,2022.0,1.0
Торговля розничная газом для заправки автомобилей в специализированных магазинах,47.30.12,2023.0,1.0
Торговля розничная газом для заправки автомобилей в специализированных магазинах,47.30.12,2024.0,2.0
Торговля розничная газом для заправки автомобилей в специализированных магазинах,47.30.12,2025.0,2.0
Торговля розничная информационным и коммуникационным оборудованием в специализированных магазинах,47.4,2021.0,26.0
Торговля розничная информационным и коммуникационным оборудованием в специализированных магазинах,47.4,2022.0,717.0
Торговля розничная информационным и коммуникационным оборудованием в специализированных магазинах,47.4,2023.0,441.0
Торговля розничная информационным и коммуникационным оборудованием в специализированных магазинах,47.4,2024.0,4.0
Торговля розничная информационным и коммуникационным оборудованием в специализированных магазинах,47.4,2025.0,14.0
"Торговля розничная компьютерами, периферийными устройствами к ним и программным обеспечением в специализированных магазинах",47.41,2021.0,6.0
"Торговля розничная компьютерами, периферийными устройствами к ним и программным обеспечением в специализированных магазинах",47.41,2022.0,13.0
"Торговля розничная компьютерами, периферийными устройствами к ним и программным обеспечением в специализированных магазинах",47.41,2023.0,10.0
"Торговля розничная компьютерами, периферийными устройствами к ним и программным обеспечением в специализированных магазинах",47.41,2024.0,1.0
"Торговля розничная компьютерами, периферийными устройствами к ним и программным обеспечением в специализированных магазинах",47.41,2025.0,8.0
Торговля розничная офисными машинами и оборудованием в специализированных магазинах,47.41.4,2022.0,1.0
"Торговля розничная телекоммуникационным оборудованием, включая розничную торговлю мобильными телефонами, в специализированных магазинах",47.42,2021.0,20.0
"Торговля розничная телекоммуникационным оборудованием, включая розничную торговлю мобильными телефонами, в специализированных магазинах",47.42,2022.0,241.0
"Торговля розничная телекоммуникационным оборудованием, включая розничную торговлю мобильными телефонами, в специализированных магазинах",47.42,2023.0,46.0
"Торговля розничная телекоммуникационным оборудованием, включая розничную торговлю мобильными телефонами, в специализированных магазинах",47.42,2024.0,1.0
"Торговля розничная телекоммуникационным оборудованием, включая розничную торговлю мобильными телефонами, в специализированных магазинах",47.42,2025.0,5.0
Торговля розничная аудио- и видеотехникой в специализированных магазинах,47.43,2022.0,463.0
Торговля розничная аудио- и видеотехникой в специализированных магазинах,47.43,2023.0,385.0
Торговля розничная аудио- и видеотехникой в специализированных магазинах,47.43,2024.0,2.0
Торговля розничная аудио- и видеотехникой в специализированных магазинах,47.43,2025.0,1.0
Торговля розничная прочими бытовыми изделиями в специализированных магазинах,47.5,2021.0,117.0
Торговля розничная прочими бытовыми изделиями в специализированных магазинах,47.5,2022.0,669.0
Торговля розничная прочими бытовыми изделиями в специализированных магазинах,47.5,2023.0,681.0
Торговля розничная прочими бытовыми изделиями в специализированных магазинах,47.5,2024.0,16.0
Торговля розничная прочими бытовыми изделиями в специализированных магазинах,47.5,2025.0,15.0
Торговля розничная текстильными изделиями в специализированных магазинах,47.51,2021.0,2.0
Торговля розничная текстильными изделиями в специализированных магазинах,47.51,2022.0,1.0
Торговля розничная текстильными изделиями в специализированных магазинах,47.51,2023.0,1.0
"Торговля розничная скобяными изделиями, лакокрасочными материалами и стеклом в специализированных магазинах",47.52,2021.0,28.0
"Торговля розничная скобяными изделиями, лакокрасочными материалами и стеклом в специализированных магазинах",47.52,2022.0,13.0
"Торговля розничная скобяными изделиями, лакокрасочными материалами и стеклом в специализированных магазинах",47.52,2023.0,11.0
"Торговля розничная скобяными изделиями, лакокрасочными материалами и стеклом в специализированных магазинах",47.52,2024.0,10.0
"Торговля розничная скобяными изделиями, лакокрасочными материалами и стеклом в специализированных магазинах",47.52,2025.0,12.0
Торговля розничная скобяными изделиями в специализированных магазинах,47.52.1,2021.0,2.0
Торговля розничная скобяными изделиями в специализированных магазинах,47.52.1,2024.0,1.0
Торговля розничная санитарно-техническим оборудованием в специализированных магазинах,47.52.5,2022.0,1.0
Торговля розничная санитарно-техническим оборудованием в специализированных магазинах,47.52.5,2023.0,2.0
Торговля розничная санитарно-техническим оборудованием в специализированных магазинах,47.52.5,2024.0,1.0
Торговля розничная санитарно-техническим оборудованием в специализированных магазинах,47.52.5,2025.0,1.0
"Торговля розничная строительными материалами, не включенными в другие группировки, в специализированных магазинах",47.52.7,2021.0,23.0
"Торговля розничная строительными материалами, не включенными в другие группировки, в специализированных магазинах",47.52.7,2022.0,4.0
"Торговля розничная строительными материалами, не включенными в другие группировки, в специализированных магазинах",47.52.7,2023.0,6.0
"Торговля розничная строительными материалами, не включенными в другие группировки, в специализированных магазинах",47.52.7,2024.0,4.0
"Торговля розничная строительными материалами, не включенными в другие группировки, в специализированных магазинах",47.52.7,2025.0,8.0
Торговля розничная пиломатериалами в специализированных магазинах,47.52.71,2023.0,1.0
"Торговля розничная прочими строительными материалами, не включенными в другие группировки, в специализированных магазинах",47.52.79,2021.0,21.0
"Торговля розничная прочими строительными материалами, не включенными в другие группировки, в специализированных магазинах",47.52.79,2022.0,4.0
"Торговля розничная прочими строительными материалами, не включенными в другие группировки, в специализированных магазинах",47.52.79,2023.0,5.0
"Торговля розничная прочими строительными материалами, не включенными в другие группировки, в специализированных магазинах",47.52.79,2024.0,4.0
"Торговля розничная прочими строительными материалами, не включенными в другие группировки, в специализированных магазинах",47.52.79,2025.0,4.0
Торговля розничная бытовыми электротоварами в специализированных магазинах,47.54,2021.0,1.0
Торговля розничная бытовыми электротоварами в специализированных магазинах,47.54,2022.0,577.0
Торговля розничная бытовыми электротоварами в специализированных магазинах,47.54,2023.0,666.0
Торговля розничная бытовыми электротоварами в специализированных магазинах,47.54,2024.0,1.0
Торговля розничная бытовыми электротоварами в специализированных магазинах,47.54,2025.0,1.0
"Торговля розничная мебелью, осветительными приборами и прочими бытовыми изделиями в специализированных магазинах",47.59,2021.0,86.0
"Торговля розничная мебелью, осветительными приборами и прочими бытовыми изделиями в специализированных магазинах",47.59,2022.0,78.0
"Торговля розничная мебелью, осветительными приборами и прочими бытовыми изделиями в специализированных магазинах",47.59,2023.0,3.0
"Торговля розничная мебелью, осветительными приборами и прочими бытовыми изделиями в специализированных магазинах",47.59,2024.0,5.0
"Торговля розничная мебелью, осветительными приборами и прочими бытовыми изделиями в специализированных магазинах",47.59,2025.0,2.0
Торговля розничная мебелью в специализированных магазинах,47.59.1,2021.0,27.0
Торговля розничная мебелью в специализированных магазинах,47.59.1,2022.0,24.0
Торговля розничная мебелью в специализированных магазинах,47.59.1,2023.0,1.0
Торговля розничная мебелью в специализированных магазинах,47.59.1,2024.0,1.0
Торговля розничная мебелью в специализированных магазинах,47.59.1,2025.0,1.0
"Торговля розничная различной домашней утварью, ножевыми изделиями, посудой, изделиями из стекла и керамики, в том числе фарфора и фаянса в специализированных магазинах",47.59.2,2021.0,4.0
"Торговля розничная различной домашней утварью, ножевыми изделиями, посудой, изделиями из стекла и керамики, в том числе фарфора и фаянса в специализированных магазинах",47.59.2,2022.0,5.0
"Торговля розничная различной домашней утварью, ножевыми изделиями, посудой, изделиями из стекла и керамики, в том числе фарфора и фаянса в специализированных магазинах",47.59.2,2023.0,1.0
"Торговля розничная различной домашней утварью, ножевыми изделиями, посудой, изделиями из стекла и керамики, в том числе фарфора и фаянса в специализированных магазинах",47.59.2,2024.0,2.0
"Торговля розничная различной домашней утварью, ножевыми изделиями, посудой, изделиями из стекла и керамики, в том числе фарфора и фаянса в специализированных магазинах",47.59.2,2025.0,1.0
Торговля розничная неэлектрическими бытовыми приборами в специализированных магазинах,47.59.6,2022.0,1.0
"Торговля розничная бытовыми изделиями и приборами, не включенными в другие группировки, в специализированных магазинах",47.59.9,2024.0,1.0
Торговля розничная товарами культурно-развлекательного назначения в специализированных магазинах,47.6,2021.0,99.0
Торговля розничная товарами культурно-развлекательного назначения в специализированных магазинах,47.6,2022.0,13.0
Торговля розничная товарами культурно-развлекательного назначения в специализированных магазинах,47.6,2023.0,5.0
Торговля розничная товарами культурно-развлекательного назначения в специализированных магазинах,47.6,2024.0,4.0
Торговля розничная книгами в специализированных магазинах,47.61,2021.0,10.0
Торговля розничная книгами в специализированных магазинах,47.61,2022.0,4.0
Торговля розничная книгами в специализированных магазинах,47.61,2024.0,1.0
Торговля розничная газетами и канцелярскими товарами в специализированных магазинах,47.62,2021.0,1.0
Торговля розничная газетами и канцелярскими товарами в специализированных магазинах,47.62,2022.0,1.0
Торговля розничная газетами и канцелярскими товарами в специализированных магазинах,47.62,2023.0,1.0
Торговля розничная газетами и канцелярскими товарами в специализированных магазинах,47.62,2024.0,1.0
Торговля розничная газетами и журналами в специализированных магазинах,47.62.1,2021.0,1.0
Торговля розничная газетами и журналами в специализированных магазинах,47.62.1,2022.0,1.0
Торговля розничная газетами и журналами в специализированных магазинах,47.62.1,2023.0,1.0
Торговля розничная спортивным оборудованием и спортивными товарами в специализированных магазинах,47.64,2021.0,85.0
Торговля розничная спортивным оборудованием и спортивными товарами в специализированных магазинах,47.64,2022.0,4.0
Торговля розничная спортивным оборудованием и спортивными товарами в специализированных магазинах,47.64,2023.0,1.0
Торговля розничная спортивным оборудованием и спортивными товарами в специализированных магазинах,47.64,2024.0,1.0
Торговля розничная спортивным оборудованием и спортивными товарами в специализированных магазинах,47.64.1,2021.0,2.0
Торговля розничная играми и игрушками в специализированных магазинах,47.65,2021.0,3.0
Торговля розничная играми и игрушками в специализированных магазинах,47.65,2022.0,4.0
Торговля розничная играми и игрушками в специализированных магазинах,47.65,2023.0,3.0
Торговля розничная играми и игрушками в специализированных магазинах,47.65,2024.0,1.0
Торговля розничная прочими товарами в специализированных магазинах,47.7,2021.0,1152.0
Торговля розничная прочими товарами в специализированных магазинах,47.7,2022.0,638.0
Торговля розничная прочими товарами в специализированных магазинах,47.7,2023.0,244.0
Торговля розничная прочими товарами в специализированных магазинах,47.7,2024.0,137.0
Торговля розничная прочими товарами в специализированных магазинах,47.7,2025.0,163.0
Торговля розничная одеждой в специализированных магазинах,47.71,2021.0,436.0
Торговля розничная одеждой в специализированных магазинах,47.71,2022.0,61.0
Торговля розничная одеждой в специализированных магазинах,47.71,2023.0,8.0
Торговля розничная одеждой в специализированных магазинах,47.71,2024.0,87.0
Торговля розничная одеждой в специализированных магазинах,47.71,2025.0,85.0
"Торговля розничная мужской, женской и детской одеждой в специализированных магазинах",47.71.1,2021.0,370.0
"Торговля розничная мужской, женской и детской одеждой в специализированных магазинах",47.71.1,2022.0,21.0
"Торговля розничная мужской, женской и детской одеждой в специализированных магазинах",47.71.1,2023.0,6.0
"Торговля розничная мужской, женской и детской одеждой в специализированных магазинах",47.71.1,2024.0,75.0
"Торговля розничная мужской, женской и детской одеждой в специализированных магазинах",47.71.1,2025.0,75.0
Торговля розничная нательным бельем в специализированных магазинах,47.71.2,2022.0,16.0
Торговля розничная изделиями из меха в специализированных магазинах,47.71.3,2022.0,1.0
Торговля розничная изделиями из меха в специализированных магазинах,47.71.3,2023.0,1.0
Торговля розничная спортивной одеждой в специализированных магазинах,47.71.5,2021.0,54.0
Торговля розничная чулочно-носочными изделиями в специализированных магазинах,47.71.6,2022.0,2.0
"Торговля розничная аксессуарами одежды (перчатками, галстуками, шарфами, ремнями, подтяжками и т. п.) в специализированных магазинах",47.71.8,2024.0,1.0
Торговля розничная обувью и изделиями из кожи в специализированных магазинах,47.72,2021.0,20.0
Торговля розничная обувью и изделиями из кожи в специализированных магазинах,47.72,2022.0,11.0
Торговля розничная обувью и изделиями из кожи в специализированных магазинах,47.72,2023.0,10.0
Торговля розничная обувью и изделиями из кожи в специализированных магазинах,47.72,2025.0,1.0
Торговля розничная обувью в специализированных магазинах,47.72.1,2021.0,18.0
Торговля розничная обувью в специализированных магазинах,47.72.1,2022.0,6.0
Торговля розничная обувью в специализированных магазинах,47.72.1,2023.0,4.0
Торговля розничная обувью в специализированных магазинах,47.72.1,2025.0,1.0
Торговля розничная лекарственными средствами в специализированных магазинах (аптеках),47.73,2021.0,547.0
Торговля розничная лекарственными средствами в специализированных магазинах (аптеках),47.73,2022.0,343.0
Торговля розничная лекарственными средствами в специализированных магазинах (аптеках),47.73,2023.0,205.0
Торговля розничная лекарственными средствами в специализированных магазинах (аптеках),47.73,2024.0,15.0
Торговля розничная лекарственными средствами в специализированных магазинах (аптеках),47.73,2025.0,12.0
"Торговля розничная изделиями, применяемыми в медицинских целях, ортопедическими изделиями в специализированных магазинах",47.74,2021.0,3.0
"Торговля розничная изделиями, применяемыми в медицинских целях, ортопедическими изделиями в специализированных магазинах",47.74,2022.0,39.0
Торговля розничная ортопедическими изделиями в специализированных магазинах,47.74.2,2022.0,2.0
Торговля розничная косметическими и товарами личной гигиены в специализированных магазинах,47.75,2021.0,65.0
Торговля розничная косметическими и товарами личной гигиены в специализированных магазинах,47.75,2022.0,77.0
Торговля розничная косметическими и товарами личной гигиены в специализированных магазинах,47.75,2023.0,3.0
Торговля розничная косметическими и товарами личной гигиены в специализированных магазинах,47.75,2024.0,7.0
Торговля розничная косметическими и товарами личной гигиены в специализированных магазинах,47.75,2025.0,37.0
"Торговля розничная косметическими и парфюмерными товарами, кроме мыла в специализированных магазинах",47.75.1,2021.0,52.0
"Торговля розничная косметическими и парфюмерными товарами, кроме мыла в специализированных магазинах",47.75.1,2022.0,66.0
"Торговля розничная косметическими и парфюмерными товарами, кроме мыла в специализированных магазинах",47.75.1,2023.0,3.0
"Торговля розничная косметическими и парфюмерными товарами, кроме мыла в специализированных магазинах",47.75.1,2024.0,1.0
"Торговля розничная косметическими и парфюмерными товарами, кроме мыла в специализированных магазинах",47.75.1,2025.0,29.0
Торговля розничная туалетным и хозяйственным мылом в специализированных магазинах,47.75.2,2025.0,5.0
"Торговля розничная цветами и другими растениями, семенами, удобрениями, домашними животными и кормами для домашних животных в специализированных магазинах",47.76,2021.0,3.0
Торговля розничная домашними животными и кормами для домашних животных в специализированных магазинах,47.76.2,2021.0,3.0
Торговля розничная часами и ювелирными изделиями в специализированных магазинах,47.77,2021.0,4.0
Торговля розничная часами и ювелирными изделиями в специализированных магазинах,47.77,2022.0,1.0
Торговля розничная часами и ювелирными изделиями в специализированных магазинах,47.77,2023.0,1.0
Торговля розничная часами и ювелирными изделиями в специализированных магазинах,47.77,2025.0,1.0
Торговля розничная ювелирными изделиями в специализированных магазинах,47.77.2,2021.0,3.0
Торговля розничная прочая в специализированных магазинах,47.78,2021.0,74.0
Торговля розничная прочая в специализированных магазинах,47.78,2022.0,106.0
Торговля розничная прочая в специализированных магазинах,47.78,2023.0,17.0
Торговля розничная прочая в специализированных магазинах,47.78,2024.0,28.0
Торговля розничная прочая в специализированных магазинах,47.78,2025.0,27.0
"Торговля розничная очками, включая сборку и ремонт очков в специализированных магазинах",47.78.2,2022.0,1.0
"Торговля розничная очками, включая сборку и ремонт очков в специализированных магазинах",47.78.2,2023.0,1.0
"Торговля розничная сувенирами, изделиями народных художественных промыслов",47.78.3,2025.0,1.0
"Деятельность коммерческих художественных галерей, торговля розничная произведениями искусства в коммерческих художественных галереях",47.78.5,2022.0,1.0
"Торговля розничная бытовым жидким котельным топливом, газом в баллонах, углем, древесным топливом, топливным торфом в специализированных магазинах",47.78.6,2021.0,1.0
"Торговля розничная бытовым жидким котельным топливом, газом в баллонах, углем, древесным топливом, топливным торфом в специализированных магазинах",47.78.6,2022.0,2.0
"Торговля розничная бытовым жидким котельным топливом, газом в баллонах, углем, древесным топливом, топливным торфом в специализированных магазинах",47.78.6,2024.0,1.0
"Торговля розничная непродовольственными товарами, не включенными в другие группировки, в специализированных магазинах",47.78.9,2021.0,72.0
"Торговля розничная непродовольственными товарами, не включенными в другие группировки, в специализированных магазинах",47.78.9,2022.0,99.0
"Торговля розничная непродовольственными товарами, не включенными в другие группировки, в специализированных магазинах",47.78.9,2023.0,15.0
"Торговля розничная непродовольственными товарами, не включенными в другие группировки, в специализированных магазинах",47.78.9,2024.0,26.0
"Торговля розничная непродовольственными товарами, не включенными в другие группировки, в специализированных магазинах",47.78.9,2025.0,23.0
Торговля розничная в нестационарных торговых объектах и на рынках,47.8,2021.0,1.0
Торговля розничная в нестационарных торговых объектах и на рынках,47.8,2022.0,1.0
"Торговля розничная в нестационарных торговых объектах и на рынках текстилем, одеждой и обувью",47.82,2022.0,1.0
Торговля розничная в нестационарных торговых объектах и на рынках прочими товарами,47.89,2021.0,1.0
Торговля розничная в нестационарных торговых объектах прочими товарами,47.89.1,2021.0,1.0
"Торговля розничная вне магазинов, палаток, рынков",47.9,2021.0,857.0
"Торговля розничная вне магазинов, палаток, рынков",47.9,2022.0,183.0
"Торговля розничная вне магазинов, палаток, рынков",47.9,2023.0,116.0
"Торговля розничная вне магазинов, палаток, рынков",47.9,2024.0,121.0
"Торговля розничная вне магазинов, палаток, рынков",47.9,2025.0,128.0
Торговля розничная по почте или по информационно-коммуникационной сети Интернет,47.91,2021.0,856.0
Торговля розничная по почте или по информационно-коммуникационной сети Интернет,47.91,2022.0,182.0
Торговля розничная по почте или по информационно-коммуникационной сети Интернет,47.91,2023.0,116.0
Торговля розничная по почте или по информационно-коммуникационной сети Интернет,47.91,2024.0,119.0
Торговля розничная по почте или по информационно-коммуникационной сети Интернет,47.91,2025.0,127.0
"Торговля розничная, осуществляемая непосредственно при помощи информационно-коммуникационной сети Интернет",47.91.2,2021.0,511.0
"Торговля розничная, осуществляемая непосредственно при помощи информационно-коммуникационной сети Интернет",47.91.2,2022.0,79.0
"Торговля розничная, осуществляемая непосредственно при помощи информационно-коммуникационной сети Интернет",47.91.2,2023.0,19.0
"Торговля розничная, осуществляемая непосредственно при помощи информационно-коммуникационной сети Интернет",47.91.2,2024.0,15.0
"Торговля розничная, осуществляемая непосредственно при помощи информационно-коммуникационной сети Интернет",47.91.2,2025.0,35.0
"Торговля розничная прочая вне магазинов, палаток, рынков",47.99,2021.0,1.0
"Торговля розничная прочая вне магазинов, палаток, рынков",47.99,2022.0,1.0
"Торговля розничная прочая вне магазинов, палаток, рынков",47.99,2024.0,2.0
"Торговля розничная прочая вне магазинов, палаток, рынков",47.99,2025.0,1.0
Деятельность по осуществлению торговли через автоматы,47.99.2,2021.0,1.0
Деятельность сухопутного и трубопроводного транспорта,49,2021.0,214.0
Деятельность сухопутного и трубопроводного транспорта,49,2022.0,217.0
Деятельность сухопутного и трубопроводного транспорта,49,2023.0,191.0
Деятельность сухопутного и трубопроводного транспорта,49,2024.0,163.0
Деятельность сухопутного и трубопроводного транспорта,49,2025.0,190.0
Деятельность железнодорожного транспорта: междугородные и международные пассажирские перевозки,49.10,2021.0,1.0
Деятельность железнодорожного транспорта: междугородные и международные пассажирские перевозки,49.10,2022.0,5.0
Деятельность железнодорожного транспорта: междугородные и международные пассажирские перевозки,49.10,2023.0,6.0
Деятельность железнодорожного транспорта: междугородные и международные пассажирские перевозки,49.10,2024.0,4.0
Деятельность железнодорожного транспорта: междугородные и международные пассажирские перевозки,49.10,2025.0,4.0
Перевозка пассажиров железнодорожным транспортом в междугородном сообщении,49.10.1,2021.0,1.0
Перевозка пассажиров железнодорожным транспортом в междугородном сообщении,49.10.1,2022.0,3.0
Перевозка пассажиров железнодорожным транспортом в междугородном сообщении,49.10.1,2023.0,6.0
Перевозка пассажиров железнодорожным транспортом в междугородном сообщении,49.10.1,2024.0,4.0
Перевозка пассажиров железнодорожным транспортом в междугородном сообщении,49.10.1,2025.0,4.0
Перевозка пассажиров железнодорожным транспортом в междугородном сообщении в регулируемом секторе,49.10.11,2021.0,1.0
Перевозка пассажиров железнодорожным транспортом в междугородном сообщении в регулируемом секторе,49.10.11,2022.0,2.0
Перевозка пассажиров железнодорожным транспортом в междугородном сообщении в регулируемом секторе,49.10.11,2023.0,3.0
Перевозка пассажиров железнодорожным транспортом в междугородном сообщении в регулируемом секторе,49.10.11,2024.0,2.0
Перевозка пассажиров железнодорожным транспортом в междугородном сообщении в регулируемом секторе,49.10.11,2025.0,2.0
Перевозка пассажиров железнодорожным транспортом в междугородном сообщении в нерегулируемом секторе,49.10.12,2022.0,1.0
Перевозка пассажиров железнодорожным транспортом в междугородном сообщении в нерегулируемом секторе,49.10.12,2023.0,1.0
Перевозка пассажиров железнодорожным транспортом в междугородном сообщении в нерегулируемом секторе,49.10.12,2024.0,1.0
Перевозка пассажиров железнодорожным транспортом в междугородном сообщении в нерегулируемом секторе,49.10.12,2025.0,1.0
Деятельность железнодорожного транспорта: грузовые перевозки,49.20,2021.0,44.0
Деятельность железнодорожного транспорта: грузовые перевозки,49.20,2022.0,51.0
Деятельность железнодорожного транспорта: грузовые перевозки,49.20,2023.0,80.0
Деятельность железнодорожного транспорта: грузовые перевозки,49.20,2024.0,78.0
Деятельность железнодорожного транспорта: грузовые перевозки,49.20,2025.0,83.0
Перевозка опасных грузов,49.20.1,2023.0,1.0
Перевозка опасных грузов,49.20.1,2024.0,3.0
Перевозка опасных грузов,49.20.1,2025.0,3.0
Перевозка прочих грузов,49.20.9,2021.0,44.0
Перевозка прочих грузов,49.20.9,2022.0,23.0
Перевозка прочих грузов,49.20.9,2023.0,78.0
Перевозка прочих грузов,49.20.9,2024.0,75.0
Перевозка прочих грузов,49.20.9,2025.0,79.0
Деятельность прочего сухопутного пассажирского транспорта,49.3,2021.0,45.0
Деятельность прочего сухопутного пассажирского транспорта,49.3,2022.0,79.0
Деятельность прочего сухопутного пассажирского транспорта,49.3,2023.0,46.0
Деятельность прочего сухопутного пассажирского транспорта,49.3,2024.0,32.0
Деятельность прочего сухопутного пассажирского транспорта,49.3,2025.0,34.0
Деятельность сухопутного пассажирского транспорта: перевозки пассажиров в городском и пригородном сообщении,49.31,2021.0,32.0
Деятельность сухопутного пассажирского транспорта: перевозки пассажиров в городском и пригородном сообщении,49.31,2022.0,63.0
Деятельность сухопутного пассажирского транспорта: перевозки пассажиров в городском и пригородном сообщении,49.31,2023.0,37.0
Деятельность сухопутного пассажирского транспорта: перевозки пассажиров в городском и пригородном сообщении,49.31,2024.0,25.0
Деятельность сухопутного пассажирского транспорта: перевозки пассажиров в городском и пригородном сообщении,49.31,2025.0,25.0
Перевозка пассажиров железнодорожным транспортом в пригородном сообщении,49.31.1,2021.0,11.0
Перевозка пассажиров железнодорожным транспортом в пригородном сообщении,49.31.1,2022.0,12.0
Перевозка пассажиров железнодорожным транспортом в пригородном сообщении,49.31.1,2023.0,12.0
Перевозка пассажиров железнодорожным транспортом в пригородном сообщении,49.31.1,2024.0,7.0
Перевозка пассажиров железнодорожным транспортом в пригородном сообщении,49.31.1,2025.0,7.0
Перевозка пассажиров железнодорожным транспортом в пригородном сообщении в регулируемом секторе,49.31.11,2021.0,11.0
Перевозка пассажиров железнодорожным транспортом в пригородном сообщении в регулируемом секторе,49.31.11,2022.0,12.0
Перевозка пассажиров железнодорожным транспортом в пригородном сообщении в регулируемом секторе,49.31.11,2023.0,12.0
Перевозка пассажиров железнодорожным транспортом в пригородном сообщении в регулируемом секторе,49.31.11,2024.0,4.0
Перевозка пассажиров железнодорожным транспортом в пригородном сообщении в регулируемом секторе,49.31.11,2025.0,5.0
Перевозка пассажиров железнодорожным транспортом в пригородном сообщении в нерегулируемом секторе,49.31.12,2024.0,3.0
Перевозка пассажиров железнодорожным транспортом в пригородном сообщении в нерегулируемом секторе,49.31.12,2025.0,2.0
Регулярные перевозки пассажиров прочим сухопутным транспортом в городском и пригородном сообщении,49.31.2,2021.0,18.0
Регулярные перевозки пассажиров прочим сухопутным транспортом в городском и пригородном сообщении,49.31.2,2022.0,40.0
Регулярные перевозки пассажиров прочим сухопутным транспортом в городском и пригородном сообщении,49.31.2,2023.0,24.0
Регулярные перевозки пассажиров прочим сухопутным транспортом в городском и пригородном сообщении,49.31.2,2024.0,14.0
Регулярные перевозки пассажиров прочим сухопутным транспортом в городском и пригородном сообщении,49.31.2,2025.0,14.0
Регулярные перевозки пассажиров автобусами в городском и пригородном сообщении,49.31.21,2021.0,11.0
Регулярные перевозки пассажиров автобусами в городском и пригородном сообщении,49.31.21,2022.0,33.0
Регулярные перевозки пассажиров автобусами в городском и пригородном сообщении,49.31.21,2023.0,17.0
Регулярные перевозки пассажиров автобусами в городском и пригородном сообщении,49.31.21,2024.0,8.0
Регулярные перевозки пассажиров автобусами в городском и пригородном сообщении,49.31.21,2025.0,10.0
Регулярные перевозки пассажиров троллейбусами в городском и пригородном сообщении,49.31.22,2021.0,1.0
Регулярные перевозки пассажиров троллейбусами в городском и пригородном сообщении,49.31.22,2022.0,3.0
Регулярные перевозки пассажиров троллейбусами в городском и пригородном сообщении,49.31.22,2023.0,3.0
Регулярные перевозки пассажиров троллейбусами в городском и пригородном сообщении,49.31.22,2024.0,3.0
Регулярные перевозки пассажиров троллейбусами в городском и пригородном сообщении,49.31.22,2025.0,2.0
Регулярные перевозки пассажиров трамваями в городском и пригородном сообщении,49.31.23,2021.0,4.0
Регулярные перевозки пассажиров трамваями в городском и пригородном сообщении,49.31.23,2022.0,3.0
Регулярные перевозки пассажиров трамваями в городском и пригородном сообщении,49.31.23,2023.0,1.0
Регулярные перевозки пассажиров трамваями в городском и пригородном сообщении,49.31.23,2024.0,1.0
Перевозка пассажиров метрополитеном,49.31.24,2021.0,1.0
Перевозка пассажиров метрополитеном,49.31.24,2022.0,1.0
Перевозка пассажиров метрополитеном,49.31.24,2023.0,2.0
Перевозка пассажиров метрополитеном,49.31.24,2024.0,2.0
Перевозка пассажиров метрополитеном,49.31.24,2025.0,2.0
Деятельность легкового такси и арендованных легковых автомобилей с водителем,49.32,2021.0,2.0
Деятельность легкового такси и арендованных легковых автомобилей с водителем,49.32,2022.0,2.0
Деятельность легкового такси и арендованных легковых автомобилей с водителем,49.32,2023.0,2.0
Деятельность легкового такси и арендованных легковых автомобилей с водителем,49.32,2025.0,2.0
"Деятельность прочего сухопутного пассажирского транспорта, не включенная в другие группировки",49.39,2021.0,11.0
"Деятельность прочего сухопутного пассажирского транспорта, не включенная в другие группировки",49.39,2022.0,14.0
"Деятельность прочего сухопутного пассажирского транспорта, не включенная в другие группировки",49.39,2023.0,7.0
"Деятельность прочего сухопутного пассажирского транспорта, не включенная в другие группировки",49.39,2024.0,7.0
"Деятельность прочего сухопутного пассажирского транспорта, не включенная в другие группировки",49.39,2025.0,7.0
"Регулярные перевозки пассажиров сухопутным транспортом, кроме железнодорожного транспорта, в междугородном и международном сообщении, а также специальные перевозки (для собственных нужд)",49.39.1,2021.0,3.0
"Регулярные перевозки пассажиров сухопутным транспортом, кроме железнодорожного транспорта, в междугородном и международном сообщении, а также специальные перевозки (для собственных нужд)",49.39.1,2022.0,5.0
"Регулярные перевозки пассажиров сухопутным транспортом, кроме железнодорожного транспорта, в междугородном и международном сообщении, а также специальные перевозки (для собственных нужд)",49.39.1,2023.0,4.0
Регулярные перевозки пассажиров автобусами в междугородном сообщении,49.39.11,2021.0,3.0
Регулярные перевозки пассажиров автобусами в междугородном сообщении,49.39.11,2022.0,5.0
Регулярные перевозки пассажиров автобусами в междугородном сообщении,49.39.11,2023.0,4.0
"Перевозка пассажиров фуникулерами, подвесными канатными дорогами и лыжными подъемниками, не являющимися частью внутригородской, пригородной или городской и пригородной транспортных систем",49.39.2,2024.0,1.0
"Перевозка пассажиров фуникулерами, подвесными канатными дорогами и лыжными подъемниками, не являющимися частью внутригородской, пригородной или городской и пригородной транспортных систем",49.39.2,2025.0,1.0
Перевозки пассажиров сухопутным транспортом по заказам,49.39.3,2021.0,7.0
Перевозки пассажиров сухопутным транспортом по заказам,49.39.3,2022.0,9.0
Перевозки пассажиров сухопутным транспортом по заказам,49.39.3,2023.0,2.0
Перевозки пассажиров сухопутным транспортом по заказам,49.39.3,2024.0,4.0
Перевозки пассажиров сухопутным транспортом по заказам,49.39.3,2025.0,4.0
"Перевозка пассажиров автобусами в городском и пригородном сообщении по заказам, за исключением перевозки арендованными автобусами с водителем и по туристическим или экскурсионным маршрутам",49.39.33,2022.0,1.0
"Перевозки пассажиров сухопутным транспортом прочие, не включенные в другие группировки",49.39.39,2021.0,7.0
"Перевозки пассажиров сухопутным транспортом прочие, не включенные в другие группировки",49.39.39,2022.0,7.0
"Перевозки пассажиров сухопутным транспортом прочие, не включенные в другие группировки",49.39.39,2023.0,2.0
"Перевозки пассажиров сухопутным транспортом прочие, не включенные в другие группировки",49.39.39,2024.0,4.0
"Перевозки пассажиров сухопутным транспортом прочие, не включенные в другие группировки",49.39.39,2025.0,4.0
Деятельность автомобильного грузового транспорта и услуги по перевозкам,49.4,2021.0,120.0
Деятельность автомобильного грузового транспорта и услуги по перевозкам,49.4,2022.0,74.0
Деятельность автомобильного грузового транспорта и услуги по перевозкам,49.4,2023.0,45.0
Деятельность автомобильного грузового транспорта и услуги по перевозкам,49.4,2024.0,45.0
Деятельность автомобильного грузового транспорта и услуги по перевозкам,49.4,2025.0,61.0
Деятельность автомобильного грузового транспорта,49.41,2021.0,117.0
Деятельность автомобильного грузового транспорта,49.41,2022.0,73.0
Деятельность автомобильного грузового транспорта,49.41,2023.0,35.0
Деятельность автомобильного грузового транспорта,49.41,2024.0,44.0
Деятельность автомобильного грузового транспорта,49.41,2025.0,57.0
Перевозка грузов специализированными автотранспортными средствами,49.41.1,2021.0,12.0
Перевозка грузов специализированными автотранспортными средствами,49.41.1,2022.0,23.0
Перевозка грузов специализированными автотранспортными средствами,49.41.1,2023.0,11.0
Перевозка грузов специализированными автотранспортными средствами,49.41.1,2024.0,25.0
Перевозка грузов специализированными автотранспортными средствами,49.41.1,2025.0,32.0
Перевозка грузов неспециализированными автотранспортными средствами,49.41.2,2021.0,93.0
Перевозка грузов неспециализированными автотранспортными средствами,49.41.2,2022.0,28.0
Перевозка грузов неспециализированными автотранспортными средствами,49.41.2,2023.0,10.0
Перевозка грузов неспециализированными автотранспортными средствами,49.41.2,2024.0,9.0
Перевозка грузов неспециализированными автотранспортными средствами,49.41.2,2025.0,17.0
Аренда грузового автомобильного транспорта с водителем,49.41.3,2022.0,1.0
Аренда грузового автомобильного транспорта с водителем,49.41.3,2023.0,1.0
Аренда грузового автомобильного транспорта с водителем,49.41.3,2024.0,2.0
Предоставление услуг по перевозкам,49.42,2021.0,3.0
Предоставление услуг по перевозкам,49.42,2022.0,1.0
Предоставление услуг по перевозкам,49.42,2023.0,10.0
Предоставление услуг по перевозкам,49.42,2024.0,1.0
Предоставление услуг по перевозкам,49.42,2025.0,4.0
Деятельность трубопроводного транспорта,49.50,2021.0,4.0
Деятельность трубопроводного транспорта,49.50,2022.0,8.0
Деятельность трубопроводного транспорта,49.50,2023.0,14.0
Деятельность трубопроводного транспорта,49.50,2024.0,4.0
Деятельность трубопроводного транспорта,49.50,2025.0,8.0
Транспортирование по трубопроводам нефти и нефтепродуктов,49.50.1,2021.0,2.0
Транспортирование по трубопроводам нефти и нефтепродуктов,49.50.1,2022.0,2.0
Транспортирование по трубопроводам нефти и нефтепродуктов,49.50.1,2023.0,2.0
Транспортирование по трубопроводам нефти и нефтепродуктов,49.50.1,2024.0,1.0
Транспортирование по трубопроводам нефти и нефтепродуктов,49.50.1,2025.0,1.0
Транспортирование по трубопроводам нефти,49.50.11,2021.0,2.0
Транспортирование по трубопроводам нефти,49.50.11,2022.0,2.0
Транспортирование по трубопроводам нефти,49.50.11,2023.0,2.0
Транспортирование по трубопроводам нефти,49.50.11,2024.0,1.0
Транспортирование по трубопроводам нефти,49.50.11,2025.0,1.0
Транспортирование по трубопроводам газа и продуктов его переработки,49.50.2,2021.0,2.0
Транспортирование по трубопроводам газа и продуктов его переработки,49.50.2,2022.0,6.0
Транспортирование по трубопроводам газа и продуктов его переработки,49.50.2,2023.0,11.0
Транспортирование по трубопроводам газа и продуктов его переработки,49.50.2,2024.0,3.0
Транспортирование по трубопроводам газа и продуктов его переработки,49.50.2,2025.0,6.0
Транспортирование по трубопроводам газа,49.50.21,2021.0,2.0
Транспортирование по трубопроводам газа,49.50.21,2022.0,5.0
Транспортирование по трубопроводам газа,49.50.21,2023.0,11.0
Транспортирование по трубопроводам газа,49.50.21,2024.0,3.0
Транспортирование по трубопроводам газа,49.50.21,2025.0,6.0
Транспортирование по трубопроводам продуктов переработки газа,49.50.22,2022.0,1.0
Сухопутная конвейерная транспортировка угля,49.50.3,2025.0,1.0
Деятельность трубопроводного транспорта прочая,49.50.9,2023.0,1.0
Деятельность водного транспорта,50,2021.0,5.0
Деятельность водного транспорта,50,2022.0,10.0
Деятельность водного транспорта,50,2023.0,6.0
Деятельность водного транспорта,50,2024.0,12.0
Деятельность водного транспорта,50,2025.0,8.0
Деятельность морского грузового транспорта,50.20,2021.0,2.0
Деятельность морского грузового транспорта,50.20,2022.0,6.0
Деятельность морского грузового транспорта,50.20,2023.0,5.0
Деятельность морского грузового транспорта,50.20,2024.0,9.0
Деятельность морского грузового транспорта,50.20,2025.0,5.0
Перевозка грузов морскими судами заграничного плавания,50.20.1,2022.0,1.0
Перевозка грузов морскими судами заграничного плавания,50.20.1,2023.0,1.0
Перевозка грузов морскими судами заграничного плавания,50.20.1,2024.0,1.0
Перевозка замороженных или охлажденных грузов судами-рефрижераторами заграничного плавания,50.20.11,2023.0,1.0
Перевозка сухих сыпучих грузов морскими судами заграничного плавания,50.20.15,2022.0,1.0
Перевозка грузов морскими судами каботажного плавания,50.20.2,2021.0,1.0
Перевозка грузов морскими судами каботажного плавания,50.20.2,2024.0,1.0
Перевозка грузов морскими судами каботажного плавания,50.20.2,2025.0,1.0
Перевозка прочих жидкостей или газов морскими судами-танкерами каботажного плавания,50.20.23,2024.0,1.0
Перевозка прочих грузов морскими судами каботажного плавания,50.20.29,2021.0,1.0
Перевозка прочих грузов морскими судами каботажного плавания,50.20.29,2025.0,1.0
Аренда морских судов заграничного и каботажного плавания для перевозки грузов с экипажем,50.20.3,2022.0,2.0
Аренда морских судов заграничного и каботажного плавания для перевозки грузов с экипажем,50.20.3,2023.0,3.0
Аренда морских судов заграничного и каботажного плавания для перевозки грузов с экипажем,50.20.3,2024.0,2.0
Аренда морских судов заграничного и каботажного плавания для перевозки грузов с экипажем,50.20.3,2025.0,2.0
Аренда морских судов заграничного плавания для перевозки грузов с экипажем,50.20.31,2022.0,2.0
Аренда морских судов заграничного плавания для перевозки грузов с экипажем,50.20.31,2023.0,3.0
Аренда морских судов заграничного плавания для перевозки грузов с экипажем,50.20.31,2024.0,2.0
Аренда морских судов заграничного плавания для перевозки грузов с экипажем,50.20.31,2025.0,2.0
"Буксировка и маневровые услуги, оказываемые судами заграничного и каботажного плавания",50.20.4,2021.0,1.0
"Буксировка и маневровые услуги, оказываемые судами заграничного и каботажного плавания",50.20.4,2022.0,1.0
Деятельность по оказанию маневровых услуг судами заграничного и каботажного плавания,50.20.42,2021.0,1.0
Деятельность по оказанию маневровых услуг судами заграничного и каботажного плавания,50.20.42,2022.0,1.0
Деятельность внутреннего водного пассажирского транспорта,50.30,2021.0,1.0
Деятельность внутреннего водного пассажирского транспорта,50.30,2022.0,1.0
Перевозка пассажиров по внутренним водным путям,50.30.1,2021.0,1.0
Перевозка пассажиров по внутренним водным путям,50.30.1,2022.0,1.0
Деятельность внутреннего водного грузового транспорта,50.40,2021.0,2.0
Деятельность внутреннего водного грузового транспорта,50.40,2022.0,3.0
Деятельность внутреннего водного грузового транспорта,50.40,2023.0,1.0
Деятельность внутреннего водного грузового транспорта,50.40,2024.0,3.0
Деятельность внутреннего водного грузового транспорта,50.40,2025.0,3.0
Перевозка грузов по внутренним водным путям,50.40.1,2021.0,2.0
Перевозка грузов по внутренним водным путям,50.40.1,2022.0,3.0
Перевозка грузов по внутренним водным путям,50.40.1,2023.0,1.0
Перевозка грузов по внутренним водным путям,50.40.1,2024.0,3.0
Перевозка грузов по внутренним водным путям,50.40.1,2025.0,3.0
Деятельность воздушного и космического транспорта,51,2021.0,7.0
Деятельность воздушного и космического транспорта,51,2022.0,10.0
Деятельность воздушного и космического транспорта,51,2023.0,8.0
Деятельность воздушного и космического транспорта,51,2024.0,48.0
Деятельность воздушного и космического транспорта,51,2025.0,20.0
Деятельность пассажирского воздушного транспорта,51.10,2021.0,7.0
Деятельность пассажирского воздушного транспорта,51.10,2022.0,8.0
Деятельность пассажирского воздушного транспорта,51.10,2023.0,5.0
Деятельность пассажирского воздушного транспорта,51.10,2024.0,46.0
Деятельность пассажирского воздушного транспорта,51.10,2025.0,18.0
"Перевозка воздушным пассажирским транспортом, подчиняющимся расписанию",51.10.1,2021.0,6.0
"Перевозка воздушным пассажирским транспортом, подчиняющимся расписанию",51.10.1,2022.0,7.0
"Перевозка воздушным пассажирским транспортом, подчиняющимся расписанию",51.10.1,2023.0,4.0
"Перевозка воздушным пассажирским транспортом, подчиняющимся расписанию",51.10.1,2024.0,46.0
"Перевозка воздушным пассажирским транспортом, подчиняющимся расписанию",51.10.1,2025.0,18.0
"Перевозка воздушным пассажирским транспортом, не подчиняющимся расписанию",51.10.2,2021.0,1.0
"Перевозка воздушным пассажирским транспортом, не подчиняющимся расписанию",51.10.2,2022.0,1.0
"Перевозка воздушным пассажирским транспортом, не подчиняющимся расписанию",51.10.2,2023.0,1.0
Деятельность грузового воздушного транспорта и космического транспорта,51.2,2022.0,2.0
Деятельность грузового воздушного транспорта и космического транспорта,51.2,2023.0,3.0
Деятельность грузового воздушного транспорта и космического транспорта,51.2,2024.0,2.0
Деятельность грузового воздушного транспорта и космического транспорта,51.2,2025.0,2.0
Деятельность грузового воздушного транспорта,51.21,2022.0,2.0
Деятельность грузового воздушного транспорта,51.21,2023.0,3.0
Деятельность грузового воздушного транспорта,51.21,2024.0,2.0
Деятельность грузового воздушного транспорта,51.21,2025.0,2.0
"Перевозка воздушным грузовым транспортом, не подчиняющимся расписанию",51.21.2,2022.0,2.0
"Перевозка воздушным грузовым транспортом, не подчиняющимся расписанию",51.21.2,2023.0,3.0
"Перевозка воздушным грузовым транспортом, не подчиняющимся расписанию",51.21.2,2024.0,2.0
"Перевозка воздушным грузовым транспортом, не подчиняющимся расписанию",51.21.2,2025.0,2.0
Складское хозяйство и вспомогательная транспортная деятельность,52,2021.0,400.0
Складское хозяйство и вспомогательная транспортная деятельность,52,2022.0,563.0
Складское хозяйство и вспомогательная транспортная деятельность,52,2023.0,417.0
Складское хозяйство и вспомогательная транспортная деятельность,52,2024.0,410.0
Складское хозяйство и вспомогательная транспортная деятельность,52,2025.0,344.0
Деятельность по складированию и хранению,52.10,2021.0,35.0
Деятельность по складированию и хранению,52.10,2022.0,52.0
Деятельность по складированию и хранению,52.10,2023.0,19.0
Деятельность по складированию и хранению,52.10,2024.0,22.0
Деятельность по складированию и хранению,52.10,2025.0,55.0
Хранение и складирование замороженных или охлажденных грузов,52.10.1,2021.0,2.0
Хранение и складирование замороженных или охлажденных грузов,52.10.1,2022.0,6.0
Хранение и складирование замороженных или охлажденных грузов,52.10.1,2023.0,3.0
Хранение и складирование замороженных или охлажденных грузов,52.10.1,2024.0,5.0
Хранение и складирование замороженных или охлажденных грузов,52.10.1,2025.0,6.0
Хранение и складирование жидких или газообразных грузов,52.10.2,2021.0,1.0
Хранение и складирование жидких или газообразных грузов,52.10.2,2022.0,4.0
Хранение и складирование жидких или газообразных грузов,52.10.2,2024.0,1.0
Хранение и складирование жидких или газообразных грузов,52.10.2,2025.0,3.0
Хранение и складирование нефти и продуктов ее переработки,52.10.21,2021.0,1.0
Хранение и складирование нефти и продуктов ее переработки,52.10.21,2022.0,2.0
Хранение и складирование нефти и продуктов ее переработки,52.10.21,2025.0,2.0
Хранение и складирование газа и продуктов его переработки,52.10.22,2024.0,1.0
Хранение и складирование газа и продуктов его переработки,52.10.22,2025.0,1.0
Хранение и складирование прочих жидких или газообразных грузов,52.10.23,2022.0,2.0
Хранение и складирование зерна,52.10.3,2021.0,1.0
Хранение и складирование зерна,52.10.3,2022.0,9.0
Хранение и складирование зерна,52.10.3,2023.0,3.0
Хранение и складирование зерна,52.10.3,2024.0,1.0
Хранение и складирование зерна,52.10.3,2025.0,3.0
Хранение ядерных материалов и радиоактивных веществ,52.10.4,2021.0,1.0
Хранение ядерных материалов и радиоактивных веществ,52.10.4,2022.0,2.0
Хранение и складирование прочих грузов,52.10.9,2021.0,25.0
Хранение и складирование прочих грузов,52.10.9,2022.0,21.0
Хранение и складирование прочих грузов,52.10.9,2023.0,9.0
Хранение и складирование прочих грузов,52.10.9,2024.0,8.0
Хранение и складирование прочих грузов,52.10.9,2025.0,30.0
Деятельность транспортная вспомогательная,52.2,2021.0,365.0
Деятельность транспортная вспомогательная,52.2,2022.0,511.0
Деятельность транспортная вспомогательная,52.2,2023.0,398.0
Деятельность транспортная вспомогательная,52.2,2024.0,388.0
Деятельность транспортная вспомогательная,52.2,2025.0,289.0
"Деятельность вспомогательная, связанная с сухопутным транспортом",52.21,2021.0,75.0
"Деятельность вспомогательная, связанная с сухопутным транспортом",52.21,2022.0,105.0
"Деятельность вспомогательная, связанная с сухопутным транспортом",52.21,2023.0,46.0
"Деятельность вспомогательная, связанная с сухопутным транспортом",52.21,2024.0,31.0
"Деятельность вспомогательная, связанная с сухопутным транспортом",52.21,2025.0,28.0
"Деятельность вспомогательная, связанная с железнодорожным транспортом",52.21.1,2021.0,51.0
"Деятельность вспомогательная, связанная с железнодорожным транспортом",52.21.1,2022.0,66.0
"Деятельность вспомогательная, связанная с железнодорожным транспортом",52.21.1,2023.0,12.0
"Деятельность вспомогательная, связанная с железнодорожным транспортом",52.21.1,2024.0,14.0
"Деятельность вспомогательная, связанная с железнодорожным транспортом",52.21.1,2025.0,10.0
Предоставление железнодорожных маневровых или буксировочных услуг,52.21.11,2022.0,3.0
Предоставление железнодорожных маневровых или буксировочных услуг,52.21.11,2023.0,1.0
Предоставление железнодорожных маневровых или буксировочных услуг,52.21.11,2025.0,1.0
Деятельность железнодорожных пассажирских вокзалов и грузовых терминалов,52.21.12,2021.0,2.0
Деятельность железнодорожных пассажирских вокзалов и грузовых терминалов,52.21.12,2022.0,3.0
Деятельность железнодорожной инфраструктуры,52.21.13,2021.0,32.0
Деятельность железнодорожной инфраструктуры,52.21.13,2022.0,29.0
"Деятельность вспомогательная прочая, связанная с железнодорожным транспортом",52.21.19,2021.0,15.0
"Деятельность вспомогательная прочая, связанная с железнодорожным транспортом",52.21.19,2022.0,26.0
"Деятельность вспомогательная прочая, связанная с железнодорожным транспортом",52.21.19,2023.0,9.0
"Деятельность вспомогательная прочая, связанная с железнодорожным транспортом",52.21.19,2024.0,12.0
"Деятельность вспомогательная прочая, связанная с железнодорожным транспортом",52.21.19,2025.0,7.0
"Деятельность вспомогательная, связанная с автомобильным транспортом",52.21.2,2021.0,24.0
"Деятельность вспомогательная, связанная с автомобильным транспортом",52.21.2,2022.0,37.0
"Деятельность вспомогательная, связанная с автомобильным транспортом",52.21.2,2023.0,32.0
"Деятельность вспомогательная, связанная с автомобильным транспортом",52.21.2,2024.0,15.0
"Деятельность вспомогательная, связанная с автомобильным транспортом",52.21.2,2025.0,16.0
Деятельность автовокзалов и автостанций,52.21.21,2021.0,2.0
Деятельность автовокзалов и автостанций,52.21.21,2022.0,3.0
Деятельность автовокзалов и автостанций,52.21.21,2023.0,1.0
Деятельность автовокзалов и автостанций,52.21.21,2025.0,1.0
Деятельность по эксплуатации автомобильных дорог и автомагистралей,52.21.22,2021.0,16.0
Деятельность по эксплуатации автомобильных дорог и автомагистралей,52.21.22,2022.0,22.0
Деятельность по эксплуатации автомобильных дорог и автомагистралей,52.21.22,2023.0,21.0
Деятельность по эксплуатации автомобильных дорог и автомагистралей,52.21.22,2024.0,10.0
Деятельность по эксплуатации автомобильных дорог и автомагистралей,52.21.22,2025.0,10.0
Деятельность по эксплуатации мостов и тоннелей,52.21.23,2022.0,3.0
Деятельность по эксплуатации мостов и тоннелей,52.21.23,2023.0,2.0
Деятельность по эксплуатации мостов и тоннелей,52.21.23,2024.0,1.0
Деятельность стоянок для транспортных средств,52.21.24,2021.0,4.0
Деятельность стоянок для транспортных средств,52.21.24,2022.0,5.0
Деятельность стоянок для транспортных средств,52.21.24,2023.0,4.0
Деятельность стоянок для транспортных средств,52.21.24,2024.0,1.0
Деятельность стоянок для транспортных средств,52.21.24,2025.0,1.0
"Деятельность вспомогательная прочая, связанная с автомобильным транспортом",52.21.29,2021.0,1.0
"Деятельность вспомогательная прочая, связанная с автомобильным транспортом",52.21.29,2022.0,1.0
"Деятельность вспомогательная прочая, связанная с автомобильным транспортом",52.21.29,2023.0,4.0
"Деятельность вспомогательная прочая, связанная с автомобильным транспортом",52.21.29,2024.0,3.0
"Деятельность вспомогательная прочая, связанная с автомобильным транспортом",52.21.29,2025.0,3.0
"Деятельность вспомогательная, связанная с трубопроводным транспортом",52.21.3,2023.0,2.0
"Деятельность вспомогательная, связанная с водным транспортом",52.22,2021.0,3.0
"Деятельность вспомогательная, связанная с водным транспортом",52.22,2022.0,14.0
"Деятельность вспомогательная, связанная с водным транспортом",52.22,2023.0,6.0
"Деятельность вспомогательная, связанная с водным транспортом",52.22,2024.0,6.0
"Деятельность вспомогательная, связанная с водным транспортом",52.22,2025.0,5.0
"Деятельность вспомогательная, связанная с морским транспортом",52.22.1,2021.0,2.0
"Деятельность вспомогательная, связанная с морским транспортом",52.22.1,2022.0,11.0
"Деятельность вспомогательная, связанная с морским транспортом",52.22.1,2023.0,6.0
"Деятельность вспомогательная, связанная с морским транспортом",52.22.1,2024.0,4.0
"Деятельность вспомогательная, связанная с морским транспортом",52.22.1,2025.0,4.0
Деятельность по навигационному обеспечению судоходства на морском транспорте,52.22.14,2025.0,1.0
Деятельность аварийно-спасательная и судоподъемная на морском транспорте,52.22.15,2021.0,1.0
Деятельность аварийно-спасательная и судоподъемная на морском транспорте,52.22.15,2023.0,2.0
Деятельность аварийно-спасательная и судоподъемная на морском транспорте,52.22.15,2025.0,2.0
"Снабженческое (шипчандлерское) обслуживание судов, включая бункеровку судов топливом, обслуживание судов в период стоянки в портах: агентирование судов, обследовательское (сюрвейерское) обслуживание судов на морском транспорте",52.22.16,2022.0,8.0
"Снабженческое (шипчандлерское) обслуживание судов, включая бункеровку судов топливом, обслуживание судов в период стоянки в портах: агентирование судов, обследовательское (сюрвейерское) обслуживание судов на морском транспорте",52.22.16,2023.0,3.0
"Снабженческое (шипчандлерское) обслуживание судов, включая бункеровку судов топливом, обслуживание судов в период стоянки в портах: агентирование судов, обследовательское (сюрвейерское) обслуживание судов на морском транспорте",52.22.16,2024.0,1.0
"Снабженческое (шипчандлерское) обслуживание судов, включая бункеровку судов топливом, обслуживание судов в период стоянки в портах: агентирование судов, обследовательское (сюрвейерское) обслуживание судов на морском транспорте",52.22.16,2025.0,1.0
"Деятельность вспомогательная, связанная морским транспортом, прочая, не включенная в другие группировки",52.22.19,2021.0,1.0
"Деятельность вспомогательная, связанная морским транспортом, прочая, не включенная в другие группировки",52.22.19,2022.0,2.0
"Деятельность вспомогательная, связанная морским транспортом, прочая, не включенная в другие группировки",52.22.19,2023.0,1.0
"Деятельность вспомогательная, связанная морским транспортом, прочая, не включенная в другие группировки",52.22.19,2024.0,2.0
"Деятельность вспомогательная, связанная с внутренним водным транспортом",52.22.2,2021.0,1.0
"Деятельность вспомогательная, связанная с внутренним водным транспортом",52.22.2,2022.0,3.0
"Деятельность вспомогательная, связанная с внутренним водным транспортом",52.22.2,2024.0,2.0
"Деятельность вспомогательная, связанная с внутренним водным транспортом",52.22.2,2025.0,1.0
Деятельность инфраструктуры речных портов и гидротехнических сооружений,52.22.21,2024.0,1.0
"Деятельность вспомогательная, связанная с внутренним водным транспортом, прочая, не включенная в другие группировки",52.22.29,2022.0,2.0
"Деятельность вспомогательная, связанная с воздушным и космическим транспортом",52.23,2021.0,21.0
"Деятельность вспомогательная, связанная с воздушным и космическим транспортом",52.23,2022.0,24.0
"Деятельность вспомогательная, связанная с воздушным и космическим транспортом",52.23,2023.0,18.0
"Деятельность вспомогательная, связанная с воздушным и космическим транспортом",52.23,2024.0,24.0
"Деятельность вспомогательная, связанная с воздушным и космическим транспортом",52.23,2025.0,20.0
"Деятельность вспомогательная, связанная с воздушным транспортом",52.23.1,2021.0,21.0
"Деятельность вспомогательная, связанная с воздушным транспортом",52.23.1,2022.0,23.0
"Деятельность вспомогательная, связанная с воздушным транспортом",52.23.1,2023.0,18.0
"Деятельность вспомогательная, связанная с воздушным транспортом",52.23.1,2024.0,24.0
"Деятельность вспомогательная, связанная с воздушным транспортом",52.23.1,2025.0,20.0
Деятельность аэропортовая,52.23.11,2021.0,11.0
Деятельность аэропортовая,52.23.11,2022.0,11.0
Деятельность аэропортовая,52.23.11,2023.0,8.0
Деятельность аэропортовая,52.23.11,2024.0,16.0
Деятельность аэропортовая,52.23.11,2025.0,14.0
Обеспечение обслуживания (управления) воздушного движения,52.23.12,2022.0,1.0
Обеспечение обслуживания (управления) воздушного движения,52.23.12,2023.0,1.0
Обеспечение обслуживания (управления) воздушного движения,52.23.12,2024.0,2.0
Обеспечение обслуживания (управления) воздушного движения,52.23.12,2025.0,2.0
Выполнение авиационных работ,52.23.13,2022.0,2.0
Выполнение авиационных работ,52.23.13,2023.0,2.0
Выполнение авиационных работ,52.23.13,2024.0,1.0
"Деятельность вспомогательная прочая, связанная с воздушным транспортом",52.23.19,2021.0,10.0
"Деятельность вспомогательная прочая, связанная с воздушным транспортом",52.23.19,2022.0,9.0
"Деятельность вспомогательная прочая, связанная с воздушным транспортом",52.23.19,2023.0,7.0
"Деятельность вспомогательная прочая, связанная с воздушным транспортом",52.23.19,2024.0,5.0
"Деятельность вспомогательная прочая, связанная с воздушным транспортом",52.23.19,2025.0,4.0
Транспортная обработка грузов,52.24,2021.0,21.0
Транспортная обработка грузов,52.24,2022.0,55.0
Транспортная обработка грузов,52.24,2023.0,6.0
Транспортная обработка грузов,52.24,2024.0,14.0
Транспортная обработка грузов,52.24,2025.0,11.0
Транспортная обработка контейнеров,52.24.1,2021.0,1.0
Транспортная обработка контейнеров,52.24.1,2022.0,1.0
Транспортная обработка контейнеров,52.24.1,2023.0,1.0
Транспортная обработка контейнеров,52.24.1,2024.0,3.0
Транспортная обработка контейнеров,52.24.1,2025.0,3.0
Транспортная обработка прочих грузов,52.24.2,2021.0,20.0
Транспортная обработка прочих грузов,52.24.2,2022.0,48.0
Транспортная обработка прочих грузов,52.24.2,2023.0,5.0
Транспортная обработка прочих грузов,52.24.2,2024.0,9.0
Транспортная обработка прочих грузов,52.24.2,2025.0,7.0
"Деятельность вспомогательная прочая, связанная с перевозками",52.29,2021.0,245.0
"Деятельность вспомогательная прочая, связанная с перевозками",52.29,2022.0,313.0
"Деятельность вспомогательная прочая, связанная с перевозками",52.29,2023.0,322.0
"Деятельность вспомогательная прочая, связанная с перевозками",52.29,2024.0,313.0
"Деятельность вспомогательная прочая, связанная с перевозками",52.29,2025.0,225.0
Деятельность почтовой связи и курьерская деятельность,53,2021.0,48.0
Деятельность почтовой связи и курьерская деятельность,53,2022.0,33.0
Деятельность почтовой связи и курьерская деятельность,53,2023.0,14.0
Деятельность почтовой связи и курьерская деятельность,53,2024.0,10.0
Деятельность почтовой связи и курьерская деятельность,53,2025.0,7.0
Деятельность почтовой связи общего пользования,53.10,2021.0,8.0
Деятельность почтовой связи общего пользования,53.10,2022.0,12.0
Деятельность почтовой связи общего пользования,53.10,2023.0,6.0
Деятельность почтовой связи общего пользования,53.10,2024.0,4.0
Деятельность почтовой связи общего пользования,53.10,2025.0,3.0
"Деятельность почтовой связи, связанная с пересылкой посылочной почты",53.10.3,2021.0,1.0
"Деятельность почтовой связи, связанная с пересылкой посылочной почты",53.10.3,2022.0,1.0
"Деятельность почтовой связи, связанная с пересылкой посылочной почты",53.10.3,2023.0,1.0
"Деятельность почтовой связи, связанная с пересылкой посылочной почты",53.10.3,2024.0,1.0
"Деятельность почтовой связи, связанная с пересылкой посылочной почты",53.10.3,2025.0,1.0
Деятельность почтовой связи общего пользования прочая,53.10.9,2021.0,7.0
Деятельность почтовой связи общего пользования прочая,53.10.9,2022.0,11.0
Деятельность почтовой связи общего пользования прочая,53.10.9,2023.0,5.0
Деятельность почтовой связи общего пользования прочая,53.10.9,2024.0,3.0
Деятельность почтовой связи общего пользования прочая,53.10.9,2025.0,2.0
Деятельность почтовой связи прочая и курьерская деятельность,53.20,2021.0,40.0
Деятельность почтовой связи прочая и курьерская деятельность,53.20,2022.0,21.0
Деятельность почтовой связи прочая и курьерская деятельность,53.20,2023.0,8.0
Деятельность почтовой связи прочая и курьерская деятельность,53.20,2024.0,6.0
Деятельность почтовой связи прочая и курьерская деятельность,53.20,2025.0,4.0
Деятельность специальной почтовой связи,53.20.1,2021.0,3.0
Деятельность специальной почтовой связи,53.20.1,2022.0,8.0
Деятельность специальной почтовой связи,53.20.1,2023.0,6.0
Деятельность специальной почтовой связи,53.20.1,2024.0,5.0
Деятельность специальной почтовой связи,53.20.1,2025.0,2.0
Деятельность фельдъегерской связи,53.20.2,2022.0,1.0
Деятельность фельдъегерской связи,53.20.2,2024.0,1.0
Деятельность фельдъегерской связи,53.20.2,2025.0,1.0
"Деятельность почтовой связи прочая, не включенная в другие группировки",53.20.29,2024.0,1.0
"Деятельность почтовой связи прочая, не включенная в другие группировки",53.20.29,2025.0,1.0
Деятельность курьерская,53.20.3,2021.0,37.0
Деятельность курьерская,53.20.3,2022.0,12.0
Деятельность курьерская,53.20.3,2023.0,2.0
Деятельность курьерская,53.20.3,2025.0,1.0
Деятельность по курьерской доставке различными видами транспорта,53.20.31,2021.0,22.0
Деятельность по курьерской доставке различными видами транспорта,53.20.31,2022.0,2.0
Деятельность по курьерской доставке различными видами транспорта,53.20.31,2025.0,1.0
Деятельность курьерская прочая,53.20.39,2021.0,1.0
Деятельность курьерская прочая,53.20.39,2022.0,5.0
Деятельность курьерская прочая,53.20.39,2023.0,2.0
Деятельность по предоставлению мест для временного проживания,55,2021.0,33.0
Деятельность по предоставлению мест для временного проживания,55,2022.0,70.0
Деятельность по предоставлению мест для временного проживания,55,2023.0,39.0
Деятельность по предоставлению мест для временного проживания,55,2024.0,32.0
Деятельность по предоставлению мест для временного проживания,55,2025.0,32.0
Деятельность гостиниц и прочих мест для временного проживания,55.10,2021.0,16.0
Деятельность гостиниц и прочих мест для временного проживания,55.10,2022.0,32.0
Деятельность гостиниц и прочих мест для временного проживания,55.10,2023.0,23.0
Деятельность гостиниц и прочих мест для временного проживания,55.10,2024.0,17.0
Деятельность гостиниц и прочих мест для временного проживания,55.10,2025.0,20.0
Деятельность по предоставлению мест для краткосрочного проживания,55.20,2021.0,10.0
Деятельность по предоставлению мест для краткосрочного проживания,55.20,2022.0,18.0
Деятельность по предоставлению мест для краткосрочного проживания,55.20,2023.0,8.0
Деятельность по предоставлению мест для краткосрочного проживания,55.20,2024.0,6.0
Деятельность по предоставлению мест для краткосрочного проживания,55.20,2025.0,4.0
Деятельность по предоставлению прочих мест для временного проживания,55.90,2021.0,7.0
Деятельность по предоставлению прочих мест для временного проживания,55.90,2022.0,20.0
Деятельность по предоставлению прочих мест для временного проживания,55.90,2023.0,8.0
Деятельность по предоставлению прочих мест для временного проживания,55.90,2024.0,9.0
Деятельность по предоставлению прочих мест для временного проживания,55.90,2025.0,8.0
Деятельность по предоставлению продуктов питания и напитков,56,2021.0,322.0
Деятельность по предоставлению продуктов питания и напитков,56,2022.0,81.0
Деятельность по предоставлению продуктов питания и напитков,56,2023.0,58.0
Деятельность по предоставлению продуктов питания и напитков,56,2024.0,32.0
Деятельность по предоставлению продуктов питания и напитков,56,2025.0,31.0
Деятельность ресторанов и услуги по доставке продуктов питания,56.10,2021.0,311.0
Деятельность ресторанов и услуги по доставке продуктов питания,56.10,2022.0,46.0
Деятельность ресторанов и услуги по доставке продуктов питания,56.10,2023.0,38.0
Деятельность ресторанов и услуги по доставке продуктов питания,56.10,2024.0,20.0
Деятельность ресторанов и услуги по доставке продуктов питания,56.10,2025.0,24.0
"Деятельность ресторанов и кафе с полным ресторанным обслуживанием, кафетериев, ресторанов быстрого питания и самообслуживания",56.10.1,2021.0,296.0
"Деятельность ресторанов и кафе с полным ресторанным обслуживанием, кафетериев, ресторанов быстрого питания и самообслуживания",56.10.1,2022.0,42.0
"Деятельность ресторанов и кафе с полным ресторанным обслуживанием, кафетериев, ресторанов быстрого питания и самообслуживания",56.10.1,2023.0,35.0
"Деятельность ресторанов и кафе с полным ресторанным обслуживанием, кафетериев, ресторанов быстрого питания и самообслуживания",56.10.1,2024.0,14.0
"Деятельность ресторанов и кафе с полным ресторанным обслуживанием, кафетериев, ресторанов быстрого питания и самообслуживания",56.10.1,2025.0,21.0
"Деятельность по приготовлению и/или продаже пищи, готовой к непосредственному употреблению на месте, с транспортных средств или передвижных лавок",56.10.2,2023.0,1.0
"Деятельность по приготовлению и/или продаже пищи, готовой к непосредственному употреблению на месте, с транспортных средств или передвижных лавок",56.10.2,2024.0,2.0
"Деятельность по приготовлению и/или продаже пищи, готовой к непосредственному употреблению на месте, с транспортных средств или передвижных лавок",56.10.2,2025.0,1.0
Деятельность предприятий общественного питания с обслуживанием на вынос,56.10.21,2023.0,1.0
Деятельность предприятий общественного питания с обслуживанием на вынос,56.10.21,2024.0,2.0
Деятельность предприятий общественного питания с обслуживанием на вынос,56.10.21,2025.0,1.0
Деятельность ресторанов и баров по обеспечению питанием в железнодорожных вагонах-ресторанах и на судах,56.10.3,2023.0,1.0
Деятельность предприятий общественного питания по обслуживанию торжественных мероприятий и прочим видам организации питания,56.2,2021.0,11.0
Деятельность предприятий общественного питания по обслуживанию торжественных мероприятий и прочим видам организации питания,56.2,2022.0,35.0
Деятельность предприятий общественного питания по обслуживанию торжественных мероприятий и прочим видам организации питания,56.2,2023.0,19.0
Деятельность предприятий общественного питания по обслуживанию торжественных мероприятий и прочим видам организации питания,56.2,2024.0,12.0
Деятельность предприятий общественного питания по обслуживанию торжественных мероприятий и прочим видам организации питания,56.2,2025.0,7.0
Деятельность предприятий общественного питания по обслуживанию торжественных мероприятий,56.21,2024.0,1.0
Деятельность предприятий общественного питания по прочим видам организации питания,56.29,2021.0,11.0
Деятельность предприятий общественного питания по прочим видам организации питания,56.29,2022.0,35.0
Деятельность предприятий общественного питания по прочим видам организации питания,56.29,2023.0,19.0
Деятельность предприятий общественного питания по прочим видам организации питания,56.29,2024.0,11.0
Деятельность предприятий общественного питания по прочим видам организации питания,56.29,2025.0,7.0
"Деятельность организаций общественного питания, поставляющих готовую пищу (для транспортных и строительных компаний, туристическим группам, личному составу вооруженных сил, предприятиям розничной торговли и другим группам потребителей) по договору",56.29.1,2021.0,4.0
"Деятельность организаций общественного питания, поставляющих готовую пищу (для транспортных и строительных компаний, туристическим группам, личному составу вооруженных сил, предприятиям розничной торговли и другим группам потребителей) по договору",56.29.1,2022.0,11.0
"Деятельность организаций общественного питания, поставляющих готовую пищу (для транспортных и строительных компаний, туристическим группам, личному составу вооруженных сил, предприятиям розничной торговли и другим группам потребителей) по договору",56.29.1,2023.0,13.0
"Деятельность организаций общественного питания, поставляющих готовую пищу (для транспортных и строительных компаний, туристическим группам, личному составу вооруженных сил, предприятиям розничной торговли и другим группам потребителей) по договору",56.29.1,2024.0,2.0
"Деятельность организаций общественного питания, поставляющих готовую пищу (для транспортных и строительных компаний, туристическим группам, личному составу вооруженных сил, предприятиям розничной торговли и другим группам потребителей) по договору",56.29.1,2025.0,2.0
Деятельность столовых и буфетов при предприятиях и учреждениях,56.29.2,2021.0,5.0
Деятельность столовых и буфетов при предприятиях и учреждениях,56.29.2,2022.0,18.0
Деятельность столовых и буфетов при предприятиях и учреждениях,56.29.2,2023.0,5.0
Деятельность столовых и буфетов при предприятиях и учреждениях,56.29.2,2024.0,8.0
Деятельность столовых и буфетов при предприятиях и учреждениях,56.29.2,2025.0,3.0
"Деятельность по доставке продуктов питания учебным, спортивным и прочим учреждениям (по льготным ценам)",56.29.3,2022.0,1.0
"Деятельность по доставке продуктов питания учебным, спортивным и прочим учреждениям (по льготным ценам)",56.29.3,2025.0,1.0
"Деятельность социальных столовых, буфетов или кафетериев (в офисах, больницах, школах, институтах и пр.) на основе льготных цен на питание",56.29.4,2022.0,2.0
"Деятельность социальных столовых, буфетов или кафетериев (в офисах, больницах, школах, институтах и пр.) на основе льготных цен на питание",56.29.4,2023.0,1.0
Подача напитков,56.30,2023.0,1.0
Деятельность издательская,58,2021.0,59.0
Деятельность издательская,58,2022.0,106.0
Деятельность издательская,58,2023.0,74.0
Деятельность издательская,58,2024.0,85.0
Деятельность издательская,58,2025.0,85.0
"Издание книг, периодических публикаций и другие виды издательской деятельности",58.1,2021.0,55.0
"Издание книг, периодических публикаций и другие виды издательской деятельности",58.1,2022.0,104.0
"Издание книг, периодических публикаций и другие виды издательской деятельности",58.1,2023.0,71.0
"Издание книг, периодических публикаций и другие виды издательской деятельности",58.1,2024.0,80.0
"Издание книг, периодических публикаций и другие виды издательской деятельности",58.1,2025.0,78.0
Издание книг,58.11,2021.0,7.0
Издание книг,58.11,2022.0,10.0
Издание книг,58.11,2023.0,9.0
Издание книг,58.11,2024.0,10.0
Издание книг,58.11,2025.0,10.0
"Издание книг, брошюр, рекламных буклетов и аналогичных изданий, включая издание словарей и энциклопедий, в том числе для слепых, в печатном виде",58.11.1,2021.0,4.0
"Издание книг, брошюр, рекламных буклетов и аналогичных изданий, включая издание словарей и энциклопедий, в том числе для слепых, в печатном виде",58.11.1,2022.0,6.0
"Издание книг, брошюр, рекламных буклетов и аналогичных изданий, включая издание словарей и энциклопедий, в том числе для слепых, в печатном виде",58.11.1,2023.0,4.0
"Издание книг, брошюр, рекламных буклетов и аналогичных изданий, включая издание словарей и энциклопедий, в том числе для слепых, в печатном виде",58.11.1,2024.0,7.0
"Издание книг, брошюр, рекламных буклетов и аналогичных изданий, включая издание словарей и энциклопедий, в том числе для слепых, в печатном виде",58.11.1,2025.0,6.0
Издание газет,58.13,2021.0,44.0
Издание газет,58.13,2022.0,86.0
Издание газет,58.13,2023.0,52.0
Издание газет,58.13,2024.0,57.0
Издание газет,58.13,2025.0,55.0
Издание газет в печатном виде,58.13.1,2021.0,19.0
Издание газет в печатном виде,58.13.1,2022.0,31.0
Издание газет в печатном виде,58.13.1,2023.0,22.0
Издание газет в печатном виде,58.13.1,2024.0,17.0
Издание газет в печатном виде,58.13.1,2025.0,23.0
Издание журналов и периодических изданий,58.14,2021.0,4.0
Издание журналов и периодических изданий,58.14,2022.0,6.0
Издание журналов и периодических изданий,58.14,2023.0,9.0
Издание журналов и периодических изданий,58.14,2024.0,12.0
Издание журналов и периодических изданий,58.14,2025.0,11.0
Издание журналов и периодических публикаций в печатном виде,58.14.1,2021.0,2.0
Издание журналов и периодических публикаций в печатном виде,58.14.1,2022.0,3.0
Издание журналов и периодических публикаций в печатном виде,58.14.1,2023.0,3.0
Издание журналов и периодических публикаций в печатном виде,58.14.1,2024.0,2.0
Издание журналов и периодических публикаций в печатном виде,58.14.1,2025.0,3.0
Издание журналов и периодических публикаций на электронных носителях,58.14.2,2021.0,1.0
Издание журналов и периодических публикаций на электронных носителях,58.14.2,2023.0,4.0
Издание журналов и периодических публикаций на электронных носителях,58.14.2,2024.0,5.0
Издание журналов и периодических публикаций на электронных носителях,58.14.2,2025.0,5.0
Виды издательской деятельности прочие,58.19,2022.0,2.0
Виды издательской деятельности прочие,58.19,2023.0,1.0
Виды издательской деятельности прочие,58.19,2024.0,1.0
Виды издательской деятельности прочие,58.19,2025.0,2.0
Издание программного обеспечения,58.2,2021.0,4.0
Издание программного обеспечения,58.2,2022.0,2.0
Издание программного обеспечения,58.2,2023.0,3.0
Издание программного обеспечения,58.2,2024.0,5.0
Издание программного обеспечения,58.2,2025.0,7.0
Издание компьютерных игр,58.21,2023.0,1.0
Издание компьютерных игр,58.21,2024.0,1.0
Издание компьютерных игр,58.21,2025.0,1.0
Издание прочих программных продуктов,58.29,2021.0,4.0
Издание прочих программных продуктов,58.29,2022.0,2.0
Издание прочих программных продуктов,58.29,2023.0,2.0
Издание прочих программных продуктов,58.29,2024.0,4.0
Издание прочих программных продуктов,58.29,2025.0,6.0
"Производство кинофильмов, видеофильмов и телевизионных программ, издание звукозаписей и нот",59,2021.0,16.0
"Производство кинофильмов, видеофильмов и телевизионных программ, издание звукозаписей и нот",59,2022.0,27.0
"Производство кинофильмов, видеофильмов и телевизионных программ, издание звукозаписей и нот",59,2023.0,14.0
"Производство кинофильмов, видеофильмов и телевизионных программ, издание звукозаписей и нот",59,2024.0,16.0
"Производство кинофильмов, видеофильмов и телевизионных программ, издание звукозаписей и нот",59,2025.0,18.0
"Производство кинофильмов, видеофильмов и телевизионных программ",59.1,2021.0,16.0
"Производство кинофильмов, видеофильмов и телевизионных программ",59.1,2022.0,27.0
"Производство кинофильмов, видеофильмов и телевизионных программ",59.1,2023.0,14.0
"Производство кинофильмов, видеофильмов и телевизионных программ",59.1,2024.0,14.0
"Производство кинофильмов, видеофильмов и телевизионных программ",59.1,2025.0,17.0
"Производство кинофильмов, видеофильмов и телевизионных программ",59.11,2021.0,13.0
"Производство кинофильмов, видеофильмов и телевизионных программ",59.11,2022.0,9.0
"Производство кинофильмов, видеофильмов и телевизионных программ",59.11,2023.0,2.0
"Производство кинофильмов, видеофильмов и телевизионных программ",59.11,2024.0,4.0
"Производство кинофильмов, видеофильмов и телевизионных программ",59.11,2025.0,10.0
"Производство прочих кинофильмов, видеофильмов и телевизионных программ",59.11.9,2023.0,1.0
"Производство прочих кинофильмов, видеофильмов и телевизионных программ",59.11.9,2024.0,1.0
"Производство прочих кинофильмов, видеофильмов и телевизионных программ",59.11.9,2025.0,4.0
"Деятельность монтажно-компоновочная в области производства кинофильмов, видеофильмов и телевизионных программ",59.12,2024.0,1.0
"Деятельность монтажно-компоновочная в области производства кинофильмов, видеофильмов и телевизионных программ",59.12,2025.0,1.0
"Деятельность по распространению кинофильмов, видеофильмов и телевизионных программ",59.13,2022.0,2.0
"Деятельность по распространению кинофильмов, видеофильмов и телевизионных программ",59.13,2023.0,4.0
"Деятельность по распространению кинофильмов, видеофильмов и телевизионных программ",59.13,2024.0,2.0
"Деятельность по распространению кинофильмов, видеофильмов и телевизионных программ",59.13,2025.0,3.0
Деятельность в области демонстрации кинофильмов,59.14,2021.0,3.0
Деятельность в области демонстрации кинофильмов,59.14,2022.0,16.0
Деятельность в области демонстрации кинофильмов,59.14,2023.0,8.0
Деятельность в области демонстрации кинофильмов,59.14,2024.0,7.0
Деятельность в области демонстрации кинофильмов,59.14,2025.0,3.0
Деятельность в области звукозаписи и издания музыкальных произведений,59.20,2024.0,2.0
Деятельность в области звукозаписи и издания музыкальных произведений,59.20,2025.0,1.0
"Издание аудиовизуальных произведений на магнитных, электронных и цифровых носителях",59.20.1,2024.0,2.0
"Издание аудиовизуальных произведений на магнитных, электронных и цифровых носителях",59.20.1,2025.0,1.0
Деятельность в области телевизионного и радиовещания,60,2021.0,19.0
Деятельность в области телевизионного и радиовещания,60,2022.0,38.0
Деятельность в области телевизионного и радиовещания,60,2023.0,28.0
Деятельность в области телевизионного и радиовещания,60,2024.0,49.0
Деятельность в области телевизионного и радиовещания,60,2025.0,54.0
Деятельность в области радиовещания,60.10,2021.0,4.0
Деятельность в области радиовещания,60.10,2022.0,10.0
Деятельность в области радиовещания,60.10,2023.0,4.0
Деятельность в области радиовещания,60.10,2024.0,6.0
Деятельность в области радиовещания,60.10,2025.0,6.0
Деятельность в области телевизионного вещания,60.20,2021.0,15.0
Деятельность в области телевизионного вещания,60.20,2022.0,28.0
Деятельность в области телевизионного вещания,60.20,2023.0,24.0
Деятельность в области телевизионного вещания,60.20,2024.0,43.0
Деятельность в области телевизионного вещания,60.20,2025.0,48.0
Деятельность в сфере телекоммуникаций,61,2021.0,504.0
Деятельность в сфере телекоммуникаций,61,2022.0,495.0
Деятельность в сфере телекоммуникаций,61,2023.0,486.0
Деятельность в сфере телекоммуникаций,61,2024.0,443.0
Деятельность в сфере телекоммуникаций,61,2025.0,488.0
Деятельность в области связи на базе проводных технологий,61.10,2021.0,234.0
Деятельность в области связи на базе проводных технологий,61.10,2022.0,236.0
Деятельность в области связи на базе проводных технологий,61.10,2023.0,207.0
Деятельность в области связи на базе проводных технологий,61.10,2024.0,173.0
Деятельность в области связи на базе проводных технологий,61.10,2025.0,213.0
Деятельность по предоставлению услуг телефонной связи,61.10.1,2021.0,43.0
Деятельность по предоставлению услуг телефонной связи,61.10.1,2022.0,45.0
Деятельность по предоставлению услуг телефонной связи,61.10.1,2023.0,78.0
Деятельность по предоставлению услуг телефонной связи,61.10.1,2024.0,42.0
Деятельность по предоставлению услуг телефонной связи,61.10.1,2025.0,42.0
Деятельность по предоставлению услуг по передаче данных для целей передачи голосовой информации (IР-телефония),61.10.2,2022.0,4.0
Деятельность по предоставлению услуг по передаче данных для целей передачи голосовой информации (IР-телефония),61.10.2,2023.0,1.0
Деятельность по предоставлению услуг по передаче данных и услуг доступа к информационно-коммуникационной сети Интернет,61.10.3,2021.0,108.0
Деятельность по предоставлению услуг по передаче данных и услуг доступа к информационно-коммуникационной сети Интернет,61.10.3,2022.0,102.0
Деятельность по предоставлению услуг по передаче данных и услуг доступа к информационно-коммуникационной сети Интернет,61.10.3,2023.0,98.0
Деятельность по предоставлению услуг по передаче данных и услуг доступа к информационно-коммуникационной сети Интернет,61.10.3,2024.0,80.0
Деятельность по предоставлению услуг по передаче данных и услуг доступа к информационно-коммуникационной сети Интернет,61.10.3,2025.0,88.0
Деятельность в области документальной электросвязи,61.10.4,2021.0,5.0
Деятельность в области документальной электросвязи,61.10.4,2022.0,10.0
Деятельность в области документальной электросвязи,61.10.4,2023.0,6.0
Деятельность в области документальной электросвязи,61.10.4,2024.0,5.0
Деятельность в области документальной электросвязи,61.10.4,2025.0,2.0
Деятельность по трансляции телерадиоканалов по сетям кабельного телерадиовещания,61.10.5,2022.0,1.0
Деятельность операторов связи по присоединению и пропуску трафика,61.10.6,2022.0,1.0
Деятельность операторов связи по присоединению и пропуску трафика,61.10.6,2023.0,1.0
Деятельность операторов связи по присоединению и пропуску трафика,61.10.6,2024.0,1.0
Деятельность операторов связи по присоединению и пропуску трафика,61.10.6,2025.0,1.0
Деятельность в области связи на базе проводных технологий прочая,61.10.9,2021.0,66.0
Деятельность в области связи на базе проводных технологий прочая,61.10.9,2022.0,63.0
Деятельность в области связи на базе проводных технологий прочая,61.10.9,2023.0,17.0
Деятельность в области связи на базе проводных технологий прочая,61.10.9,2024.0,22.0
Деятельность в области связи на базе проводных технологий прочая,61.10.9,2025.0,21.0
Деятельность в области связи на базе беспроводных технологий,61.20,2021.0,268.0
Деятельность в области связи на базе беспроводных технологий,61.20,2022.0,256.0
Деятельность в области связи на базе беспроводных технологий,61.20,2023.0,278.0
Деятельность в области связи на базе беспроводных технологий,61.20,2024.0,268.0
Деятельность в области связи на базе беспроводных технологий,61.20,2025.0,271.0
Деятельность по предоставлению услуг подвижной связи для целей передачи голоса,61.20.1,2021.0,239.0
Деятельность по предоставлению услуг подвижной связи для целей передачи голоса,61.20.1,2022.0,237.0
Деятельность по предоставлению услуг подвижной связи для целей передачи голоса,61.20.1,2023.0,243.0
Деятельность по предоставлению услуг подвижной связи для целей передачи голоса,61.20.1,2024.0,248.0
Деятельность по предоставлению услуг подвижной связи для целей передачи голоса,61.20.1,2025.0,251.0
Деятельность по предоставлению услуг подвижной связи для целей передачи данных,61.20.2,2021.0,4.0
Деятельность по предоставлению услуг подвижной связи для целей передачи данных,61.20.2,2022.0,5.0
Деятельность по предоставлению услуг подвижной связи для целей передачи данных,61.20.2,2023.0,7.0
Деятельность по предоставлению услуг подвижной связи для целей передачи данных,61.20.2,2024.0,4.0
Деятельность по предоставлению услуг подвижной связи для целей передачи данных,61.20.2,2025.0,13.0
Деятельность по предоставлению услуг подвижной связи для доступа к информационно-коммуникационной сети Интернет,61.20.3,2021.0,19.0
Деятельность по предоставлению услуг подвижной связи для доступа к информационно-коммуникационной сети Интернет,61.20.3,2022.0,10.0
Деятельность по предоставлению услуг подвижной связи для доступа к информационно-коммуникационной сети Интернет,61.20.3,2023.0,23.0
Деятельность по предоставлению услуг подвижной связи для доступа к информационно-коммуникационной сети Интернет,61.20.3,2024.0,11.0
Деятельность по предоставлению услуг цифрового телерадиовещания на базе беспроводных технологий,61.20.5,2021.0,3.0
Деятельность по предоставлению услуг цифрового телерадиовещания на базе беспроводных технологий,61.20.5,2022.0,3.0
Деятельность по предоставлению услуг цифрового телерадиовещания на базе беспроводных технологий,61.20.5,2023.0,4.0
Деятельность по предоставлению услуг цифрового телерадиовещания на базе беспроводных технологий,61.20.5,2024.0,5.0
Деятельность по предоставлению услуг цифрового телерадиовещания на базе беспроводных технологий,61.20.5,2025.0,6.0
Деятельность в области спутниковой связи,61.30,2021.0,1.0
Деятельность в области спутниковой связи,61.30,2022.0,1.0
Деятельность в области спутниковой связи,61.30,2024.0,1.0
Деятельность в области спутниковой связи,61.30,2025.0,2.0
Деятельность по предоставлению услуг доступа к информационно-коммуникационной сети Интернет оператором спутниковой связи,61.30.1,2022.0,1.0
Деятельность по предоставлению услуг доступа к информационно-коммуникационной сети Интернет оператором спутниковой связи,61.30.1,2024.0,1.0
Деятельность по предоставлению услуг доступа к информационно-коммуникационной сети Интернет оператором спутниковой связи,61.30.1,2025.0,2.0
Деятельность по предоставлению услуг трансляции телерадиоканалов по сетям спутникового телерадиовещания,61.30.2,2021.0,1.0
Деятельность в области телекоммуникаций прочая,61.90,2021.0,1.0
Деятельность в области телекоммуникаций прочая,61.90,2022.0,2.0
Деятельность в области телекоммуникаций прочая,61.90,2023.0,1.0
Деятельность в области телекоммуникаций прочая,61.90,2024.0,1.0
Деятельность в области телекоммуникаций прочая,61.90,2025.0,2.0
"Разработка компьютерного программного обеспечения, консультационные услуги в данной области и другие сопутствующие услуги",62.0,2021.0,341.0
"Разработка компьютерного программного обеспечения, консультационные услуги в данной области и другие сопутствующие услуги",62.0,2022.0,344.0
"Разработка компьютерного программного обеспечения, консультационные услуги в данной области и другие сопутствующие услуги",62.0,2023.0,334.0
"Разработка компьютерного программного обеспечения, консультационные услуги в данной области и другие сопутствующие услуги",62.0,2024.0,517.0
"Разработка компьютерного программного обеспечения, консультационные услуги в данной области и другие сопутствующие услуги",62.0,2025.0,845.0
Разработка компьютерного программного обеспечения,62.01,2021.0,211.0
Разработка компьютерного программного обеспечения,62.01,2022.0,248.0
Разработка компьютерного программного обеспечения,62.01,2023.0,259.0
Разработка компьютерного программного обеспечения,62.01,2024.0,425.0
Разработка компьютерного программного обеспечения,62.01,2025.0,687.0
Деятельность консультативная и работы в области компьютерных технологий,62.02,2021.0,73.0
Деятельность консультативная и работы в области компьютерных технологий,62.02,2022.0,36.0
Деятельность консультативная и работы в области компьютерных технологий,62.02,2023.0,34.0
Деятельность консультативная и работы в области компьютерных технологий,62.02,2024.0,35.0
Деятельность консультативная и работы в области компьютерных технологий,62.02,2025.0,51.0
"Деятельность по планированию, проектированию компьютерных систем",62.02.1,2021.0,2.0
"Деятельность по планированию, проектированию компьютерных систем",62.02.1,2022.0,1.0
"Деятельность по планированию, проектированию компьютерных систем",62.02.1,2023.0,3.0
"Деятельность по планированию, проектированию компьютерных систем",62.02.1,2024.0,2.0
"Деятельность по планированию, проектированию компьютерных систем",62.02.1,2025.0,5.0
Деятельность по обследованию и экспертизе компьютерных систем,62.02.2,2023.0,1.0
Деятельность по обследованию и экспертизе компьютерных систем,62.02.2,2024.0,1.0
Деятельность по обследованию и экспертизе компьютерных систем,62.02.2,2025.0,2.0
Деятельность по подготовке компьютерных систем к эксплуатации,62.02.4,2021.0,1.0
Деятельность по подготовке компьютерных систем к эксплуатации,62.02.4,2022.0,1.0
Деятельность по подготовке компьютерных систем к эксплуатации,62.02.4,2024.0,2.0
Деятельность по подготовке компьютерных систем к эксплуатации,62.02.4,2025.0,3.0
Деятельность консультативная в области компьютерных технологий прочая,62.02.9,2021.0,54.0
Деятельность консультативная в области компьютерных технологий прочая,62.02.9,2022.0,15.0
Деятельность консультативная в области компьютерных технологий прочая,62.02.9,2023.0,15.0
Деятельность консультативная в области компьютерных технологий прочая,62.02.9,2024.0,12.0
Деятельность консультативная в области компьютерных технологий прочая,62.02.9,2025.0,21.0
Деятельность по управлению компьютерным оборудованием,62.03,2021.0,4.0
Деятельность по управлению компьютерным оборудованием,62.03,2022.0,7.0
Деятельность по управлению компьютерным оборудованием,62.03,2023.0,7.0
Деятельность по управлению компьютерным оборудованием,62.03,2024.0,12.0
Деятельность по управлению компьютерным оборудованием,62.03,2025.0,36.0
Деятельность по управлению компьютерными системами,62.03.1,2021.0,1.0
Деятельность по управлению компьютерными системами,62.03.1,2022.0,5.0
Деятельность по управлению компьютерными системами,62.03.1,2023.0,4.0
Деятельность по управлению компьютерными системами,62.03.1,2024.0,9.0
Деятельность по управлению компьютерными системами,62.03.1,2025.0,32.0
Деятельность по управлению компьютерными системами непосредственно,62.03.11,2023.0,1.0
Деятельность по управлению компьютерными системами непосредственно,62.03.11,2025.0,1.0
Деятельность по управлению компьютерными системами дистанционно,62.03.12,2021.0,1.0
Деятельность по управлению компьютерными системами дистанционно,62.03.12,2022.0,1.0
Деятельность по сопровождению компьютерных систем,62.03.13,2022.0,2.0
Деятельность по сопровождению компьютерных систем,62.03.13,2023.0,3.0
Деятельность по сопровождению компьютерных систем,62.03.13,2024.0,8.0
Деятельность по сопровождению компьютерных систем,62.03.13,2025.0,7.0
"Деятельность по управлению компьютерным оборудованием прочая, не включенная в другие группировки",62.03.19,2022.0,2.0
"Деятельность по управлению компьютерным оборудованием прочая, не включенная в другие группировки",62.03.19,2024.0,1.0
"Деятельность по управлению компьютерным оборудованием прочая, не включенная в другие группировки",62.03.19,2025.0,24.0
"Деятельность, связанная с использованием вычислительной техники и информационных технологий, прочая",62.09,2021.0,53.0
"Деятельность, связанная с использованием вычислительной техники и информационных технологий, прочая",62.09,2022.0,53.0
"Деятельность, связанная с использованием вычислительной техники и информационных технологий, прочая",62.09,2023.0,34.0
"Деятельность, связанная с использованием вычислительной техники и информационных технологий, прочая",62.09,2024.0,45.0
"Деятельность, связанная с использованием вычислительной техники и информационных технологий, прочая",62.09,2025.0,71.0
Деятельность в области информационных технологий,63,2021.0,328.0
Деятельность в области информационных технологий,63,2022.0,316.0
Деятельность в области информационных технологий,63,2023.0,267.0
Деятельность в области информационных технологий,63,2024.0,302.0
Деятельность в области информационных технологий,63,2025.0,239.0
"Деятельность по обработке данных, предоставление услуг по размещению информации, деятельность порталов в информационно-коммуникационной сети Интернет",63.1,2021.0,226.0
"Деятельность по обработке данных, предоставление услуг по размещению информации, деятельность порталов в информационно-коммуникационной сети Интернет",63.1,2022.0,203.0
"Деятельность по обработке данных, предоставление услуг по размещению информации, деятельность порталов в информационно-коммуникационной сети Интернет",63.1,2023.0,156.0
"Деятельность по обработке данных, предоставление услуг по размещению информации, деятельность порталов в информационно-коммуникационной сети Интернет",63.1,2024.0,194.0
"Деятельность по обработке данных, предоставление услуг по размещению информации, деятельность порталов в информационно-коммуникационной сети Интернет",63.1,2025.0,219.0
"Деятельность по обработке данных, предоставление услуг по размещению информации и связанная с этим деятельность",63.11,2021.0,223.0
"Деятельность по обработке данных, предоставление услуг по размещению информации и связанная с этим деятельность",63.11,2022.0,201.0
"Деятельность по обработке данных, предоставление услуг по размещению информации и связанная с этим деятельность",63.11,2023.0,153.0
"Деятельность по обработке данных, предоставление услуг по размещению информации и связанная с этим деятельность",63.11,2024.0,187.0
"Деятельность по обработке данных, предоставление услуг по размещению информации и связанная с этим деятельность",63.11,2025.0,216.0
Деятельность по созданию и использованию баз данных и информационных ресурсов,63.11.1,2021.0,109.0
Деятельность по созданию и использованию баз данных и информационных ресурсов,63.11.1,2022.0,148.0
Деятельность по созданию и использованию баз данных и информационных ресурсов,63.11.1,2023.0,97.0
Деятельность по созданию и использованию баз данных и информационных ресурсов,63.11.1,2024.0,121.0
Деятельность по созданию и использованию баз данных и информационных ресурсов,63.11.1,2025.0,136.0
Деятельность по предоставлению услуг по размещению информации прочая,63.11.9,2021.0,86.0
Деятельность по предоставлению услуг по размещению информации прочая,63.11.9,2022.0,5.0
Деятельность по предоставлению услуг по размещению информации прочая,63.11.9,2023.0,5.0
Деятельность по предоставлению услуг по размещению информации прочая,63.11.9,2024.0,3.0
Деятельность по предоставлению услуг по размещению информации прочая,63.11.9,2025.0,11.0
Деятельность web-порталов,63.12,2021.0,3.0
Деятельность web-порталов,63.12,2022.0,2.0
Деятельность web-порталов,63.12,2023.0,3.0
Деятельность web-порталов,63.12,2024.0,7.0
Деятельность web-порталов,63.12,2025.0,3.0
Деятельность сетевых изданий,63.12.1,2021.0,1.0
Деятельность сетевых изданий,63.12.1,2022.0,1.0
Деятельность сетевых изданий,63.12.1,2023.0,2.0
Деятельность сетевых изданий,63.12.1,2024.0,3.0
Деятельность сетевых изданий,63.12.1,2025.0,3.0
Деятельность в области информационных услуг прочая,63.9,2021.0,102.0
Деятельность в области информационных услуг прочая,63.9,2022.0,113.0
Деятельность в области информационных услуг прочая,63.9,2023.0,111.0
Деятельность в области информационных услуг прочая,63.9,2024.0,108.0
Деятельность в области информационных услуг прочая,63.9,2025.0,20.0
Деятельность информационных агентств,63.91,2021.0,6.0
Деятельность информационных агентств,63.91,2022.0,14.0
Деятельность информационных агентств,63.91,2023.0,14.0
Деятельность информационных агентств,63.91,2024.0,11.0
Деятельность информационных агентств,63.91,2025.0,11.0
"Деятельность информационных служб прочая, не включенная в другие группировки",63.99,2021.0,96.0
"Деятельность информационных служб прочая, не включенная в другие группировки",63.99,2022.0,99.0
"Деятельность информационных служб прочая, не включенная в другие группировки",63.99,2023.0,97.0
"Деятельность информационных служб прочая, не включенная в другие группировки",63.99,2024.0,97.0
"Деятельность информационных служб прочая, не включенная в другие группировки",63.99,2025.0,9.0
Деятельность по оказанию консультационных и информационных услуг,63.99.1,2021.0,96.0
Деятельность по оказанию консультационных и информационных услуг,63.99.1,2022.0,98.0
Деятельность по оказанию консультационных и информационных услуг,63.99.1,2023.0,96.0
Деятельность по оказанию консультационных и информационных услуг,63.99.1,2024.0,97.0
Деятельность по оказанию консультационных и информационных услуг,63.99.1,2025.0,8.0
Деятельность по оказанию компьютерных информационных услуг телефонной связи,63.99.11,2021.0,1.0
Деятельность по оказанию компьютерных информационных услуг телефонной связи,63.99.11,2022.0,85.0
Деятельность по оказанию компьютерных информационных услуг телефонной связи,63.99.11,2023.0,87.0
Деятельность по оказанию компьютерных информационных услуг телефонной связи,63.99.11,2024.0,88.0
Деятельность по оказанию компьютерных информационных услуг телефонной связи,63.99.11,2025.0,4.0
Деятельность по оказанию услуг службами информационного поиска по договору или на платной основе,63.99.12,2021.0,1.0
Деятельность по оказанию услуг службами информационного поиска по договору или на платной основе,63.99.12,2022.0,2.0
Деятельность по оказанию услуг службами информационного поиска по договору или на платной основе,63.99.12,2023.0,1.0
Деятельность по оказанию услуг службами информационного поиска по договору или на платной основе,63.99.12,2025.0,1.0
"Деятельность по предоставлению финансовых услуг, кроме услуг по страхованию и пенсионному обеспечению",64,2021.0,1887.0
"Деятельность по предоставлению финансовых услуг, кроме услуг по страхованию и пенсионному обеспечению",64,2022.0,908.0
"Деятельность по предоставлению финансовых услуг, кроме услуг по страхованию и пенсионному обеспечению",64,2023.0,891.0
"Деятельность по предоставлению финансовых услуг, кроме услуг по страхованию и пенсионному обеспечению",64,2024.0,807.0
"Деятельность по предоставлению финансовых услуг, кроме услуг по страхованию и пенсионному обеспечению",64,2025.0,889.0
Денежное посредничество,64.1,2021.0,850.0
Денежное посредничество,64.1,2022.0,741.0
Денежное посредничество,64.1,2023.0,713.0
Денежное посредничество,64.1,2024.0,565.0
Денежное посредничество,64.1,2025.0,610.0
Деятельность Центрального банка Российской Федерации (Банка России),64.11,2021.0,5.0
Деятельность Центрального банка Российской Федерации (Банка России),64.11,2022.0,11.0
Деятельность Центрального банка Российской Федерации (Банка России),64.11,2023.0,14.0
Деятельность Центрального банка Российской Федерации (Банка России),64.11,2024.0,14.0
Деятельность Центрального банка Российской Федерации (Банка России),64.11,2025.0,11.0
Денежное посредничество прочее,64.19,2021.0,845.0
Денежное посредничество прочее,64.19,2022.0,730.0
Денежное посредничество прочее,64.19,2023.0,699.0
Денежное посредничество прочее,64.19,2024.0,551.0
Денежное посредничество прочее,64.19,2025.0,599.0
Деятельность холдинговых компаний,64.20,2021.0,15.0
Деятельность холдинговых компаний,64.20,2022.0,22.0
Деятельность холдинговых компаний,64.20,2023.0,17.0
Деятельность холдинговых компаний,64.20,2024.0,19.0
Деятельность холдинговых компаний,64.20,2025.0,24.0
Деятельность инвестиционных фондов и аналогичных финансовых организаций,64.30,2022.0,2.0
Деятельность инвестиционных фондов и аналогичных финансовых организаций,64.30,2023.0,1.0
Деятельность инвестиционных фондов и аналогичных финансовых организаций,64.30,2024.0,1.0
Деятельность инвестиционных фондов и аналогичных финансовых организаций,64.30,2025.0,1.0
"Деятельность по предоставлению прочих финансовых услуг, кроме услуг по страхованию и пенсионному обеспечению",64.9,2021.0,1022.0
"Деятельность по предоставлению прочих финансовых услуг, кроме услуг по страхованию и пенсионному обеспечению",64.9,2022.0,143.0
"Деятельность по предоставлению прочих финансовых услуг, кроме услуг по страхованию и пенсионному обеспечению",64.9,2023.0,160.0
"Деятельность по предоставлению прочих финансовых услуг, кроме услуг по страхованию и пенсионному обеспечению",64.9,2024.0,222.0
"Деятельность по предоставлению прочих финансовых услуг, кроме услуг по страхованию и пенсионному обеспечению",64.9,2025.0,254.0
Деятельность по финансовой аренде (лизингу/сублизингу),64.91,2021.0,13.0
Деятельность по финансовой аренде (лизингу/сублизингу),64.91,2022.0,31.0
Деятельность по финансовой аренде (лизингу/сублизингу),64.91,2023.0,99.0
Деятельность по финансовой аренде (лизингу/сублизингу),64.91,2024.0,173.0
Деятельность по финансовой аренде (лизингу/сублизингу),64.91,2025.0,168.0
Деятельность по финансовой аренде (лизингу/сублизингу) племенных животных,64.91.1,2024.0,1.0
Деятельность по финансовой аренде (лизингу/сублизингу) племенных животных,64.91.1,2025.0,1.0
"Деятельность по финансовой аренде (лизингу/сублизингу) в прочих областях, кроме племенных животных",64.91.2,2021.0,3.0
"Деятельность по финансовой аренде (лизингу/сублизингу) в прочих областях, кроме племенных животных",64.91.2,2022.0,7.0
"Деятельность по финансовой аренде (лизингу/сублизингу) в прочих областях, кроме племенных животных",64.91.2,2023.0,3.0
"Деятельность по финансовой аренде (лизингу/сублизингу) в прочих областях, кроме племенных животных",64.91.2,2024.0,3.0
"Деятельность по финансовой аренде (лизингу/сублизингу) в прочих областях, кроме племенных животных",64.91.2,2025.0,2.0
Предоставление займов и прочих видов кредита,64.92,2021.0,954.0
Предоставление займов и прочих видов кредита,64.92,2022.0,34.0
Предоставление займов и прочих видов кредита,64.92,2023.0,11.0
Предоставление займов и прочих видов кредита,64.92,2024.0,14.0
Предоставление займов и прочих видов кредита,64.92,2025.0,13.0
Деятельность по предоставлению потребительского кредита,64.92.1,2022.0,1.0
Деятельность по предоставлению займов промышленности,64.92.2,2021.0,1.0
Деятельность по предоставлению займов промышленности,64.92.2,2022.0,2.0
Деятельность по предоставлению денежных ссуд под залог недвижимого имущества,64.92.3,2022.0,2.0
Деятельность по предоставлению ломбардами краткосрочных займов под залог движимого имущества,64.92.6,2021.0,2.0
Деятельность по предоставлению ломбардами краткосрочных займов под залог движимого имущества,64.92.6,2022.0,3.0
Деятельность по предоставлению ломбардами краткосрочных займов под залог движимого имущества,64.92.6,2024.0,4.0
Деятельность по предоставлению ломбардами краткосрочных займов под залог движимого имущества,64.92.6,2025.0,5.0
Деятельность микрофинансовая,64.92.7,2021.0,944.0
Деятельность микрофинансовая,64.92.7,2022.0,15.0
Деятельность микрофинансовая,64.92.7,2023.0,8.0
Деятельность микрофинансовая,64.92.7,2024.0,7.0
Деятельность микрофинансовая,64.92.7,2025.0,6.0
"Предоставление прочих финансовых услуг, кроме услуг по страхованию и пенсионному обеспечению, не включенных в другие группировки",64.99,2021.0,55.0
"Предоставление прочих финансовых услуг, кроме услуг по страхованию и пенсионному обеспечению, не включенных в другие группировки",64.99,2022.0,78.0
"Предоставление прочих финансовых услуг, кроме услуг по страхованию и пенсионному обеспечению, не включенных в другие группировки",64.99,2023.0,50.0
"Предоставление прочих финансовых услуг, кроме услуг по страхованию и пенсионному обеспечению, не включенных в другие группировки",64.99,2024.0,35.0
"Предоставление прочих финансовых услуг, кроме услуг по страхованию и пенсионному обеспечению, не включенных в другие группировки",64.99,2025.0,73.0
Вложения в ценные бумаги,64.99.1,2021.0,13.0
Вложения в ценные бумаги,64.99.1,2022.0,12.0
Вложения в ценные бумаги и деятельность дилерская,64.99.1,2023.0,4.0
Вложения в ценные бумаги и деятельность дилерская,64.99.1,2024.0,7.0
Вложения в ценные бумаги и деятельность дилерская,64.99.1,2025.0,11.0
Вложения в ценные бумаги,64.99.11,2025.0,2.0
Деятельность дилерская,64.99.12,2025.0,1.0
Деятельность дилерская,64.99.2,2021.0,1.0
Деятельность дилерская,64.99.2,2022.0,2.0
Деятельность по сбору пожертвований и по формированию целевого капитала некоммерческих организаций,64.99.2,2023.0,1.0
Деятельность по сбору пожертвований и по формированию целевого капитала некоммерческих организаций,64.99.2,2024.0,2.0
Деятельность по сбору пожертвований и по формированию целевого капитала некоммерческих организаций,64.99.2,2025.0,5.0
Деятельность по сбору благотворительных пожертвований в денежной форме,64.99.21,2025.0,2.0
"Капиталовложения в уставные капиталы, венчурное инвестирование, в том числе посредством инвестиционных компаний",64.99.3,2021.0,4.0
"Капиталовложения в уставные капиталы, венчурное инвестирование, в том числе посредством инвестиционных компаний",64.99.3,2023.0,2.0
"Капиталовложения в уставные капиталы, венчурное инвестирование, в том числе посредством инвестиционных компаний",64.99.3,2024.0,4.0
"Капиталовложения в уставные капиталы, венчурное инвестирование, в том числе посредством инвестиционных компаний",64.99.3,2025.0,7.0
Предоставление факторинговых услуг,64.99.5,2021.0,1.0
Предоставление факторинговых услуг,64.99.5,2022.0,1.0
Предоставление факторинговых услуг,64.99.5,2024.0,1.0
Предоставление факторинговых услуг,64.99.5,2025.0,1.0
Деятельность по финансовой взаимопомощи,64.99.6,2021.0,9.0
Деятельность по финансовой взаимопомощи,64.99.6,2022.0,9.0
Деятельность по финансовой взаимопомощи,64.99.6,2023.0,5.0
Деятельность по финансовой взаимопомощи,64.99.6,2024.0,3.0
Деятельность по финансовой взаимопомощи,64.99.6,2025.0,2.0
"Деятельность специализированного депозитария инвестиционных фондов, паевых инвестиционных фондов, негосударственных пенсионных фондов",64.99.7,2022.0,1.0
"Деятельность ипотечных агентов, управляющих ипотечным покрытием; деятельность специализированных депозитариев ипотечного покрытия",64.99.8,2022.0,1.0
"Деятельность ипотечных агентов, управляющих ипотечным покрытием; деятельность специализированных депозитариев ипотечного покрытия",64.99.8,2023.0,1.0
"Деятельность ипотечных агентов, управляющих ипотечным покрытием; деятельность специализированных депозитариев ипотечного покрытия",64.99.8,2024.0,1.0
"Деятельность ипотечных агентов, управляющих ипотечным покрытием; деятельность специализированных депозитариев ипотечного покрытия",64.99.8,2025.0,1.0
Деятельность жилищных накопительных кооперативов,64.99.9,2021.0,1.0
Деятельность жилищных накопительных кооперативов,64.99.9,2022.0,2.0
Деятельность жилищных накопительных кооперативов,64.99.9,2023.0,1.0
"Страхование, перестрахование, деятельность негосударственных пенсионных фондов, кроме обязательного социального обеспечения",65,2021.0,32.0
"Страхование, перестрахование, деятельность негосударственных пенсионных фондов, кроме обязательного социального обеспечения",65,2022.0,176.0
"Страхование, перестрахование, деятельность негосударственных пенсионных фондов, кроме обязательного социального обеспечения",65,2023.0,145.0
"Страхование, перестрахование, деятельность негосударственных пенсионных фондов, кроме обязательного социального обеспечения",65,2024.0,195.0
"Страхование, перестрахование, деятельность негосударственных пенсионных фондов, кроме обязательного социального обеспечения",65,2025.0,230.0
Страхование,65.1,2021.0,28.0
Страхование,65.1,2022.0,170.0
Страхование,65.1,2023.0,142.0
Страхование,65.1,2024.0,193.0
Страхование,65.1,2025.0,228.0
Страхование жизни,65.11,2021.0,3.0
Страхование жизни,65.11,2022.0,6.0
Страхование жизни,65.11,2023.0,7.0
Страхование жизни,65.11,2024.0,8.0
Страхование жизни,65.11,2025.0,10.0
"Страхование, кроме страхования жизни",65.12,2021.0,25.0
"Страхование, кроме страхования жизни",65.12,2022.0,164.0
"Страхование, кроме страхования жизни",65.12,2023.0,135.0
"Страхование, кроме страхования жизни",65.12,2024.0,185.0
"Страхование, кроме страхования жизни",65.12,2025.0,218.0
Страхование медицинское,65.12.1,2021.0,3.0
Страхование медицинское,65.12.1,2022.0,8.0
Страхование медицинское,65.12.1,2023.0,4.0
Страхование медицинское,65.12.1,2024.0,46.0
Страхование медицинское,65.12.1,2025.0,48.0
Страхование имущества,65.12.2,2021.0,1.0
Страхование имущества,65.12.2,2022.0,2.0
Страхование имущества,65.12.2,2023.0,4.0
Страхование имущества,65.12.2,2024.0,4.0
Страхование имущества,65.12.2,2025.0,22.0
"Прочие виды страхования, не включенные в другие группировки",65.12.9,2021.0,1.0
"Прочие виды страхования, не включенные в другие группировки",65.12.9,2022.0,45.0
"Прочие виды страхования, не включенные в другие группировки",65.12.9,2023.0,1.0
"Прочие виды страхования, не включенные в другие группировки",65.12.9,2024.0,2.0
"Прочие виды страхования, не включенные в другие группировки",65.12.9,2025.0,4.0
Деятельность негосударственных пенсионных фондов,65.30,2021.0,4.0
Деятельность негосударственных пенсионных фондов,65.30,2022.0,6.0
Деятельность негосударственных пенсионных фондов,65.30,2023.0,3.0
Деятельность негосударственных пенсионных фондов,65.30,2024.0,2.0
Деятельность негосударственных пенсионных фондов,65.30,2025.0,2.0
Деятельность вспомогательная в сфере финансовых услуг и страхования,66,2021.0,25.0
Деятельность вспомогательная в сфере финансовых услуг и страхования,66,2022.0,73.0
Деятельность вспомогательная в сфере финансовых услуг и страхования,66,2023.0,13.0
Деятельность вспомогательная в сфере финансовых услуг и страхования,66,2024.0,19.0
Деятельность вспомогательная в сфере финансовых услуг и страхования,66,2025.0,35.0
"Деятельность вспомогательная в сфере финансовых услуг, кроме страхования и пенсионного обеспечения",66.1,2021.0,20.0
"Деятельность вспомогательная в сфере финансовых услуг, кроме страхования и пенсионного обеспечения",66.1,2022.0,69.0
"Деятельность вспомогательная в сфере финансовых услуг, кроме страхования и пенсионного обеспечения",66.1,2023.0,10.0
"Деятельность вспомогательная в сфере финансовых услуг, кроме страхования и пенсионного обеспечения",66.1,2024.0,14.0
"Деятельность вспомогательная в сфере финансовых услуг, кроме страхования и пенсионного обеспечения",66.1,2025.0,26.0
Управление финансовыми рынками,66.11,2021.0,4.0
Управление финансовыми рынками,66.11,2022.0,9.0
Управление финансовыми рынками,66.11,2024.0,2.0
Управление финансовыми рынками,66.11,2025.0,2.0
Деятельность по организации торговли на финансовых рынках,66.11.1,2021.0,1.0
Деятельность по организации торговли на финансовых рынках,66.11.1,2024.0,1.0
Деятельность по организации торговли на финансовых рынках,66.11.1,2025.0,1.0
"Управление и контроль за деятельностью фондовых, товарных, валютных и валютнофондовых бирж",66.11.2,2024.0,1.0
"Управление и контроль за деятельностью фондовых, товарных, валютных и валютнофондовых бирж",66.11.2,2025.0,1.0
Деятельность регистраторов по ведению реестра владельцев ценных бумаг,66.11.3,2021.0,2.0
Деятельность регистраторов по ведению реестра владельцев ценных бумаг,66.11.3,2022.0,9.0
Деятельность брокерская по сделкам с ценными бумагами и товарами,66.12,2021.0,7.0
Деятельность брокерская по сделкам с ценными бумагами и товарами,66.12,2022.0,47.0
Деятельность брокерская по сделкам с ценными бумагами и товарами,66.12,2023.0,4.0
Деятельность брокерская по сделкам с ценными бумагами и товарами,66.12,2024.0,4.0
Деятельность брокерская по сделкам с ценными бумагами и товарами,66.12,2025.0,20.0
"Деятельность биржевых посредников и биржевых брокеров, совершающих товарные фьючерсные и опционные сделки в биржевой торговле",66.12.1,2021.0,3.0
"Деятельность биржевых посредников и биржевых брокеров, совершающих товарные фьючерсные и опционные сделки в биржевой торговле",66.12.1,2022.0,43.0
"Деятельность биржевых посредников и биржевых брокеров, совершающих товарные фьючерсные и опционные сделки в биржевой торговле",66.12.1,2023.0,3.0
"Деятельность биржевых посредников и биржевых брокеров, совершающих товарные фьючерсные и опционные сделки в биржевой торговле",66.12.1,2024.0,1.0
"Деятельность биржевых посредников и биржевых брокеров, совершающих товарные фьючерсные и опционные сделки в биржевой торговле",66.12.1,2025.0,16.0
Деятельность по управлению ценными бумагами,66.12.2,2021.0,3.0
Деятельность по управлению ценными бумагами,66.12.2,2022.0,3.0
Деятельность по управлению ценными бумагами,66.12.2,2023.0,1.0
Деятельность по управлению ценными бумагами,66.12.2,2024.0,3.0
Деятельность по управлению ценными бумагами,66.12.2,2025.0,2.0
Деятельность эмиссионная,66.12.3,2025.0,1.0
"Деятельность вспомогательная прочая в сфере финансовых услуг, кроме страхования и пенсионного обеспечения",66.19,2021.0,9.0
"Деятельность вспомогательная прочая в сфере финансовых услуг, кроме страхования и пенсионного обеспечения",66.19,2022.0,13.0
"Деятельность вспомогательная прочая в сфере финансовых услуг, кроме страхования и пенсионного обеспечения",66.19,2023.0,6.0
"Деятельность вспомогательная прочая в сфере финансовых услуг, кроме страхования и пенсионного обеспечения",66.19,2024.0,8.0
"Деятельность вспомогательная прочая в сфере финансовых услуг, кроме страхования и пенсионного обеспечения",66.19,2025.0,4.0
Деятельность по предоставлению брокерских услуг по ипотечным операциям,66.19.1,2022.0,1.0
Деятельность по предоставлению консультационных услуг по вопросам финансового посредничества,66.19.4,2021.0,2.0
Деятельность по предоставлению консультационных услуг по вопросам финансового посредничества,66.19.4,2022.0,1.0
Деятельность по предоставлению консультационных услуг по вопросам финансового посредничества,66.19.4,2023.0,1.0
Деятельность по предоставлению консультационных услуг по вопросам финансового посредничества,66.19.4,2024.0,3.0
Деятельность по предоставлению консультационных услуг по вопросам финансового посредничества,66.19.4,2025.0,2.0
"Предоставление услуг по хранению ценностей, депозитарная деятельность",66.19.5,2021.0,1.0
"Предоставление услуг по хранению ценностей, депозитарная деятельность",66.19.5,2022.0,3.0
"Предоставление услуг по хранению ценностей, депозитарная деятельность",66.19.5,2023.0,2.0
"Предоставление услуг по хранению ценностей, депозитарная деятельность",66.19.5,2024.0,2.0
Деятельность по приему платежей физических лиц платежными агентами,66.19.6,2021.0,2.0
Деятельность по приему платежей физических лиц платежными агентами,66.19.6,2022.0,3.0
Деятельность по приему платежей физических лиц платежными агентами,66.19.6,2023.0,2.0
Деятельность по приему платежей физических лиц платежными агентами,66.19.6,2024.0,1.0
Деятельность по приему платежей физических лиц платежными агентами,66.19.6,2025.0,1.0
Деятельность операторов по приему платежей физических лиц,66.19.61,2021.0,1.0
Деятельность операторов по приему платежей физических лиц,66.19.61,2022.0,1.0
Рейтинговая деятельность,66.19.7,2021.0,1.0
Рейтинговая деятельность,66.19.7,2022.0,1.0
Рейтинговая деятельность,66.19.7,2025.0,1.0
Деятельность вспомогательная в сфере страхования и пенсионного обеспечения,66.2,2021.0,2.0
Деятельность вспомогательная в сфере страхования и пенсионного обеспечения,66.2,2022.0,3.0
Деятельность вспомогательная в сфере страхования и пенсионного обеспечения,66.2,2023.0,3.0
Деятельность вспомогательная в сфере страхования и пенсионного обеспечения,66.2,2024.0,4.0
Деятельность вспомогательная в сфере страхования и пенсионного обеспечения,66.2,2025.0,6.0
Оценка рисков и ущерба,66.21,2021.0,1.0
Оценка рисков и ущерба,66.21,2022.0,1.0
Оценка рисков и ущерба,66.21,2023.0,1.0
Оценка рисков и ущерба,66.21,2024.0,1.0
Оценка рисков и ущерба,66.21,2025.0,2.0
Деятельность страховых агентов и брокеров,66.22,2021.0,1.0
Деятельность страховых агентов и брокеров,66.22,2022.0,1.0
Деятельность страховых агентов и брокеров,66.22,2023.0,1.0
Деятельность страховых агентов и брокеров,66.22,2024.0,2.0
Деятельность страховых агентов и брокеров,66.22,2025.0,4.0
Деятельность вспомогательная прочая в сфере страхования и пенсионного обеспечения,66.29,2022.0,1.0
Деятельность вспомогательная прочая в сфере страхования и пенсионного обеспечения,66.29,2023.0,1.0
Деятельность вспомогательная прочая в сфере страхования и пенсионного обеспечения,66.29,2024.0,1.0
Деятельность распорядителей спасательными работами,66.29.2,2022.0,1.0
Деятельность распорядителей спасательными работами,66.29.2,2023.0,1.0
Деятельность распорядителей спасательными работами,66.29.2,2024.0,1.0
Деятельность по управлению фондами,66.30,2021.0,3.0
Деятельность по управлению фондами,66.30,2022.0,1.0
Деятельность по управлению фондами,66.30,2024.0,1.0
Деятельность по управлению фондами,66.30,2025.0,3.0
Другие виды деятельности по управлению активами,66.30.9,2021.0,2.0
Другие виды деятельности по управлению активами,66.30.9,2025.0,1.0
Операции с недвижимым имуществом,68,2021.0,308.0
Операции с недвижимым имуществом,68,2022.0,489.0
Операции с недвижимым имуществом,68,2023.0,395.0
Операции с недвижимым имуществом,68,2024.0,217.0
Операции с недвижимым имуществом,68,2025.0,179.0
Покупка и продажа собственного недвижимого имущества,68.10,2021.0,11.0
Покупка и продажа собственного недвижимого имущества,68.10,2022.0,21.0
Покупка и продажа собственного недвижимого имущества,68.10,2023.0,13.0
Покупка и продажа собственного недвижимого имущества,68.10,2024.0,10.0
Покупка и продажа собственного недвижимого имущества,68.10,2025.0,11.0
Подготовка к продаже собственного недвижимого имущества,68.10.1,2021.0,4.0
Подготовка к продаже собственного недвижимого имущества,68.10.1,2022.0,2.0
Подготовка к продаже собственного недвижимого имущества,68.10.1,2023.0,4.0
Подготовка к продаже собственного недвижимого имущества,68.10.1,2024.0,3.0
Подготовка к продаже собственного недвижимого имущества,68.10.1,2025.0,3.0
Подготовка к продаже собственного жилого недвижимого имущества,68.10.11,2021.0,2.0
Подготовка к продаже собственного жилого недвижимого имущества,68.10.11,2022.0,1.0
Подготовка к продаже собственного жилого недвижимого имущества,68.10.11,2023.0,4.0
Подготовка к продаже собственного жилого недвижимого имущества,68.10.11,2024.0,3.0
Подготовка к продаже собственного жилого недвижимого имущества,68.10.11,2025.0,2.0
Подготовка к продаже собственного нежилого недвижимого имущества,68.10.12,2022.0,1.0
Подготовка к продаже собственного нежилого недвижимого имущества,68.10.12,2025.0,1.0
Покупка и продажа собственного недвижимого имущества,68.10.2,2021.0,4.0
Покупка и продажа собственного недвижимого имущества,68.10.2,2022.0,12.0
Покупка и продажа собственного недвижимого имущества,68.10.2,2023.0,9.0
Покупка и продажа собственного недвижимого имущества,68.10.2,2024.0,5.0
Покупка и продажа собственного недвижимого имущества,68.10.2,2025.0,7.0
Покупка и продажа собственного жилого недвижимого имущества,68.10.21,2021.0,2.0
Покупка и продажа собственного жилого недвижимого имущества,68.10.21,2022.0,7.0
Покупка и продажа собственного жилого недвижимого имущества,68.10.21,2023.0,5.0
Покупка и продажа собственного жилого недвижимого имущества,68.10.21,2024.0,5.0
Покупка и продажа собственного жилого недвижимого имущества,68.10.21,2025.0,7.0
Покупка и продажа собственных нежилых зданий и помещений,68.10.22,2021.0,2.0
Покупка и продажа собственных нежилых зданий и помещений,68.10.22,2022.0,2.0
Покупка и продажа собственных нежилых зданий и помещений,68.10.22,2023.0,3.0
Покупка и продажа земельных участков,68.10.23,2022.0,3.0
Покупка и продажа земельных участков,68.10.23,2023.0,1.0
Аренда и управление собственным или арендованным недвижимым имуществом,68.20,2021.0,138.0
Аренда и управление собственным или арендованным недвижимым имуществом,68.20,2022.0,266.0
Аренда и управление собственным или арендованным недвижимым имуществом,68.20,2023.0,248.0
Аренда и управление собственным или арендованным недвижимым имуществом,68.20,2024.0,110.0
Аренда и управление собственным или арендованным недвижимым имуществом,68.20,2025.0,88.0
Аренда и управление собственным или арендованным жилым недвижимым имуществом,68.20.1,2021.0,7.0
Аренда и управление собственным или арендованным жилым недвижимым имуществом,68.20.1,2022.0,12.0
Аренда и управление собственным или арендованным жилым недвижимым имуществом,68.20.1,2023.0,13.0
Аренда и управление собственным или арендованным жилым недвижимым имуществом,68.20.1,2024.0,12.0
Аренда и управление собственным или арендованным жилым недвижимым имуществом,68.20.1,2025.0,12.0
Аренда и управление собственным или арендованным нежилым недвижимым имуществом,68.20.2,2021.0,127.0
Аренда и управление собственным или арендованным нежилым недвижимым имуществом,68.20.2,2022.0,247.0
Аренда и управление собственным или арендованным нежилым недвижимым имуществом,68.20.2,2023.0,232.0
Аренда и управление собственным или арендованным нежилым недвижимым имуществом,68.20.2,2024.0,94.0
Аренда и управление собственным или арендованным нежилым недвижимым имуществом,68.20.2,2025.0,70.0
Аренда и управление собственным или арендованным торговым объектом недвижимого имущества,68.20.21,2022.0,4.0
Аренда и управление собственным или арендованным торговым объектом недвижимого имущества,68.20.21,2023.0,36.0
Аренда и управление собственным или арендованным торговым объектом недвижимого имущества,68.20.21,2024.0,22.0
Аренда и управление собственным или арендованным торговым объектом недвижимого имущества,68.20.21,2025.0,15.0
Аренда и управление собственным или арендованным прочим нежилым недвижимым имуществом,68.20.29,2023.0,172.0
Аренда и управление собственным или арендованным прочим нежилым недвижимым имуществом,68.20.29,2024.0,55.0
Аренда и управление собственным или арендованным прочим нежилым недвижимым имуществом,68.20.29,2025.0,46.0
Операции с недвижимым имуществом за вознаграждение или на договорной основе,68.3,2021.0,159.0
Операции с недвижимым имуществом за вознаграждение или на договорной основе,68.3,2022.0,202.0
Операции с недвижимым имуществом за вознаграждение или на договорной основе,68.3,2023.0,134.0
Операции с недвижимым имуществом за вознаграждение или на договорной основе,68.3,2024.0,97.0
Операции с недвижимым имуществом за вознаграждение или на договорной основе,68.3,2025.0,80.0
Деятельность агентств недвижимости за вознаграждение или на договорной основе,68.31,2021.0,7.0
Деятельность агентств недвижимости за вознаграждение или на договорной основе,68.31,2022.0,14.0
Деятельность агентств недвижимости за вознаграждение или на договорной основе,68.31,2023.0,11.0
Деятельность агентств недвижимости за вознаграждение или на договорной основе,68.31,2024.0,5.0
Деятельность агентств недвижимости за вознаграждение или на договорной основе,68.31,2025.0,7.0
Предоставление посреднических услуг при купле-продаже недвижимого имущества за вознаграждение или на договорной основе,68.31.1,2021.0,4.0
Предоставление посреднических услуг при купле-продаже недвижимого имущества за вознаграждение или на договорной основе,68.31.1,2022.0,7.0
Предоставление посреднических услуг при купле-продаже недвижимого имущества за вознаграждение или на договорной основе,68.31.1,2024.0,1.0
Предоставление посреднических услуг при купле-продаже недвижимого имущества за вознаграждение или на договорной основе,68.31.1,2025.0,2.0
Предоставление посреднических услуг при купле-продаже жилого недвижимого имущества за вознаграждение или на договорной основе,68.31.11,2022.0,3.0
Предоставление посреднических услуг при купле-продаже жилого недвижимого имущества за вознаграждение или на договорной основе,68.31.11,2024.0,1.0
Предоставление посреднических услуг при купле-продаже жилого недвижимого имущества за вознаграждение или на договорной основе,68.31.11,2025.0,2.0
Предоставление посреднических услуг при купле-продаже нежилого недвижимого имущества за вознаграждение или на договорной основе,68.31.12,2021.0,1.0
Предоставление посреднических услуг при купле-продаже нежилого недвижимого имущества за вознаграждение или на договорной основе,68.31.12,2022.0,3.0
Предоставление посреднических услуг при купле-продаже нежилого недвижимого имущества за вознаграждение или на договорной основе,68.31.12,2023.0,3.0
Предоставление посреднических услуг по аренде недвижимого имущества за вознаграждение или на договорной основе,68.31.2,2022.0,4.0
Предоставление посреднических услуг по аренде недвижимого имущества за вознаграждение или на договорной основе,68.31.2,2023.0,3.0
Предоставление посреднических услуг по аренде нежилого недвижимого имущества за вознаграждение или на договорной основе,68.31.22,2022.0,4.0
Предоставление посреднических услуг по аренде нежилого недвижимого имущества за вознаграждение или на договорной основе,68.31.22,2023.0,2.0
Предоставление консультационных услуг при купле-продаже недвижимого имущества за вознаграждение или на договорной основе,68.31.3,2022.0,1.0
Предоставление консультационных услуг при купле-продаже недвижимого имущества за вознаграждение или на договорной основе,68.31.3,2023.0,1.0
Предоставление консультационных услуг при купле-продаже недвижимого имущества за вознаграждение или на договорной основе,68.31.3,2024.0,2.0
Предоставление консультационных услуг при купле-продаже недвижимого имущества за вознаграждение или на договорной основе,68.31.3,2025.0,1.0
Предоставление консультационных услуг при купле-продаже жилого недвижимого имущества за вознаграждение или на договорной основе,68.31.31,2024.0,1.0
Предоставление консультационных услуг при купле-продаже жилого недвижимого имущества за вознаграждение или на договорной основе,68.31.31,2025.0,1.0
Предоставление консультационных услуг при купле-продаже нежилого недвижимого имущества за вознаграждение или на договорной основе,68.31.32,2023.0,1.0
Предоставление консультационных услуг при купле-продаже нежилого недвижимого имущества за вознаграждение или на договорной основе,68.31.32,2024.0,1.0
Управление недвижимым имуществом за вознаграждение или на договорной основе,68.32,2021.0,152.0
Управление недвижимым имуществом за вознаграждение или на договорной основе,68.32,2022.0,188.0
Управление недвижимым имуществом за вознаграждение или на договорной основе,68.32,2023.0,123.0
Управление недвижимым имуществом за вознаграждение или на договорной основе,68.32,2024.0,92.0
Управление недвижимым имуществом за вознаграждение или на договорной основе,68.32,2025.0,73.0
Управление эксплуатацией жилого фонда за вознаграждение или на договорной основе,68.32.1,2021.0,55.0
Управление эксплуатацией жилого фонда за вознаграждение или на договорной основе,68.32.1,2022.0,88.0
Управление эксплуатацией жилого фонда за вознаграждение или на договорной основе,68.32.1,2023.0,64.0
Управление эксплуатацией жилого фонда за вознаграждение или на договорной основе,68.32.1,2024.0,61.0
Управление эксплуатацией жилого фонда за вознаграждение или на договорной основе,68.32.1,2025.0,50.0
Управление эксплуатацией нежилого фонда за вознаграждение или на договорной основе,68.32.2,2021.0,25.0
Управление эксплуатацией нежилого фонда за вознаграждение или на договорной основе,68.32.2,2022.0,68.0
Управление эксплуатацией нежилого фонда за вознаграждение или на договорной основе,68.32.2,2023.0,42.0
Управление эксплуатацией нежилого фонда за вознаграждение или на договорной основе,68.32.2,2024.0,19.0
Управление эксплуатацией нежилого фонда за вознаграждение или на договорной основе,68.32.2,2025.0,16.0
Деятельность по технической инвентаризации недвижимого имущества,68.32.3,2021.0,60.0
Деятельность по технической инвентаризации недвижимого имущества,68.32.3,2022.0,4.0
Деятельность в области права и бухгалтерского учета,69,2021.0,154.0
Деятельность в области права и бухгалтерского учета,69,2022.0,296.0
Деятельность в области права и бухгалтерского учета,69,2023.0,199.0
Деятельность в области права и бухгалтерского учета,69,2024.0,195.0
Деятельность в области права и бухгалтерского учета,69,2025.0,188.0
Деятельность в области права,69.10,2021.0,69.0
Деятельность в области права,69.10,2022.0,184.0
Деятельность в области права,69.10,2023.0,111.0
Деятельность в области права,69.10,2024.0,125.0
Деятельность в области права,69.10,2025.0,128.0
"Деятельность по оказанию услуг в области бухгалтерского учета, по проведению финансового аудита, по налоговому консультированию",69.20,2021.0,85.0
"Деятельность по оказанию услуг в области бухгалтерского учета, по проведению финансового аудита, по налоговому консультированию",69.20,2022.0,112.0
"Деятельность по оказанию услуг в области бухгалтерского учета, по проведению финансового аудита, по налоговому консультированию",69.20,2023.0,88.0
"Деятельность по оказанию услуг в области бухгалтерского учета, по проведению финансового аудита, по налоговому консультированию",69.20,2024.0,70.0
"Деятельность по оказанию услуг в области бухгалтерского учета, по проведению финансового аудита, по налоговому консультированию",69.20,2025.0,60.0
Деятельность по проведению финансового аудита,69.20.1,2021.0,19.0
Деятельность по проведению финансового аудита,69.20.1,2022.0,6.0
Деятельность по проведению финансового аудита,69.20.1,2024.0,17.0
Деятельность по проведению финансового аудита,69.20.1,2025.0,18.0
Деятельность по оказанию услуг в области бухгалтерского учета,69.20.2,2021.0,52.0
Деятельность по оказанию услуг в области бухгалтерского учета,69.20.2,2022.0,78.0
Деятельность по оказанию услуг в области бухгалтерского учета,69.20.2,2023.0,77.0
Деятельность по оказанию услуг в области бухгалтерского учета,69.20.2,2024.0,43.0
Деятельность по оказанию услуг в области бухгалтерского учета,69.20.2,2025.0,37.0
Деятельность области налогового консультирования,69.20.3,2022.0,1.0
Деятельность области налогового консультирования,69.20.3,2024.0,1.0
Деятельность головных офисов; консультирование по вопросам управления,70,2021.0,120.0
Деятельность головных офисов; консультирование по вопросам управления,70,2022.0,168.0
Деятельность головных офисов; консультирование по вопросам управления,70,2023.0,109.0
Деятельность головных офисов; консультирование по вопросам управления,70,2024.0,99.0
Деятельность головных офисов; консультирование по вопросам управления,70,2025.0,125.0
Деятельность головных офисов,70.10,2021.0,24.0
Деятельность головных офисов,70.10,2022.0,32.0
Деятельность головных офисов,70.10,2023.0,28.0
Деятельность головных офисов,70.10,2024.0,20.0
Деятельность головных офисов,70.10,2025.0,31.0
Деятельность по управлению финансово-промышленными группами,70.10.1,2021.0,6.0
Деятельность по управлению финансово-промышленными группами,70.10.1,2022.0,7.0
Деятельность по управлению финансово-промышленными группами,70.10.1,2023.0,3.0
Деятельность по управлению финансово-промышленными группами,70.10.1,2024.0,8.0
Деятельность по управлению финансово-промышленными группами,70.10.1,2025.0,3.0
Деятельность по управлению холдинг-компаниями,70.10.2,2021.0,3.0
Деятельность по управлению холдинг-компаниями,70.10.2,2022.0,7.0
Деятельность по управлению холдинг-компаниями,70.10.2,2023.0,3.0
Деятельность по управлению холдинг-компаниями,70.10.2,2024.0,1.0
Деятельность по управлению холдинг-компаниями,70.10.2,2025.0,2.0
Консультирование по вопросам управления,70.2,2021.0,96.0
Консультирование по вопросам управления,70.2,2022.0,136.0
Консультирование по вопросам управления,70.2,2023.0,81.0
Консультирование по вопросам управления,70.2,2024.0,79.0
Консультирование по вопросам управления,70.2,2025.0,94.0
Деятельность в сфере связей с общественностью,70.21,2022.0,1.0
Деятельность в сфере связей с общественностью,70.21,2024.0,1.0
Деятельность в сфере связей с общественностью,70.21,2025.0,2.0
Консультирование по вопросам коммерческой деятельности и управления,70.22,2021.0,96.0
Консультирование по вопросам коммерческой деятельности и управления,70.22,2022.0,135.0
Консультирование по вопросам коммерческой деятельности и управления,70.22,2023.0,81.0
Консультирование по вопросам коммерческой деятельности и управления,70.22,2024.0,78.0
Консультирование по вопросам коммерческой деятельности и управления,70.22,2025.0,92.0
"Деятельность в области архитектуры и инженерно-технического проектирования; технических испытаний, исследований и анализа",71,2021.0,152.0
"Деятельность в области архитектуры и инженерно-технического проектирования; технических испытаний, исследований и анализа",71,2022.0,254.0
"Деятельность в области архитектуры и инженерно-технического проектирования; технических испытаний, исследований и анализа",71,2023.0,208.0
"Деятельность в области архитектуры и инженерно-технического проектирования; технических испытаний, исследований и анализа",71,2024.0,181.0
"Деятельность в области архитектуры и инженерно-технического проектирования; технических испытаний, исследований и анализа",71,2025.0,224.0
"Деятельность в области архитектуры, инженерных изысканий и предоставление технических консультаций в этих областях",71.1,2021.0,130.0
"Деятельность в области архитектуры, инженерных изысканий и предоставление технических консультаций в этих областях",71.1,2022.0,211.0
"Деятельность в области архитектуры, инженерных изысканий и предоставление технических консультаций в этих областях",71.1,2023.0,167.0
"Деятельность в области архитектуры, инженерных изысканий и предоставление технических консультаций в этих областях",71.1,2024.0,146.0
"Деятельность в области архитектуры, инженерных изысканий и предоставление технических консультаций в этих областях",71.1,2025.0,169.0
Деятельность в области архитектуры,71.11,2021.0,28.0
Деятельность в области архитектуры,71.11,2022.0,50.0
Деятельность в области архитектуры,71.11,2023.0,32.0
Деятельность в области архитектуры,71.11,2024.0,22.0
Деятельность в области архитектуры,71.11,2025.0,25.0
"Деятельность в области архитектуры, связанная с созданием архитектурного объекта",71.11.1,2021.0,17.0
"Деятельность в области архитектуры, связанная с созданием архитектурного объекта",71.11.1,2022.0,36.0
"Деятельность в области архитектуры, связанная с созданием архитектурного объекта",71.11.1,2023.0,21.0
"Деятельность в области архитектуры, связанная с созданием архитектурного объекта",71.11.1,2024.0,12.0
"Деятельность в области архитектуры, связанная с созданием архитектурного объекта",71.11.1,2025.0,17.0
Деятельность по территориальному планированию и планировке территории,71.11.2,2021.0,2.0
Деятельность по территориальному планированию и планировке территории,71.11.2,2022.0,1.0
Деятельность по территориальному планированию и планировке территории,71.11.2,2023.0,2.0
Деятельность по территориальному планированию и планировке территории,71.11.2,2024.0,1.0
Деятельность по территориальному планированию и планировке территории,71.11.2,2025.0,1.0
Деятельность в области ландшафтной архитектуры и консультативные услуги в области архитектуры,71.11.3,2022.0,1.0
Деятельность в области ландшафтной архитектуры и консультативные услуги в области архитектуры,71.11.3,2023.0,2.0
"Деятельность в области инженерных изысканий, инженерно-технического проектирования, управления проектами строительства, выполнения строительного контроля и авторского надзора, предоставление технических консультаций в этих областях",71.12,2021.0,102.0
"Деятельность в области инженерных изысканий, инженерно-технического проектирования, управления проектами строительства, выполнения строительного контроля и авторского надзора, предоставление технических консультаций в этих областях",71.12,2022.0,161.0
"Деятельность в области инженерных изысканий, инженерно-технического проектирования, управления проектами строительства, выполнения строительного контроля и авторского надзора, предоставление технических консультаций в этих областях",71.12,2023.0,135.0
"Деятельность в области инженерных изысканий, инженерно-технического проектирования, управления проектами строительства, выполнения строительного контроля и авторского надзора, предоставление технических консультаций в этих областях",71.12,2024.0,124.0
"Деятельность в области инженерных изысканий, инженерно-технического проектирования, управления проектами строительства, выполнения строительного контроля и авторского надзора, предоставление технических консультаций в этих областях",71.12,2025.0,144.0
"Деятельность, связанная с инженерно-техническим проектированием, управлением проектами строительства, выполнением строительного контроля и авторского надзора",71.12.1,2021.0,12.0
"Деятельность, связанная с инженерно-техническим проектированием, управлением проектами строительства, выполнением строительного контроля и авторского надзора",71.12.1,2022.0,36.0
"Деятельность, связанная с инженерно-техническим проектированием, управлением проектами строительства, выполнением строительного контроля и авторского надзора",71.12.1,2023.0,14.0
"Деятельность, связанная с инженерно-техническим проектированием, управлением проектами строительства, выполнением строительного контроля и авторского надзора",71.12.1,2024.0,16.0
"Деятельность, связанная с инженерно-техническим проектированием, управлением проектами строительства, выполнением строительного контроля и авторского надзора",71.12.1,2025.0,19.0
"Разработка проектов тепло-, водо-, газоснабжения",71.12.11,2021.0,1.0
"Разработка проектов тепло-, водо-, газоснабжения",71.12.11,2022.0,1.0
"Разработка проектов тепло-, водо-, газоснабжения",71.12.11,2023.0,2.0
"Разработка проектов тепло-, водо-, газоснабжения",71.12.11,2024.0,3.0
"Разработка проектов тепло-, водо-, газоснабжения",71.12.11,2025.0,1.0
"Разработка проектов промышленных процессов и производств, относящихся к электротехнике, электронной технике, горному делу, химической технологии, машиностроению, а также в области промышленного строительства, системотехники и техники безопасности",71.12.12,2021.0,9.0
"Разработка проектов промышленных процессов и производств, относящихся к электротехнике, электронной технике, горному делу, химической технологии, машиностроению, а также в области промышленного строительства, системотехники и техники безопасности",71.12.12,2022.0,19.0
"Разработка проектов промышленных процессов и производств, относящихся к электротехнике, электронной технике, горному делу, химической технологии, машиностроению, а также в области промышленного строительства, системотехники и техники безопасности",71.12.12,2023.0,9.0
"Разработка проектов промышленных процессов и производств, относящихся к электротехнике, электронной технике, горному делу, химической технологии, машиностроению, а также в области промышленного строительства, системотехники и техники безопасности",71.12.12,2024.0,10.0
"Разработка проектов промышленных процессов и производств, относящихся к электротехнике, электронной технике, горному делу, химической технологии, машиностроению, а также в области промышленного строительства, системотехники и техники безопасности",71.12.12,2025.0,14.0
Разработка инженерно-технических проектов и контроль при строительстве и модернизации объектов использования атомной энергии,71.12.14,2022.0,15.0
Инженерные изыскания в строительстве,71.12.15,2023.0,2.0
Инженерные изыскания в строительстве,71.12.15,2024.0,1.0
Инженерные изыскания в строительстве,71.12.15,2025.0,4.0
"Деятельность заказчика-застройщика, генерального подрядчика",71.12.2,2021.0,13.0
"Деятельность заказчика-застройщика, генерального подрядчика",71.12.2,2022.0,22.0
"Деятельность заказчика-застройщика, генерального подрядчика",71.12.2,2023.0,24.0
"Деятельность заказчика-застройщика, генерального подрядчика",71.12.2,2024.0,23.0
"Деятельность заказчика-застройщика, генерального подрядчика",71.12.2,2025.0,20.0
"Работы геолого-разведочные, геофизические и геохимические в области изучения недр и воспроизводства минерально-сырьевой базы",71.12.3,2021.0,28.0
"Работы геолого-разведочные, геофизические и геохимические в области изучения недр и воспроизводства минерально-сырьевой базы",71.12.3,2022.0,30.0
"Работы геолого-разведочные, геофизические и геохимические в области изучения недр и воспроизводства минерально-сырьевой базы",71.12.3,2023.0,30.0
"Работы геолого-разведочные, геофизические и геохимические в области изучения недр и воспроизводства минерально-сырьевой базы",71.12.3,2024.0,37.0
"Работы геолого-разведочные, геофизические и геохимические в области изучения недр и воспроизводства минерально-сырьевой базы",71.12.3,2025.0,36.0
Деятельность геодезическая и картографическая,71.12.4,2021.0,5.0
Деятельность геодезическая и картографическая,71.12.4,2022.0,8.0
Деятельность геодезическая и картографическая,71.12.4,2023.0,8.0
Деятельность геодезическая и картографическая,71.12.4,2024.0,4.0
Деятельность геодезическая и картографическая,71.12.4,2025.0,3.0
"Деятельность геодезическая, кроме создания геодезической, нивелирной и гравиметрической сетей",71.12.41,2021.0,2.0
"Деятельность геодезическая, кроме создания геодезической, нивелирной и гравиметрической сетей",71.12.41,2022.0,1.0
"Деятельность геодезическая, кроме создания геодезической, нивелирной и гравиметрической сетей",71.12.41,2023.0,1.0
"Деятельность геодезическая, кроме создания геодезической, нивелирной и гравиметрической сетей",71.12.41,2024.0,1.0
"Деятельность геодезическая, кроме создания геодезической, нивелирной и гравиметрической сетей",71.12.41,2025.0,1.0
Деятельность гидрографическая изыскательская,71.12.43,2024.0,1.0
Деятельность гидрографическая изыскательская,71.12.43,2025.0,1.0
"Создание геодезической, нивелирной, гравиметрической сетей",71.12.45,2021.0,3.0
"Создание геодезической, нивелирной, гравиметрической сетей",71.12.45,2022.0,7.0
"Создание геодезической, нивелирной, гравиметрической сетей",71.12.45,2023.0,7.0
"Создание геодезической, нивелирной, гравиметрической сетей",71.12.45,2024.0,1.0
"Деятельность в области гидрометеорологии и смежных с ней областях, мониторинга состояния окружающей среды, ее загрязнения",71.12.5,2021.0,15.0
"Деятельность в области гидрометеорологии и смежных с ней областях, мониторинга состояния окружающей среды, ее загрязнения",71.12.5,2022.0,19.0
"Деятельность в области гидрометеорологии и смежных с ней областях, мониторинга состояния окружающей среды, ее загрязнения",71.12.5,2023.0,15.0
"Деятельность в области гидрометеорологии и смежных с ней областях, мониторинга состояния окружающей среды, ее загрязнения",71.12.5,2024.0,12.0
"Деятельность в области гидрометеорологии и смежных с ней областях, мониторинга состояния окружающей среды, ее загрязнения",71.12.5,2025.0,10.0
Деятельность по мониторингу загрязнения окружающей среды для физических и юридических лиц,71.12.53,2021.0,6.0
Деятельность по мониторингу загрязнения окружающей среды для физических и юридических лиц,71.12.53,2022.0,8.0
Деятельность по мониторингу загрязнения окружающей среды для физических и юридических лиц,71.12.53,2023.0,9.0
Деятельность по мониторингу загрязнения окружающей среды для физических и юридических лиц,71.12.53,2024.0,4.0
Деятельность по мониторингу загрязнения окружающей среды для физических и юридических лиц,71.12.53,2025.0,1.0
"Работы полевые и изыскания в области гидрометеорологии и смежных с ней областях, экспедиционные обследования объектов окружающей среды с целью оценки уровней загрязнения",71.12.54,2022.0,1.0
Деятельность по обработке и предоставлению гидрометеорологической информации органам государственной власти и населению,71.12.55,2021.0,3.0
Деятельность по обработке и предоставлению гидрометеорологической информации органам государственной власти и населению,71.12.55,2022.0,2.0
"Деятельность, связанная с активными воздействиями на метеорологические и геофизические процессы и явления",71.12.57,2022.0,1.0
"Деятельность, связанная с активными воздействиями на метеорологические и геофизические процессы и явления",71.12.57,2024.0,1.0
"Деятельность, связанная с активными воздействиями на метеорологические и геофизические процессы и явления",71.12.57,2025.0,1.0
"Деятельность в области технического регулирования, стандартизации, метрологии, аккредитации, каталогизации продукции",71.12.6,2021.0,5.0
"Деятельность в области технического регулирования, стандартизации, метрологии, аккредитации, каталогизации продукции",71.12.6,2022.0,14.0
"Деятельность в области технического регулирования, стандартизации, метрологии, аккредитации, каталогизации продукции",71.12.6,2023.0,7.0
"Деятельность в области технического регулирования, стандартизации, метрологии, аккредитации, каталогизации продукции",71.12.6,2024.0,9.0
"Деятельность в области технического регулирования, стандартизации, метрологии, аккредитации, каталогизации продукции",71.12.6,2025.0,11.0
Деятельность в области технического регулирования и стандартизации,71.12.61,2022.0,2.0
Деятельность в области технического регулирования и стандартизации,71.12.61,2025.0,1.0
Деятельность в области метрологии,71.12.62,2021.0,1.0
Деятельность в области метрологии,71.12.62,2022.0,5.0
Деятельность в области метрологии,71.12.62,2023.0,4.0
Деятельность в области метрологии,71.12.62,2024.0,3.0
Деятельность в области метрологии,71.12.62,2025.0,4.0
Деятельность в области аккредитации,71.12.63,2022.0,4.0
Деятельность в области аккредитации,71.12.63,2024.0,1.0
Деятельность в области аккредитации,71.12.63,2025.0,1.0
Государственный контроль (надзор) за соблюдением требований технических регламентов,71.12.64,2021.0,3.0
Государственный контроль (надзор) за соблюдением требований технических регламентов,71.12.64,2022.0,3.0
Государственный контроль (надзор) за соблюдением требований технических регламентов,71.12.64,2023.0,2.0
Государственный контроль (надзор) за соблюдением требований технических регламентов,71.12.64,2024.0,4.0
Государственный контроль (надзор) за соблюдением требований технических регламентов,71.12.64,2025.0,4.0
Кадастровая деятельность,71.12.7,2021.0,1.0
Кадастровая деятельность,71.12.7,2022.0,17.0
Кадастровая деятельность,71.12.7,2023.0,27.0
Кадастровая деятельность,71.12.7,2024.0,9.0
Кадастровая деятельность,71.12.7,2025.0,30.0
Деятельность по предоставлению инженерно-технических консультаций в сфере энергосбережения и повышения энергетической эффективности использования энергетических ресурсов,71.12.8,2023.0,1.0
Землеустройство,71.12.9,2022.0,1.0
Землеустройство,71.12.9,2023.0,1.0
Землеустройство,71.12.9,2024.0,1.0
Землеустройство,71.12.9,2025.0,1.0
"Технические испытания, исследования, анализ и сертификация",71.20,2021.0,22.0
"Технические испытания, исследования, анализ и сертификация",71.20,2022.0,43.0
"Технические испытания, исследования, анализ и сертификация",71.20,2023.0,41.0
"Технические испытания, исследования, анализ и сертификация",71.20,2024.0,35.0
"Технические испытания, исследования, анализ и сертификация",71.20,2025.0,55.0
"Испытания и анализ состава и чистоты материалов и веществ: анализ химических и биологических свойств материалов и веществ; испытания и анализ в области гигиены питания, включая ветеринарный контроль и контроль за производством продуктов питания",71.20.1,2021.0,1.0
"Испытания и анализ состава и чистоты материалов и веществ: анализ химических и биологических свойств материалов и веществ; испытания и анализ в области гигиены питания, включая ветеринарный контроль и контроль за производством продуктов питания",71.20.1,2022.0,7.0
"Испытания и анализ состава и чистоты материалов и веществ: анализ химических и биологических свойств материалов и веществ; испытания и анализ в области гигиены питания, включая ветеринарный контроль и контроль за производством продуктов питания",71.20.1,2023.0,11.0
"Испытания и анализ состава и чистоты материалов и веществ: анализ химических и биологических свойств материалов и веществ; испытания и анализ в области гигиены питания, включая ветеринарный контроль и контроль за производством продуктов питания",71.20.1,2024.0,3.0
"Испытания и анализ состава и чистоты материалов и веществ: анализ химических и биологических свойств материалов и веществ; испытания и анализ в области гигиены питания, включая ветеринарный контроль и контроль за производством продуктов питания",71.20.1,2025.0,3.0
Судебно-экспертная деятельность,71.20.2,2021.0,7.0
Судебно-экспертная деятельность,71.20.2,2022.0,10.0
Судебно-экспертная деятельность,71.20.2,2023.0,7.0
Судебно-экспертная деятельность,71.20.2,2024.0,7.0
Судебно-экспертная деятельность,71.20.2,2025.0,12.0
Испытания и анализ физико-механических свойств материалов и веществ,71.20.3,2021.0,1.0
Испытания и анализ физико-механических свойств материалов и веществ,71.20.3,2023.0,2.0
Испытания и анализ физико-механических свойств материалов и веществ,71.20.3,2024.0,4.0
Испытания и анализ физико-механических свойств материалов и веществ,71.20.3,2025.0,10.0
"Испытания, исследования и анализ целостных механических и электрических систем, энергетическое обследование",71.20.4,2022.0,2.0
"Испытания, исследования и анализ целостных механических и электрических систем, энергетическое обследование",71.20.4,2023.0,3.0
"Испытания, исследования и анализ целостных механических и электрических систем, энергетическое обследование",71.20.4,2024.0,4.0
"Испытания, исследования и анализ целостных механических и электрических систем, энергетическое обследование",71.20.4,2025.0,6.0
Деятельность по аттестационным испытаниям и аттестации на соответствие требованиям по защите информации,71.20.41,2025.0,6.0
Технический осмотр автотранспортных средств,71.20.5,2022.0,2.0
Технический осмотр автотранспортных средств,71.20.5,2023.0,2.0
Технический осмотр автотранспортных средств,71.20.5,2024.0,1.0
Технический осмотр автотранспортных средств,71.20.5,2025.0,1.0
"Экспертиза проектной документации, запасов полезных ископаемых и подземных вод, геологической информации о предоставляемых в пользование участках недр, результатов инженерных изысканий",71.20.6,2023.0,3.0
"Экспертиза проектной документации, запасов полезных ископаемых и подземных вод, геологической информации о предоставляемых в пользование участках недр, результатов инженерных изысканий",71.20.6,2024.0,4.0
"Экспертиза проектной документации, запасов полезных ископаемых и подземных вод, геологической информации о предоставляемых в пользование участках недр, результатов инженерных изысканий",71.20.6,2025.0,5.0
"Экспертиза проектной документации, запасов полезных ископаемых и подземных вод, геологической информации о предоставляемых в пользование участках недр, результатов инженерных изысканий государственная",71.20.61,2023.0,3.0
"Экспертиза проектной документации, запасов полезных ископаемых и подземных вод, геологической информации о предоставляемых в пользование участках недр, результатов инженерных изысканий государственная",71.20.61,2024.0,2.0
"Экспертиза проектной документации, запасов полезных ископаемых и подземных вод, геологической информации о предоставляемых в пользование участках недр, результатов инженерных изысканий государственная",71.20.61,2025.0,4.0
Экспертиза проектной документации и результатов инженерных изысканий негосударственная,71.20.62,2024.0,2.0
Экспертиза проектной документации и результатов инженерных изысканий негосударственная,71.20.62,2025.0,1.0
"Сертификация продукции, услуг и организаций",71.20.8,2021.0,5.0
"Сертификация продукции, услуг и организаций",71.20.8,2022.0,7.0
"Сертификация продукции, услуг и организаций",71.20.8,2023.0,2.0
"Сертификация продукции, услуг и организаций",71.20.8,2024.0,1.0
"Сертификация продукции, услуг и организаций",71.20.8,2025.0,3.0
"Деятельность по техническому контролю, испытаниям и анализу прочая",71.20.9,2021.0,5.0
"Деятельность по техническому контролю, испытаниям и анализу прочая",71.20.9,2022.0,10.0
"Деятельность по техническому контролю, испытаниям и анализу прочая",71.20.9,2023.0,8.0
"Деятельность по техническому контролю, испытаниям и анализу прочая",71.20.9,2024.0,9.0
"Деятельность по техническому контролю, испытаниям и анализу прочая",71.20.9,2025.0,11.0
Научные исследования и разработки,72,2021.0,173.0
Научные исследования и разработки,72,2022.0,263.0
Научные исследования и разработки,72,2023.0,203.0
Научные исследования и разработки,72,2024.0,207.0
Научные исследования и разработки,72,2025.0,229.0
Научные исследования и разработки в области естественных и технических наук,72.1,2021.0,157.0
Научные исследования и разработки в области естественных и технических наук,72.1,2022.0,221.0
Научные исследования и разработки в области естественных и технических наук,72.1,2023.0,180.0
Научные исследования и разработки в области естественных и технических наук,72.1,2024.0,177.0
Научные исследования и разработки в области естественных и технических наук,72.1,2025.0,191.0
Научные исследования и разработки в области биотехнологии,72.11,2021.0,2.0
Научные исследования и разработки в области биотехнологии,72.11,2022.0,2.0
Научные исследования и разработки в области биотехнологии,72.11,2023.0,1.0
Научные исследования и разработки в области биотехнологии,72.11,2024.0,2.0
Научные исследования и разработки в области биотехнологии,72.11,2025.0,4.0
Научные исследования и разработки в области естественных и технических наук прочие,72.19,2021.0,155.0
Научные исследования и разработки в области естественных и технических наук прочие,72.19,2022.0,219.0
Научные исследования и разработки в области естественных и технических наук прочие,72.19,2023.0,179.0
Научные исследования и разработки в области естественных и технических наук прочие,72.19,2024.0,175.0
Научные исследования и разработки в области естественных и технических наук прочие,72.19,2025.0,187.0
Научные исследования и разработки в области общественных и гуманитарных наук,72.20,2021.0,16.0
Научные исследования и разработки в области общественных и гуманитарных наук,72.20,2022.0,42.0
Научные исследования и разработки в области общественных и гуманитарных наук,72.20,2023.0,23.0
Научные исследования и разработки в области общественных и гуманитарных наук,72.20,2024.0,30.0
Научные исследования и разработки в области общественных и гуманитарных наук,72.20,2025.0,38.0
Научные исследования и разработки в области общественных наук,72.20.1,2021.0,2.0
Научные исследования и разработки в области общественных наук,72.20.1,2022.0,10.0
Научные исследования и разработки в области общественных наук,72.20.1,2023.0,7.0
Научные исследования и разработки в области общественных наук,72.20.1,2024.0,9.0
Научные исследования и разработки в области общественных наук,72.20.1,2025.0,13.0
Научные исследования и разработки в области общественных наук прочие,72.20.19,2022.0,1.0
Научные исследования и разработки в области общественных наук прочие,72.20.19,2024.0,1.0
Научные исследования и разработки в области гуманитарных наук,72.20.2,2022.0,6.0
Научные исследования и разработки в области гуманитарных наук,72.20.2,2023.0,4.0
Научные исследования и разработки в области гуманитарных наук,72.20.2,2024.0,7.0
Научные исследования и разработки в области гуманитарных наук,72.20.2,2025.0,6.0
Деятельность рекламная и исследование конъюнктуры рынка,73,2021.0,63.0
Деятельность рекламная и исследование конъюнктуры рынка,73,2022.0,72.0
Деятельность рекламная и исследование конъюнктуры рынка,73,2023.0,50.0
Деятельность рекламная и исследование конъюнктуры рынка,73,2024.0,66.0
Деятельность рекламная и исследование конъюнктуры рынка,73,2025.0,69.0
Деятельность рекламная,73.1,2021.0,25.0
Деятельность рекламная,73.1,2022.0,41.0
Деятельность рекламная,73.1,2023.0,34.0
Деятельность рекламная,73.1,2024.0,38.0
Деятельность рекламная,73.1,2025.0,46.0
Деятельность рекламных агентств,73.11,2021.0,25.0
Деятельность рекламных агентств,73.11,2022.0,40.0
Деятельность рекламных агентств,73.11,2023.0,32.0
Деятельность рекламных агентств,73.11,2024.0,37.0
Деятельность рекламных агентств,73.11,2025.0,46.0
Представление в средствах массовой информации,73.12,2022.0,1.0
Представление в средствах массовой информации,73.12,2023.0,2.0
Представление в средствах массовой информации,73.12,2024.0,1.0
Исследование конъюнктуры рынка и изучение общественного мнения,73.20,2021.0,38.0
Исследование конъюнктуры рынка и изучение общественного мнения,73.20,2022.0,31.0
Исследование конъюнктуры рынка и изучение общественного мнения,73.20,2023.0,16.0
Исследование конъюнктуры рынка и изучение общественного мнения,73.20,2024.0,28.0
Исследование конъюнктуры рынка и изучение общественного мнения,73.20,2025.0,23.0
Исследование конъюнктуры рынка,73.20.1,2021.0,33.0
Исследование конъюнктуры рынка,73.20.1,2022.0,17.0
Исследование конъюнктуры рынка,73.20.1,2023.0,9.0
Исследование конъюнктуры рынка,73.20.1,2024.0,21.0
Исследование конъюнктуры рынка,73.20.1,2025.0,18.0
Деятельность по изучению общественного мнения,73.20.2,2021.0,2.0
Деятельность по изучению общественного мнения,73.20.2,2022.0,7.0
Деятельность по изучению общественного мнения,73.20.2,2023.0,5.0
Деятельность по изучению общественного мнения,73.20.2,2024.0,4.0
Деятельность по изучению общественного мнения,73.20.2,2025.0,3.0
Деятельность профессиональная научная и техническая прочая,74,2021.0,7.0
Деятельность профессиональная научная и техническая прочая,74,2022.0,12.0
Деятельность профессиональная научная и техническая прочая,74,2023.0,7.0
Деятельность профессиональная научная и техническая прочая,74,2024.0,10.0
Деятельность профессиональная научная и техническая прочая,74,2025.0,9.0
Деятельность специализированная в области дизайна,74.10,2021.0,1.0
Деятельность специализированная в области дизайна,74.10,2022.0,1.0
Деятельность специализированная в области дизайна,74.10,2025.0,1.0
Деятельность в области фотографии,74.20,2021.0,1.0
Деятельность в области фотографии,74.20,2022.0,1.0
Деятельность в области фотографии,74.20,2023.0,1.0
Деятельность в области фотографии,74.20,2025.0,1.0
Деятельность по письменному и устному переводу,74.30,2021.0,1.0
Деятельность по письменному и устному переводу,74.30,2023.0,1.0
Деятельность по письменному и устному переводу,74.30,2024.0,1.0
Деятельность по письменному и устному переводу,74.30,2025.0,1.0
"Деятельность профессиональная, научная и техническая прочая, не включенная в другие группировки",74.90,2021.0,4.0
"Деятельность профессиональная, научная и техническая прочая, не включенная в другие группировки",74.90,2022.0,10.0
"Деятельность профессиональная, научная и техническая прочая, не включенная в другие группировки",74.90,2023.0,5.0
"Деятельность профессиональная, научная и техническая прочая, не включенная в другие группировки",74.90,2024.0,9.0
"Деятельность профессиональная, научная и техническая прочая, не включенная в другие группировки",74.90,2025.0,6.0
Деятельность иная в области защиты информации,74.90.09.АГ,2024.0,1.0
Деятельность иная в области защиты информации,74.90.09.АГ,2025.0,1.0
"Деятельность, направленная на установление рыночной или иной стоимости (оценочная деятельность), кроме оценки, связанной с недвижимым имуществом или страхованием",74.90.2,2022.0,1.0
"Деятельность, направленная на установление рыночной или иной стоимости совокупности вещей, составляющих имущество лица, в том числе имущество определенного вида (движимое или недвижимое, в том числе предприятия)",74.90.22,2022.0,1.0
Предоставление консультационных услуг по вопросам безопасности,74.90.3,2023.0,1.0
Предоставление услуг по проведению оценки уязвимости объектов транспортной инфраструктуры и транспортных средств,74.90.31,2023.0,1.0
Предоставление консультационных услуг в области сельского хозяйства,74.90.4,2022.0,1.0
Предоставление консультационных услуг в области сельского хозяйства,74.90.4,2024.0,2.0
Предоставление консультационных услуг в области сельского хозяйства,74.90.4,2025.0,1.0
Предоставление консультационных услуг в области экологии,74.90.5,2021.0,1.0
Предоставление консультационных услуг в области экологии,74.90.5,2022.0,3.0
Предоставление консультационных услуг в области экологии,74.90.5,2024.0,1.0
Предоставление консультационных услуг в области экологии,74.90.5,2025.0,1.0
"Предоставление прочих технических консультаций, деятельность консультантов, кроме архитекторов, проектировщиков и консультантов по управлению",74.90.6,2022.0,2.0
"Предоставление прочих технических консультаций, деятельность консультантов, кроме архитекторов, проектировщиков и консультантов по управлению",74.90.6,2023.0,1.0
"Предоставление прочих технических консультаций, деятельность консультантов, кроме архитекторов, проектировщиков и консультантов по управлению",74.90.6,2024.0,1.0
"Предоставление прочих технических консультаций, деятельность консультантов, кроме архитекторов, проектировщиков и консультантов по управлению",74.90.6,2025.0,2.0
"Деятельность агентств и агентов, действующих от имени физических лиц, и обычно связанную с заключением контрактов (договоров) на участие в кинофильмах, театральных постановках и других развлекательных или спортивных мероприятиях, а также с предложением книг, пьес, предметов изобразительного искусства, фотографий и аналогичных предметов издателям, продюсерам",74.90.8,2024.0,1.0
Деятельность в области защиты информации и обеспечения безопасности критической информационной инфраструктуры,74.90.9,2024.0,2.0
Деятельность в области защиты информации и обеспечения безопасности критической информационной инфраструктуры,74.90.9,2025.0,2.0
Деятельность ветеринарная,75.00,2021.0,45.0
Деятельность ветеринарная,75.00,2022.0,82.0
Деятельность ветеринарная,75.00,2023.0,36.0
Деятельность ветеринарная,75.00,2024.0,44.0
Деятельность ветеринарная,75.00,2025.0,30.0
Деятельность ветеринарная для сельскохозяйственных животных,75.00.1,2021.0,21.0
Деятельность ветеринарная для сельскохозяйственных животных,75.00.1,2022.0,35.0
Деятельность ветеринарная для сельскохозяйственных животных,75.00.1,2023.0,21.0
Деятельность ветеринарная для сельскохозяйственных животных,75.00.1,2024.0,25.0
Деятельность ветеринарная для сельскохозяйственных животных,75.00.1,2025.0,16.0
Деятельность ветеринарная для домашних животных,75.00.2,2021.0,2.0
Деятельность ветеринарная для домашних животных,75.00.2,2022.0,11.0
Деятельность ветеринарная для домашних животных,75.00.2,2023.0,4.0
Деятельность ветеринарная для домашних животных,75.00.2,2024.0,6.0
Деятельность ветеринарная для домашних животных,75.00.2,2025.0,6.0
Аренда и лизинг,77,2021.0,53.0
Аренда и лизинг,77,2022.0,33.0
Аренда и лизинг,77,2023.0,13.0
Аренда и лизинг,77,2024.0,27.0
Аренда и лизинг,77,2025.0,24.0
Аренда и лизинг автотранспортных средств,77.1,2021.0,4.0
Аренда и лизинг автотранспортных средств,77.1,2022.0,5.0
Аренда и лизинг автотранспортных средств,77.1,2023.0,1.0
Аренда и лизинг автотранспортных средств,77.1,2024.0,2.0
Аренда и лизинг автотранспортных средств,77.1,2025.0,3.0
Аренда и лизинг легковых автомобилей и легких автотранспортных средств,77.11,2021.0,3.0
Аренда и лизинг легковых автомобилей и легких автотранспортных средств,77.11,2022.0,2.0
Аренда и лизинг легковых автомобилей и легких автотранспортных средств,77.11,2024.0,1.0
Аренда и лизинг легковых автомобилей и легких автотранспортных средств,77.11,2025.0,2.0
Аренда и лизинг грузовых транспортных средств,77.12,2021.0,1.0
Аренда и лизинг грузовых транспортных средств,77.12,2022.0,3.0
Аренда и лизинг грузовых транспортных средств,77.12,2023.0,1.0
Аренда и лизинг грузовых транспортных средств,77.12,2024.0,1.0
Аренда и лизинг грузовых транспортных средств,77.12,2025.0,1.0
Прокат и аренда предметов личного пользования и хозяйственно-бытового назначения,77.2,2023.0,5.0
Прокат и аренда предметов личного пользования и хозяйственно-бытового назначения,77.2,2024.0,5.0
Прокат и аренда предметов личного пользования и хозяйственно-бытового назначения,77.2,2025.0,2.0
Прокат и аренда товаров для отдыха и спортивных товаров,77.21,2023.0,5.0
Прокат и аренда товаров для отдыха и спортивных товаров,77.21,2024.0,5.0
Прокат и аренда товаров для отдыха и спортивных товаров,77.21,2025.0,2.0
Аренда и лизинг прочих машин и оборудования и материальных средств,77.3,2021.0,48.0
Аренда и лизинг прочих машин и оборудования и материальных средств,77.3,2022.0,22.0
Аренда и лизинг прочих машин и оборудования и материальных средств,77.3,2023.0,7.0
Аренда и лизинг прочих машин и оборудования и материальных средств,77.3,2024.0,16.0
Аренда и лизинг прочих машин и оборудования и материальных средств,77.3,2025.0,11.0
Аренда и лизинг сельскохозяйственных машин и оборудования,77.31,2021.0,10.0
Аренда и лизинг строительных машин и оборудования,77.32,2021.0,17.0
Аренда и лизинг строительных машин и оборудования,77.32,2022.0,6.0
Аренда и лизинг строительных машин и оборудования,77.32,2023.0,1.0
Аренда и лизинг строительных машин и оборудования,77.32,2024.0,9.0
Аренда и лизинг строительных машин и оборудования,77.32,2025.0,8.0
"Аренда и лизинг офисных машин и оборудования, включая вычислительную технику",77.33,2021.0,1.0
"Аренда и лизинг офисных машин и оборудования, включая вычислительную технику",77.33,2022.0,1.0
"Аренда и лизинг офисных машин и оборудования, включая вычислительную технику",77.33,2023.0,1.0
"Аренда и лизинг офисных машин и оборудования, включая вычислительную технику",77.33,2024.0,1.0
Аренда и лизинг вычислительных машин и оборудования,77.33.2,2021.0,1.0
Аренда и лизинг вычислительных машин и оборудования,77.33.2,2022.0,1.0
Аренда и лизинг вычислительных машин и оборудования,77.33.2,2023.0,1.0
Аренда и лизинг вычислительных машин и оборудования,77.33.2,2024.0,1.0
Аренда и лизинг водных транспортных средств и оборудования,77.34,2021.0,3.0
Аренда и лизинг водных транспортных средств и оборудования,77.34,2022.0,2.0
Аренда и лизинг водных транспортных средств и оборудования,77.34,2023.0,1.0
"Аренда и лизинг прочих видов транспорта, оборудования и материальных средств, не включенных в другие группировки",77.39,2021.0,17.0
"Аренда и лизинг прочих видов транспорта, оборудования и материальных средств, не включенных в другие группировки",77.39,2022.0,13.0
"Аренда и лизинг прочих видов транспорта, оборудования и материальных средств, не включенных в другие группировки",77.39,2023.0,4.0
"Аренда и лизинг прочих видов транспорта, оборудования и материальных средств, не включенных в другие группировки",77.39,2024.0,6.0
"Аренда и лизинг прочих видов транспорта, оборудования и материальных средств, не включенных в другие группировки",77.39,2025.0,3.0
Аренда и лизинг прочих сухопутных транспортных средств и оборудования,77.39.1,2021.0,16.0
Аренда и лизинг прочих сухопутных транспортных средств и оборудования,77.39.1,2022.0,11.0
Аренда и лизинг прочих сухопутных транспортных средств и оборудования,77.39.1,2023.0,2.0
Аренда и лизинг прочих сухопутных транспортных средств и оборудования,77.39.1,2024.0,5.0
Аренда и лизинг прочих сухопутных транспортных средств и оборудования,77.39.1,2025.0,2.0
Аренда и лизинг прочего автомобильного транспорта и оборудования,77.39.11,2022.0,2.0
Аренда и лизинг прочего автомобильного транспорта и оборудования,77.39.11,2023.0,2.0
Аренда и лизинг прочего автомобильного транспорта и оборудования,77.39.11,2024.0,4.0
Аренда и лизинг прочего автомобильного транспорта и оборудования,77.39.11,2025.0,1.0
Аренда и лизинг железнодорожного транспорта и оборудования,77.39.12,2021.0,16.0
Аренда и лизинг железнодорожного транспорта и оборудования,77.39.12,2022.0,9.0
Аренда и лизинг железнодорожного транспорта и оборудования,77.39.12,2024.0,1.0
Аренда и лизинг железнодорожного транспорта и оборудования,77.39.12,2025.0,1.0
"Аренда и лизинг прочих машин и оборудования, не включенных в другие группировки",77.39.2,2021.0,1.0
"Аренда и лизинг прочих машин и оборудования, не включенных в другие группировки",77.39.2,2022.0,2.0
"Аренда и лизинг прочих машин и оборудования, не включенных в другие группировки",77.39.2,2023.0,1.0
"Аренда и лизинг прочих машин и оборудования, не включенных в другие группировки",77.39.2,2025.0,1.0
Аренда и лизинг прочих машин и оборудования научного и промышленного назначения,77.39.29,2021.0,1.0
Аренда и лизинг прочих машин и оборудования научного и промышленного назначения,77.39.29,2022.0,1.0
Аренда и лизинг прочих машин и оборудования научного и промышленного назначения,77.39.29,2025.0,1.0
"Аренда интеллектуальной собственности и подобной продукции, кроме авторских прав",77.40,2021.0,1.0
"Аренда интеллектуальной собственности и подобной продукции, кроме авторских прав",77.40,2022.0,6.0
"Аренда интеллектуальной собственности и подобной продукции, кроме авторских прав",77.40,2024.0,4.0
"Аренда интеллектуальной собственности и подобной продукции, кроме авторских прав",77.40,2025.0,8.0
Деятельность по трудоустройству и подбору персонала,78,2021.0,36.0
Деятельность по трудоустройству и подбору персонала,78,2022.0,48.0
Деятельность по трудоустройству и подбору персонала,78,2023.0,43.0
Деятельность по трудоустройству и подбору персонала,78,2024.0,15.0
Деятельность по трудоустройству и подбору персонала,78,2025.0,17.0
Деятельность агентств по подбору персонала,78.10,2021.0,16.0
Деятельность агентств по подбору персонала,78.10,2022.0,18.0
Деятельность агентств по подбору персонала,78.10,2023.0,22.0
Деятельность агентств по подбору персонала,78.10,2024.0,8.0
Деятельность агентств по подбору персонала,78.10,2025.0,10.0
Деятельность агентств по временному трудоустройству,78.20,2021.0,11.0
Деятельность агентств по временному трудоустройству,78.20,2022.0,16.0
Деятельность агентств по временному трудоустройству,78.20,2023.0,9.0
Деятельность агентств по временному трудоустройству,78.20,2024.0,5.0
Деятельность агентств по временному трудоустройству,78.20,2025.0,5.0
Деятельность по подбору персонала прочая,78.30,2021.0,9.0
Деятельность по подбору персонала прочая,78.30,2022.0,14.0
Деятельность по подбору персонала прочая,78.30,2023.0,12.0
Деятельность по подбору персонала прочая,78.30,2024.0,2.0
Деятельность по подбору персонала прочая,78.30,2025.0,2.0
"Деятельность туристических агентств и прочих организаций, предоставляющих услуги в сфере туризма",79,2021.0,14.0
"Деятельность туристических агентств и прочих организаций, предоставляющих услуги в сфере туризма",79,2022.0,15.0
"Деятельность туристических агентств и прочих организаций, предоставляющих услуги в сфере туризма",79,2023.0,12.0
"Деятельность туристических агентств и прочих организаций, предоставляющих услуги в сфере туризма",79,2024.0,11.0
"Деятельность туристических агентств и прочих организаций, предоставляющих услуги в сфере туризма",79,2025.0,14.0
Деятельность туристических агентств и туроператоров,79.1,2021.0,11.0
Деятельность туристических агентств и туроператоров,79.1,2022.0,7.0
Деятельность туристических агентств и туроператоров,79.1,2023.0,8.0
Деятельность туристических агентств и туроператоров,79.1,2024.0,5.0
Деятельность туристических агентств и туроператоров,79.1,2025.0,8.0
Деятельность туристических агентств,79.11,2021.0,6.0
Деятельность туристических агентств,79.11,2022.0,7.0
Деятельность туристических агентств,79.11,2023.0,7.0
Деятельность туристических агентств,79.11,2024.0,5.0
Деятельность туристических агентств,79.11,2025.0,7.0
Деятельность туроператоров,79.12,2021.0,5.0
Деятельность туроператоров,79.12,2023.0,1.0
Деятельность туроператоров,79.12,2025.0,1.0
Услуги по бронированию прочие и сопутствующая деятельность,79.90,2021.0,3.0
Услуги по бронированию прочие и сопутствующая деятельность,79.90,2022.0,8.0
Услуги по бронированию прочие и сопутствующая деятельность,79.90,2023.0,4.0
Услуги по бронированию прочие и сопутствующая деятельность,79.90,2024.0,6.0
Услуги по бронированию прочие и сопутствующая деятельность,79.90,2025.0,6.0
Деятельность по предоставлению туристических информационных услуг,79.90.1,2021.0,2.0
Деятельность по предоставлению туристических информационных услуг,79.90.1,2022.0,7.0
Деятельность по предоставлению туристических информационных услуг,79.90.1,2023.0,3.0
Деятельность по предоставлению туристических информационных услуг,79.90.1,2024.0,6.0
Деятельность по предоставлению туристических информационных услуг,79.90.1,2025.0,6.0
"Деятельность по предоставлению туристических услуг, связанных с бронированием",79.90.3,2022.0,1.0
"Деятельность по предоставлению туристических услуг, связанных с бронированием",79.90.3,2023.0,1.0
Деятельность по обеспечению безопасности и проведению расследований,80,2021.0,37.0
Деятельность по обеспечению безопасности и проведению расследований,80,2022.0,57.0
Деятельность по обеспечению безопасности и проведению расследований,80,2023.0,32.0
Деятельность по обеспечению безопасности и проведению расследований,80,2024.0,30.0
Деятельность по обеспечению безопасности и проведению расследований,80,2025.0,21.0
Деятельность частных охранных служб,80.10,2021.0,13.0
"Деятельность охранных служб, в том числе частных",80.10,2022.0,29.0
"Деятельность охранных служб, в том числе частных",80.10,2023.0,17.0
"Деятельность охранных служб, в том числе частных",80.10,2024.0,23.0
"Деятельность охранных служб, в том числе частных",80.10,2025.0,16.0
Деятельность ведомственной охраны,80.10.1,2023.0,4.0
Деятельность ведомственной охраны,80.10.1,2024.0,2.0
Деятельность ведомственной охраны,80.10.1,2025.0,2.0
Деятельность частных охранных организаций,80.10.2,2024.0,13.0
Деятельность частных охранных организаций,80.10.2,2025.0,10.0
Деятельность охранных служб прочих,80.10.9,2024.0,7.0
Деятельность охранных служб прочих,80.10.9,2025.0,3.0
Деятельность систем обеспечения безопасности,80.20,2021.0,23.0
Деятельность систем обеспечения безопасности,80.20,2022.0,27.0
Деятельность систем обеспечения безопасности,80.20,2023.0,15.0
Деятельность систем обеспечения безопасности,80.20,2024.0,7.0
Деятельность систем обеспечения безопасности,80.20,2025.0,5.0
Деятельность по расследованию,80.30,2021.0,1.0
Деятельность по расследованию,80.30,2022.0,1.0
Деятельность по обслуживанию зданий и территорий,81,2021.0,48.0
Деятельность по обслуживанию зданий и территорий,81,2022.0,102.0
Деятельность по обслуживанию зданий и территорий,81,2023.0,58.0
Деятельность по обслуживанию зданий и территорий,81,2024.0,36.0
Деятельность по обслуживанию зданий и территорий,81,2025.0,32.0
Деятельность по комплексному обслуживанию помещений,81.10,2021.0,5.0
Деятельность по комплексному обслуживанию помещений,81.10,2022.0,14.0
Деятельность по комплексному обслуживанию помещений,81.10,2023.0,6.0
Деятельность по комплексному обслуживанию помещений,81.10,2024.0,3.0
Деятельность по комплексному обслуживанию помещений,81.10,2025.0,3.0
Деятельность по чистке и уборке,81.2,2021.0,40.0
Деятельность по чистке и уборке,81.2,2022.0,71.0
Деятельность по чистке и уборке,81.2,2023.0,44.0
Деятельность по чистке и уборке,81.2,2024.0,26.0
Деятельность по чистке и уборке,81.2,2025.0,21.0
Деятельность по общей уборке зданий,81.21,2021.0,1.0
Деятельность по общей уборке зданий,81.21,2022.0,1.0
Деятельность по общей уборке зданий,81.21,2023.0,1.0
Деятельность по общей уборке зданий,81.21,2024.0,2.0
Деятельность по уборке квартир и частных домов,81.21.1,2023.0,1.0
Деятельность по уборке прочих типов зданий и помещений,81.21.9,2021.0,1.0
Деятельность по уборке прочих типов зданий и помещений,81.21.9,2022.0,1.0
Деятельность по чистке и уборке жилых зданий и нежилых помещений прочая,81.22,2021.0,7.0
Деятельность по чистке и уборке жилых зданий и нежилых помещений прочая,81.22,2022.0,15.0
Деятельность по чистке и уборке жилых зданий и нежилых помещений прочая,81.22,2023.0,8.0
Деятельность по чистке и уборке жилых зданий и нежилых помещений прочая,81.22,2024.0,5.0
Деятельность по чистке и уборке жилых зданий и нежилых помещений прочая,81.22,2025.0,5.0
Деятельность по чистке и уборке прочая,81.29,2021.0,32.0
Деятельность по чистке и уборке прочая,81.29,2022.0,55.0
Деятельность по чистке и уборке прочая,81.29,2023.0,35.0
Деятельность по чистке и уборке прочая,81.29,2024.0,19.0
Деятельность по чистке и уборке прочая,81.29,2025.0,16.0
"Дезинфекция, дезинсекция, дератизация зданий, промышленного оборудования",81.29.1,2022.0,2.0
"Дезинфекция, дезинсекция, дератизация зданий, промышленного оборудования",81.29.1,2023.0,1.0
Подметание улиц и уборка снега,81.29.2,2021.0,3.0
Подметание улиц и уборка снега,81.29.2,2022.0,3.0
Подметание улиц и уборка снега,81.29.2,2023.0,4.0
Подметание улиц и уборка снега,81.29.2,2024.0,3.0
Подметание улиц и уборка снега,81.29.2,2025.0,4.0
"Деятельность по чистке и уборке прочая, не включенная в другие группировки",81.29.9,2021.0,28.0
"Деятельность по чистке и уборке прочая, не включенная в другие группировки",81.29.9,2022.0,47.0
"Деятельность по чистке и уборке прочая, не включенная в другие группировки",81.29.9,2023.0,29.0
"Деятельность по чистке и уборке прочая, не включенная в другие группировки",81.29.9,2024.0,14.0
"Деятельность по чистке и уборке прочая, не включенная в другие группировки",81.29.9,2025.0,11.0
Предоставление услуг по благоустройству ландшафта,81.3,2021.0,3.0
Предоставление услуг по благоустройству ландшафта,81.3,2022.0,17.0
Предоставление услуг по благоустройству ландшафта,81.3,2023.0,8.0
Предоставление услуг по благоустройству ландшафта,81.3,2024.0,7.0
Предоставление услуг по благоустройству ландшафта,81.3,2025.0,8.0
Деятельность по благоустройству ландшафта,81.30,2021.0,3.0
Деятельность по благоустройству ландшафта,81.30,2022.0,17.0
Деятельность по благоустройству ландшафта,81.30,2023.0,8.0
Деятельность по благоустройству ландшафта,81.30,2024.0,7.0
Деятельность по благоустройству ландшафта,81.30,2025.0,8.0
"Деятельность административно-хозяйственная, вспомогательная деятельность по обеспечению функционирования организации, деятельность по предоставлению прочих вспомогательных услуг для бизнеса",82,2021.0,97.0
"Деятельность административно-хозяйственная, вспомогательная деятельность по обеспечению функционирования организации, деятельность по предоставлению прочих вспомогательных услуг для бизнеса",82,2022.0,147.0
"Деятельность административно-хозяйственная, вспомогательная деятельность по обеспечению функционирования организации, деятельность по предоставлению прочих вспомогательных услуг для бизнеса",82,2023.0,110.0
"Деятельность административно-хозяйственная, вспомогательная деятельность по обеспечению функционирования организации, деятельность по предоставлению прочих вспомогательных услуг для бизнеса",82,2024.0,113.0
"Деятельность административно-хозяйственная, вспомогательная деятельность по обеспечению функционирования организации, деятельность по предоставлению прочих вспомогательных услуг для бизнеса",82,2025.0,130.0
Деятельность административно-хозяйственная и вспомогательная деятельность по обеспечению функционирования организации,82.1,2021.0,8.0
Деятельность административно-хозяйственная и вспомогательная деятельность по обеспечению функционирования организации,82.1,2022.0,17.0
Деятельность административно-хозяйственная и вспомогательная деятельность по обеспечению функционирования организации,82.1,2023.0,13.0
Деятельность административно-хозяйственная и вспомогательная деятельность по обеспечению функционирования организации,82.1,2024.0,11.0
Деятельность административно-хозяйственная и вспомогательная деятельность по обеспечению функционирования организации,82.1,2025.0,13.0
Деятельность административно-хозяйственная комплексная по обеспечению работы организации,82.11,2021.0,8.0
Деятельность административно-хозяйственная комплексная по обеспечению работы организации,82.11,2022.0,17.0
Деятельность административно-хозяйственная комплексная по обеспечению работы организации,82.11,2023.0,13.0
Деятельность административно-хозяйственная комплексная по обеспечению работы организации,82.11,2024.0,11.0
Деятельность административно-хозяйственная комплексная по обеспечению работы организации,82.11,2025.0,13.0
Деятельность центров обработки телефонных вызовов,82.20,2021.0,39.0
Деятельность центров обработки телефонных вызовов,82.20,2022.0,57.0
Деятельность центров обработки телефонных вызовов,82.20,2023.0,40.0
Деятельность центров обработки телефонных вызовов,82.20,2024.0,43.0
Деятельность центров обработки телефонных вызовов,82.20,2025.0,42.0
Деятельность по организации конференций и выставок,82.30,2021.0,6.0
Деятельность по организации конференций и выставок,82.30,2022.0,13.0
Деятельность по организации конференций и выставок,82.30,2023.0,12.0
Деятельность по организации конференций и выставок,82.30,2024.0,10.0
Деятельность по организации конференций и выставок,82.30,2025.0,20.0
Деятельность организаторов и операторов выставочных и ярмарочных мероприятий,82.30.1,2025.0,2.0
Деятельность организаторов конгрессных мероприятий,82.30.2,2025.0,1.0
"Деятельность по предоставлению вспомогательных услуг для бизнеса, не включенная в другие группировки",82.9,2021.0,44.0
"Деятельность по предоставлению вспомогательных услуг для бизнеса, не включенная в другие группировки",82.9,2022.0,60.0
"Деятельность по предоставлению вспомогательных услуг для бизнеса, не включенная в другие группировки",82.9,2023.0,45.0
"Деятельность по предоставлению вспомогательных услуг для бизнеса, не включенная в другие группировки",82.9,2024.0,49.0
"Деятельность по предоставлению вспомогательных услуг для бизнеса, не включенная в другие группировки",82.9,2025.0,55.0
Деятельность агентств по сбору платежей и бюро кредитной информации,82.91,2021.0,12.0
Деятельность агентств по сбору платежей и бюро кредитной информации,82.91,2022.0,4.0
Деятельность агентств по сбору платежей и бюро кредитной информации,82.91,2023.0,15.0
Деятельность агентств по сбору платежей и бюро кредитной информации,82.91,2024.0,16.0
Деятельность агентств по сбору платежей и бюро кредитной информации,82.91,2025.0,14.0
Деятельность по упаковыванию товаров,82.92,2022.0,2.0
Деятельность по упаковыванию товаров,82.92,2023.0,4.0
Деятельность по упаковыванию товаров,82.92,2024.0,2.0
Деятельность по упаковыванию товаров,82.92,2025.0,2.0
"Деятельность по предоставлению прочих вспомогательных услуг для бизнеса, не включенная в другие группировки",82.99,2021.0,32.0
"Деятельность по предоставлению прочих вспомогательных услуг для бизнеса, не включенная в другие группировки",82.99,2022.0,54.0
"Деятельность по предоставлению прочих вспомогательных услуг для бизнеса, не включенная в другие группировки",82.99,2023.0,26.0
"Деятельность по предоставлению прочих вспомогательных услуг для бизнеса, не включенная в другие группировки",82.99,2024.0,31.0
"Деятельность по предоставлению прочих вспомогательных услуг для бизнеса, не включенная в другие группировки",82.99,2025.0,39.0
"Деятельность органов государственного управления по обеспечению военной безопасности, обязательному социальному обеспечению",84,2021.0,1042.0
"Деятельность органов государственного управления по обеспечению военной безопасности, обязательному социальному обеспечению",84,2022.0,1980.0
"Деятельность органов государственного управления по обеспечению военной безопасности, обязательному социальному обеспечению",84,2023.0,1163.0
"Деятельность органов государственного управления по обеспечению военной безопасности, обязательному социальному обеспечению",84,2024.0,921.0
"Деятельность органов государственного управления по обеспечению военной безопасности, обязательному социальному обеспечению",84,2025.0,832.0
"Предоставление государственных услуг обществу, не включенные в другие группировки",84.02.АГ,2021.0,71.0
"Предоставление государственных услуг обществу, не включенные в другие группировки",84.02.АГ,2022.0,126.0
"Предоставление государственных услуг обществу, не включенные в другие группировки",84.02.АГ,2023.0,62.0
"Предоставление государственных услуг обществу, не включенные в другие группировки",84.02.АГ,2024.0,45.0
"Предоставление государственных услуг обществу, не включенные в другие группировки",84.02.АГ,2025.0,43.0
Деятельность органов государственного управления и местного самоуправления по вопросам общего и социально-экономического характера,84.1,2021.0,942.0
Деятельность органов государственного управления и местного самоуправления по вопросам общего и социально-экономического характера,84.1,2022.0,1761.0
Деятельность органов государственного управления и местного самоуправления по вопросам общего и социально-экономического характера,84.1,2023.0,1046.0
Деятельность органов государственного управления и местного самоуправления по вопросам общего и социально-экономического характера,84.1,2024.0,823.0
Деятельность органов государственного управления и местного самоуправления по вопросам общего и социально-экономического характера,84.1,2025.0,725.0
Деятельность органов государственного управления и местного самоуправления по вопросам общего характера,84.11,2021.0,931.0
Деятельность органов государственного управления и местного самоуправления по вопросам общего характера,84.11,2022.0,1731.0
Деятельность органов государственного управления и местного самоуправления по вопросам общего характера,84.11,2023.0,1028.0
Деятельность органов государственного управления и местного самоуправления по вопросам общего характера,84.11,2024.0,813.0
Деятельность органов государственного управления и местного самоуправления по вопросам общего характера,84.11,2025.0,709.0
"Деятельность федеральных органов государственной власти по управлению вопросами общего характера, кроме судебной власти",84.11.1,2021.0,46.0
"Деятельность федеральных органов государственной власти по управлению вопросами общего характера, кроме судебной власти",84.11.1,2022.0,123.0
"Деятельность федеральных органов государственной власти по управлению вопросами общего характера, кроме судебной власти",84.11.1,2023.0,87.0
"Деятельность федеральных органов государственной власти по управлению вопросами общего характера, кроме судебной власти",84.11.1,2024.0,89.0
"Деятельность федеральных органов государственной власти по управлению вопросами общего характера, кроме судебной власти",84.11.1,2025.0,78.0
"Деятельность федеральных органов государственной власти, кроме полномочных представителей Президента Российской Федерации и территориальных органов федеральных органов исполнительной власти",84.11.11,2021.0,12.0
"Деятельность федеральных органов государственной власти, кроме полномочных представителей Президента Российской Федерации и территориальных органов федеральных органов исполнительной власти",84.11.11,2022.0,22.0
"Деятельность федеральных органов государственной власти, кроме полномочных представителей Президента Российской Федерации и территориальных органов федеральных органов исполнительной власти",84.11.11,2023.0,17.0
"Деятельность федеральных органов государственной власти, кроме полномочных представителей Президента Российской Федерации и территориальных органов федеральных органов исполнительной власти",84.11.11,2024.0,19.0
"Деятельность федеральных органов государственной власти, кроме полномочных представителей Президента Российской Федерации и территориальных органов федеральных органов исполнительной власти",84.11.11,2025.0,19.0
"Деятельность полномочных представителей Президента Российской Федерации в регионах Российской Федерации и территориальных органов федеральных органов исполнительной власти в субъектах Российской Федерации (республиках, краях, областях)",84.11.12,2021.0,28.0
"Деятельность полномочных представителей Президента Российской Федерации в регионах Российской Федерации и территориальных органов федеральных органов исполнительной власти в субъектах Российской Федерации (республиках, краях, областях)",84.11.12,2022.0,77.0
"Деятельность полномочных представителей Президента Российской Федерации в регионах Российской Федерации и территориальных органов федеральных органов исполнительной власти в субъектах Российской Федерации (республиках, краях, областях)",84.11.12,2023.0,45.0
"Деятельность полномочных представителей Президента Российской Федерации в регионах Российской Федерации и территориальных органов федеральных органов исполнительной власти в субъектах Российской Федерации (республиках, краях, областях)",84.11.12,2024.0,45.0
"Деятельность полномочных представителей Президента Российской Федерации в регионах Российской Федерации и территориальных органов федеральных органов исполнительной власти в субъектах Российской Федерации (республиках, краях, областях)",84.11.12,2025.0,31.0
Деятельность территориальных органов федеральных органов исполнительной власти в городах и районах субъектов Российской Федерации,84.11.13,2021.0,5.0
Деятельность территориальных органов федеральных органов исполнительной власти в городах и районах субъектов Российской Федерации,84.11.13,2022.0,22.0
Деятельность территориальных органов федеральных органов исполнительной власти в городах и районах субъектов Российской Федерации,84.11.13,2023.0,19.0
Деятельность территориальных органов федеральных органов исполнительной власти в городах и районах субъектов Российской Федерации,84.11.13,2024.0,22.0
Деятельность территориальных органов федеральных органов исполнительной власти в городах и районах субъектов Российской Федерации,84.11.13,2025.0,24.0
"Деятельность органов государственной власти по управлению вопросами общего характера, кроме судебной власти, субъектов Российской Федерации",84.11.2,2021.0,108.0
"Деятельность органов государственной власти по управлению вопросами общего характера, кроме судебной власти, субъектов Российской Федерации",84.11.2,2022.0,207.0
"Деятельность органов государственной власти по управлению вопросами общего характера, кроме судебной власти, субъектов Российской Федерации",84.11.2,2023.0,133.0
"Деятельность органов государственной власти по управлению вопросами общего характера, кроме судебной власти, субъектов Российской Федерации",84.11.2,2024.0,134.0
"Деятельность органов государственной власти по управлению вопросами общего характера, кроме судебной власти, субъектов Российской Федерации",84.11.2,2025.0,175.0
"Деятельность органов государственной власти субъектов Российской Федерации (республик, краев, областей), кроме судебной власти, представительств исполнительных органов государственной власти субъектов Российской Федерации при Президенте Российской Федерации",84.11.21,2021.0,69.0
"Деятельность органов государственной власти субъектов Российской Федерации (республик, краев, областей), кроме судебной власти, представительств исполнительных органов государственной власти субъектов Российской Федерации при Президенте Российской Федерации",84.11.21,2022.0,145.0
"Деятельность органов государственной власти субъектов Российской Федерации (республик, краев, областей), кроме судебной власти, представительств исполнительных органов государственной власти субъектов Российской Федерации при Президенте Российской Федерации",84.11.21,2023.0,104.0
"Деятельность органов государственной власти субъектов Российской Федерации (республик, краев, областей), кроме судебной власти, представительств исполнительных органов государственной власти субъектов Российской Федерации при Президенте Российской Федерации",84.11.21,2024.0,110.0
"Деятельность органов государственной власти субъектов Российской Федерации (республик, краев, областей), кроме судебной власти, представительств исполнительных органов государственной власти субъектов Российской Федерации при Президенте Российской Федерации",84.11.21,2025.0,153.0
Деятельность органов государственной власти субъектов Российской Федерации по осуществлению своих полномочий в городах и районах,84.11.22,2021.0,36.0
Деятельность органов государственной власти субъектов Российской Федерации по осуществлению своих полномочий в городах и районах,84.11.22,2022.0,57.0
Деятельность органов государственной власти субъектов Российской Федерации по осуществлению своих полномочий в городах и районах,84.11.22,2023.0,25.0
Деятельность органов государственной власти субъектов Российской Федерации по осуществлению своих полномочий в городах и районах,84.11.22,2024.0,19.0
Деятельность органов государственной власти субъектов Российской Федерации по осуществлению своих полномочий в городах и районах,84.11.22,2025.0,17.0
Деятельность органов государственной власти субъектов Российской Федерации по осуществлению своих полномочий в сельских населенных пунктах,84.11.23,2021.0,1.0
Деятельность органов государственной власти субъектов Российской Федерации по осуществлению своих полномочий в сельских населенных пунктах,84.11.23,2022.0,2.0
Деятельность органов государственной власти субъектов Российской Федерации по осуществлению своих полномочий в сельских населенных пунктах,84.11.23,2023.0,1.0
Деятельность органов местного самоуправления по управлению вопросами общего характера,84.11.3,2021.0,719.0
Деятельность органов местного самоуправления по управлению вопросами общего характера,84.11.3,2022.0,1301.0
Деятельность органов местного самоуправления по управлению вопросами общего характера,84.11.3,2023.0,747.0
Деятельность органов местного самоуправления по управлению вопросами общего характера,84.11.3,2024.0,537.0
Деятельность органов местного самоуправления по управлению вопросами общего характера,84.11.3,2025.0,402.0
Деятельность органов местного самоуправления сельских поселений,84.11.31,2021.0,430.0
Деятельность органов местного самоуправления сельских поселений,84.11.31,2022.0,635.0
Деятельность органов местного самоуправления сельских поселений,84.11.31,2023.0,388.0
Деятельность органов местного самоуправления сельских поселений,84.11.31,2024.0,292.0
Деятельность органов местного самоуправления сельских поселений,84.11.31,2025.0,197.0
Деятельность органов местного самоуправления городских поселений,84.11.32,2021.0,27.0
Деятельность органов местного самоуправления городских поселений,84.11.32,2022.0,63.0
Деятельность органов местного самоуправления городских поселений,84.11.32,2023.0,31.0
Деятельность органов местного самоуправления городских поселений,84.11.32,2024.0,25.0
Деятельность органов местного самоуправления городских поселений,84.11.32,2025.0,13.0
Деятельность органов местного самоуправления муниципальных районов,84.11.33,2021.0,146.0
Деятельность органов местного самоуправления муниципальных районов,84.11.33,2022.0,264.0
Деятельность органов местного самоуправления муниципальных районов,84.11.33,2023.0,142.0
Деятельность органов местного самоуправления муниципальных районов,84.11.33,2024.0,107.0
Деятельность органов местного самоуправления муниципальных районов,84.11.33,2025.0,76.0
Деятельность органов местного самоуправления муниципальных округов,84.11.34,2021.0,8.0
Деятельность органов местного самоуправления муниципальных округов,84.11.34,2022.0,59.0
Деятельность органов местного самоуправления муниципальных округов,84.11.34,2023.0,40.0
Деятельность органов местного самоуправления муниципальных округов,84.11.34,2024.0,18.0
Деятельность органов местного самоуправления муниципальных округов,84.11.34,2025.0,31.0
Деятельность органов местного самоуправления городских округов,84.11.35,2021.0,85.0
Деятельность органов местного самоуправления городских округов,84.11.35,2022.0,190.0
Деятельность органов местного самоуправления городских округов,84.11.35,2023.0,98.0
Деятельность органов местного самоуправления городских округов,84.11.35,2024.0,68.0
Деятельность органов местного самоуправления городских округов,84.11.35,2025.0,70.0
Деятельность органов местного самоуправления городских округов с внутригородским делением,84.11.36,2021.0,8.0
Деятельность органов местного самоуправления городских округов с внутригородским делением,84.11.36,2022.0,25.0
Деятельность органов местного самоуправления городских округов с внутригородским делением,84.11.36,2023.0,2.0
Деятельность органов местного самоуправления внутригородских районов,84.11.37,2021.0,2.0
Деятельность органов местного самоуправления внутригородских районов,84.11.37,2022.0,4.0
Деятельность органов местного самоуправления внутригородских районов,84.11.37,2023.0,1.0
Деятельность органов местного самоуправления внутригородских районов,84.11.37,2024.0,2.0
Деятельность органов местного самоуправления внутригородских территорий городов федерального значения,84.11.38,2021.0,3.0
Деятельность органов местного самоуправления внутригородских территорий городов федерального значения,84.11.38,2022.0,34.0
Деятельность органов местного самоуправления внутригородских территорий городов федерального значения,84.11.38,2023.0,22.0
Деятельность органов местного самоуправления внутригородских территорий городов федерального значения,84.11.38,2024.0,5.0
Деятельность органов местного самоуправления внутригородских территорий городов федерального значения,84.11.38,2025.0,3.0
Управление финансовой деятельностью и деятельностью в сфере налогообложения,84.11.4,2021.0,35.0
Управление финансовой деятельностью и деятельностью в сфере налогообложения,84.11.4,2022.0,59.0
Управление финансовой деятельностью и деятельностью в сфере налогообложения,84.11.4,2023.0,28.0
Управление финансовой деятельностью и деятельностью в сфере налогообложения,84.11.4,2024.0,22.0
Управление финансовой деятельностью и деятельностью в сфере налогообложения,84.11.4,2025.0,24.0
Управление деятельностью в области прогнозирования и планирования,84.11.5,2022.0,1.0
Управление деятельностью в области прогнозирования и планирования,84.11.5,2023.0,2.0
Управление деятельностью в области прогнозирования и планирования,84.11.5,2024.0,1.0
Управление деятельностью в области прогнозирования и планирования,84.11.5,2025.0,1.0
Управление деятельностью в области статистики,84.11.7,2021.0,4.0
Управление деятельностью в области статистики,84.11.7,2022.0,4.0
Управление деятельностью в области статистики,84.11.7,2023.0,1.0
Управление деятельностью в области статистики,84.11.7,2024.0,1.0
Управление деятельностью в области статистики,84.11.7,2025.0,2.0
"Управление имуществом, находящимся в государственной собственности",84.11.8,2021.0,2.0
"Управление имуществом, находящимся в государственной собственности",84.11.8,2022.0,8.0
"Управление имуществом, находящимся в государственной собственности",84.11.8,2023.0,10.0
"Управление имуществом, находящимся в государственной собственности",84.11.8,2024.0,11.0
"Управление имуществом, находящимся в государственной собственности",84.11.8,2025.0,10.0
"Государственное регулирование деятельности в области здравоохранения, образования, социально-культурного развития и других социальных услуг, кроме социального обеспечения",84.12,2021.0,7.0
"Государственное регулирование деятельности в области здравоохранения, образования, социально-культурного развития и других социальных услуг, кроме социального обеспечения",84.12,2022.0,15.0
"Государственное регулирование деятельности в области здравоохранения, образования, социально-культурного развития и других социальных услуг, кроме социального обеспечения",84.12,2023.0,11.0
"Государственное регулирование деятельности в области здравоохранения, образования, социально-культурного развития и других социальных услуг, кроме социального обеспечения",84.12,2024.0,3.0
"Государственное регулирование деятельности в области здравоохранения, образования, социально-культурного развития и других социальных услуг, кроме социального обеспечения",84.12,2025.0,5.0
Регулирование и содействие эффективному ведению экономической деятельности предприятий,84.13,2021.0,4.0
Регулирование и содействие эффективному ведению экономической деятельности предприятий,84.13,2022.0,15.0
Регулирование и содействие эффективному ведению экономической деятельности предприятий,84.13,2023.0,7.0
Регулирование и содействие эффективному ведению экономической деятельности предприятий,84.13,2024.0,7.0
Регулирование и содействие эффективному ведению экономической деятельности предприятий,84.13,2025.0,11.0
Предоставление государственных услуг обществу,84.2,2021.0,83.0
Предоставление государственных услуг обществу,84.2,2022.0,195.0
Предоставление государственных услуг обществу,84.2,2023.0,98.0
Предоставление государственных услуг обществу,84.2,2024.0,84.0
Предоставление государственных услуг обществу,84.2,2025.0,94.0
"Деятельность, связанная с обеспечением военной безопасности",84.22,2025.0,1.0
Деятельность в области юстиции и правосудия,84.23,2021.0,12.0
Деятельность в области юстиции и правосудия,84.23,2022.0,69.0
Деятельность в области юстиции и правосудия,84.23,2023.0,36.0
Деятельность в области юстиции и правосудия,84.23,2024.0,39.0
Деятельность в области юстиции и правосудия,84.23,2025.0,51.0
Деятельность федеральных судов,84.23.1,2021.0,6.0
Деятельность федеральных судов,84.23.1,2022.0,58.0
Деятельность федеральных судов,84.23.1,2023.0,28.0
Деятельность федеральных судов,84.23.1,2024.0,19.0
Деятельность федеральных судов,84.23.1,2025.0,42.0
Деятельность Верховного суда Российской Федерации,84.23.12,2024.0,1.0
Деятельность Верховного суда Российской Федерации,84.23.12,2025.0,1.0
"Деятельность кассационных судов общей юрисдикции, апелляционных судов общей юрисдикции, верховных судов республик, краевых, областных судов, судов городов федерального значения, суда автономной области, судов автономных округов",84.23.13,2021.0,3.0
"Деятельность кассационных судов общей юрисдикции, апелляционных судов общей юрисдикции, верховных судов республик, краевых, областных судов, судов городов федерального значения, суда автономной области, судов автономных округов",84.23.13,2022.0,9.0
"Деятельность кассационных судов общей юрисдикции, апелляционных судов общей юрисдикции, верховных судов республик, краевых, областных судов, судов городов федерального значения, суда автономной области, судов автономных округов",84.23.13,2023.0,6.0
"Деятельность кассационных судов общей юрисдикции, апелляционных судов общей юрисдикции, верховных судов республик, краевых, областных судов, судов городов федерального значения, суда автономной области, судов автономных округов",84.23.13,2024.0,14.0
"Деятельность кассационных судов общей юрисдикции, апелляционных судов общей юрисдикции, верховных судов республик, краевых, областных судов, судов городов федерального значения, суда автономной области, судов автономных округов",84.23.13,2025.0,17.0
Деятельность районных судов,84.23.14,2021.0,2.0
Деятельность районных судов,84.23.14,2022.0,43.0
Деятельность районных судов,84.23.14,2023.0,18.0
Деятельность районных судов,84.23.14,2024.0,2.0
Деятельность районных судов,84.23.14,2025.0,22.0
Деятельность военных судов,84.23.15,2022.0,2.0
Деятельность военных судов,84.23.15,2023.0,1.0
Деятельность федеральных арбитражных судов округов,84.23.17,2022.0,2.0
Деятельность федеральных арбитражных судов округов,84.23.17,2023.0,1.0
"Деятельность арбитражных апелляционных судов, арбитражных судов субъектов Российской Федерации",84.23.18,2022.0,1.0
"Деятельность арбитражных апелляционных судов, арбитражных судов субъектов Российской Федерации",84.23.18,2023.0,1.0
"Деятельность арбитражных апелляционных судов, арбитражных судов субъектов Российской Федерации",84.23.18,2025.0,2.0
Деятельность судов субъектов Российской Федерации,84.23.2,2021.0,2.0
Деятельность судов субъектов Российской Федерации,84.23.2,2025.0,1.0
Деятельность конституционных (уставных) судов,84.23.21,2021.0,1.0
Деятельность мировых судей,84.23.22,2021.0,1.0
Деятельность мировых судей,84.23.22,2025.0,1.0
Деятельность органов прокуратуры Российской Федерации,84.23.3,2021.0,1.0
Деятельность органов прокуратуры Российской Федерации,84.23.3,2022.0,8.0
Деятельность органов прокуратуры Российской Федерации,84.23.3,2023.0,8.0
Деятельность органов прокуратуры Российской Федерации,84.23.3,2024.0,17.0
Деятельность органов прокуратуры Российской Федерации,84.23.3,2025.0,6.0
Деятельность Генеральной прокуратуры Российской Федерации,84.23.31,2022.0,1.0
Деятельность Генеральной прокуратуры Российской Федерации,84.23.31,2023.0,2.0
Деятельность прокуратур субъектов Российской Федерации,84.23.32,2021.0,1.0
Деятельность прокуратур субъектов Российской Федерации,84.23.32,2022.0,7.0
Деятельность прокуратур субъектов Российской Федерации,84.23.32,2023.0,6.0
Деятельность прокуратур субъектов Российской Федерации,84.23.32,2024.0,16.0
Деятельность прокуратур субъектов Российской Федерации,84.23.32,2025.0,6.0
Деятельность прокуратур городов и районов,84.23.33,2024.0,1.0
Деятельность Следственного комитета Российской Федерации,84.23.5,2021.0,2.0
Деятельность Следственного комитета Российской Федерации,84.23.5,2022.0,2.0
Деятельность Следственного комитета Российской Федерации,84.23.5,2024.0,2.0
Деятельность Следственного комитета Российской Федерации,84.23.5,2025.0,1.0
"Деятельность Главного военного следственного управления, главных следственных управлений и следственных управлений Следственного комитета Российской Федерации по субъектам Российской Федерации (в том числе подразделений указанных управлений по административным округам) и приравненных к ним специализированных (в том числе военных) следственных управлений и следственных отделов Следственного комитета Российской Федерации",84.23.52,2021.0,2.0
"Деятельность Главного военного следственного управления, главных следственных управлений и следственных управлений Следственного комитета Российской Федерации по субъектам Российской Федерации (в том числе подразделений указанных управлений по административным округам) и приравненных к ним специализированных (в том числе военных) следственных управлений и следственных отделов Следственного комитета Российской Федерации",84.23.52,2022.0,2.0
"Деятельность Главного военного следственного управления, главных следственных управлений и следственных управлений Следственного комитета Российской Федерации по субъектам Российской Федерации (в том числе подразделений указанных управлений по административным округам) и приравненных к ним специализированных (в том числе военных) следственных управлений и следственных отделов Следственного комитета Российской Федерации",84.23.52,2024.0,1.0
Деятельность в области обязательного социального обеспечения,84.30,2021.0,17.0
Деятельность в области обязательного социального обеспечения,84.30,2022.0,24.0
Деятельность в области обязательного социального обеспечения,84.30,2023.0,19.0
Деятельность в области обязательного социального обеспечения,84.30,2024.0,14.0
Деятельность в области обязательного социального обеспечения,84.30,2025.0,13.0
Образование высшее,85.22,2021.0,143.0
Образование высшее,85.22,2022.0,164.0
Образование высшее,85.22,2023.0,155.0
Образование высшее,85.22,2024.0,202.0
Образование высшее,85.22,2025.0,229.0
"Высшее образование, подготовка кадров высшей квалификации",85.22.01.АГ,2021.0,173.0
"Высшее образование, подготовка кадров высшей квалификации",85.22.01.АГ,2022.0,207.0
"Высшее образование, подготовка кадров высшей квалификации",85.22.01.АГ,2023.0,182.0
"Высшее образование, подготовка кадров высшей квалификации",85.22.01.АГ,2024.0,230.0
"Высшее образование, подготовка кадров высшей квалификации",85.22.01.АГ,2025.0,248.0
Образование высшее - бакалавриат,85.22.1,2021.0,19.0
Образование высшее - бакалавриат,85.22.1,2022.0,29.0
Образование высшее - бакалавриат,85.22.1,2023.0,29.0
Образование высшее - бакалавриат,85.22.1,2024.0,37.0
Образование высшее - бакалавриат,85.22.1,2025.0,39.0
Образование высшее - специалитет,85.22.2,2021.0,2.0
Образование высшее - специалитет,85.22.2,2022.0,4.0
Образование высшее - специалитет,85.22.2,2023.0,1.0
Образование высшее - специалитет,85.22.2,2024.0,4.0
Образование высшее - специалитет,85.22.2,2025.0,5.0
Образование высшее - магистратура,85.22.3,2021.0,1.0
Образование высшее - магистратура,85.22.3,2022.0,3.0
Образование высшее - магистратура,85.22.3,2023.0,1.0
Подготовка кадров высшей квалификации,85.23,2021.0,30.0
Подготовка кадров высшей квалификации,85.23,2022.0,43.0
Подготовка кадров высшей квалификации,85.23,2023.0,27.0
Подготовка кадров высшей квалификации,85.23,2024.0,28.0
Подготовка кадров высшей квалификации,85.23,2025.0,19.0
"Деятельность в сфере высшего образования, подготовки кадров высшей квалификации, здравоохранения и социальных услуг, культуры, спорта, организации досуга и развлечений",85.91.01.АГ,2021.0,1296.0
"Деятельность в сфере высшего образования, подготовки кадров высшей квалификации, здравоохранения и социальных услуг, культуры, спорта, организации досуга и развлечений",85.91.01.АГ,2022.0,2474.0
"Деятельность в сфере высшего образования, подготовки кадров высшей квалификации, здравоохранения и социальных услуг, культуры, спорта, организации досуга и развлечений",85.91.01.АГ,2023.0,1473.0
"Деятельность в сфере высшего образования, подготовки кадров высшей квалификации, здравоохранения и социальных услуг, культуры, спорта, организации досуга и развлечений",85.91.01.АГ,2024.0,1595.0
"Деятельность в сфере высшего образования, подготовки кадров высшей квалификации, здравоохранения и социальных услуг, культуры, спорта, организации досуга и развлечений",85.91.01.АГ,2025.0,1694.0
Деятельность в области здравоохранения,86,2021.0,350.0
Деятельность в области здравоохранения,86,2022.0,655.0
Деятельность в области здравоохранения,86,2023.0,487.0
Деятельность в области здравоохранения,86,2024.0,653.0
Деятельность в области здравоохранения,86,2025.0,772.0
Деятельность больничных организаций,86.10,2021.0,266.0
Деятельность больничных организаций,86.10,2022.0,471.0
Деятельность больничных организаций,86.10,2023.0,377.0
Деятельность больничных организаций,86.10,2024.0,499.0
Деятельность больничных организаций,86.10,2025.0,608.0
Медицинская и стоматологическая практика,86.2,2021.0,36.0
Медицинская и стоматологическая практика,86.2,2022.0,68.0
Медицинская и стоматологическая практика,86.2,2023.0,39.0
Медицинская и стоматологическая практика,86.2,2024.0,38.0
Медицинская и стоматологическая практика,86.2,2025.0,50.0
Общая врачебная практика,86.21,2021.0,16.0
Общая врачебная практика,86.21,2022.0,32.0
Общая врачебная практика,86.21,2023.0,20.0
Общая врачебная практика,86.21,2024.0,22.0
Общая врачебная практика,86.21,2025.0,34.0
Специальная врачебная практика,86.22,2024.0,1.0
Специальная врачебная практика прочая,86.22.9,2024.0,1.0
Стоматологическая практика,86.23,2021.0,20.0
Стоматологическая практика,86.23,2022.0,36.0
Стоматологическая практика,86.23,2023.0,19.0
Стоматологическая практика,86.23,2024.0,15.0
Стоматологическая практика,86.23,2025.0,16.0
Деятельность в области медицины прочая,86.90,2021.0,48.0
Деятельность в области медицины прочая,86.90,2022.0,116.0
Деятельность в области медицины прочая,86.90,2023.0,71.0
Деятельность в области медицины прочая,86.90,2024.0,116.0
Деятельность в области медицины прочая,86.90,2025.0,114.0
Деятельность организаций санитарно-эпидемиологической службы,86.90.1,2021.0,7.0
Деятельность организаций санитарно-эпидемиологической службы,86.90.1,2022.0,14.0
Деятельность организаций санитарно-эпидемиологической службы,86.90.1,2023.0,5.0
Деятельность организаций санитарно-эпидемиологической службы,86.90.1,2024.0,2.0
Деятельность организаций санитарно-эпидемиологической службы,86.90.1,2025.0,4.0
Деятельность организаций судебно-медицинской экспертизы,86.90.2,2021.0,2.0
Деятельность организаций судебно-медицинской экспертизы,86.90.2,2022.0,2.0
Деятельность организаций судебно-медицинской экспертизы,86.90.2,2023.0,4.0
Деятельность организаций судебно-медицинской экспертизы,86.90.2,2024.0,56.0
Деятельность организаций судебно-медицинской экспертизы,86.90.2,2025.0,53.0
Деятельность массажных салонов,86.90.3,2025.0,1.0
Деятельность санаторно-курортных организаций,86.90.4,2021.0,25.0
Деятельность санаторно-курортных организаций,86.90.4,2022.0,68.0
Деятельность санаторно-курортных организаций,86.90.4,2023.0,43.0
Деятельность санаторно-курортных организаций,86.90.4,2024.0,34.0
Деятельность санаторно-курортных организаций,86.90.4,2025.0,33.0
Деятельность в области психического здоровья,86.90.5,2024.0,1.0
Деятельность в области психического здоровья,86.90.5,2025.0,1.0
"Деятельность в области медицины прочая, не включенная в другие группировки",86.90.9,2021.0,13.0
"Деятельность в области медицины прочая, не включенная в другие группировки",86.90.9,2022.0,30.0
"Деятельность в области медицины прочая, не включенная в другие группировки",86.90.9,2023.0,18.0
"Деятельность в области медицины прочая, не включенная в другие группировки",86.90.9,2024.0,22.0
"Деятельность в области медицины прочая, не включенная в другие группировки",86.90.9,2025.0,20.0
Деятельность по уходу с обеспечением проживания,87,2021.0,109.0
Деятельность по уходу с обеспечением проживания,87,2022.0,190.0
Деятельность по уходу с обеспечением проживания,87,2023.0,86.0
Деятельность по уходу с обеспечением проживания,87,2024.0,67.0
Деятельность по уходу с обеспечением проживания,87,2025.0,53.0
Деятельность по медицинскому уходу с обеспечением проживания,87.10,2021.0,2.0
Деятельность по медицинскому уходу с обеспечением проживания,87.10,2022.0,3.0
Деятельность по уходу за престарелыми и инвалидами с обеспечением проживания,87.30,2021.0,21.0
Деятельность по уходу за престарелыми и инвалидами с обеспечением проживания,87.30,2022.0,38.0
Деятельность по уходу за престарелыми и инвалидами с обеспечением проживания,87.30,2023.0,20.0
Деятельность по уходу за престарелыми и инвалидами с обеспечением проживания,87.30,2024.0,12.0
Деятельность по уходу за престарелыми и инвалидами с обеспечением проживания,87.30,2025.0,5.0
Деятельность по уходу с обеспечением проживания прочая,87.90,2021.0,86.0
Деятельность по уходу с обеспечением проживания прочая,87.90,2022.0,149.0
Деятельность по уходу с обеспечением проживания прочая,87.90,2023.0,66.0
Деятельность по уходу с обеспечением проживания прочая,87.90,2024.0,55.0
Деятельность по уходу с обеспечением проживания прочая,87.90,2025.0,48.0
Предоставление социальных услуг без обеспечения проживания,88,2021.0,102.0
Предоставление социальных услуг без обеспечения проживания,88,2022.0,236.0
Предоставление социальных услуг без обеспечения проживания,88,2023.0,129.0
Предоставление социальных услуг без обеспечения проживания,88,2024.0,118.0
Предоставление социальных услуг без обеспечения проживания,88,2025.0,123.0
Предоставление социальных услуг без обеспечения проживания престарелым и инвалидам,88.10,2021.0,72.0
Предоставление социальных услуг без обеспечения проживания престарелым и инвалидам,88.10,2022.0,147.0
Предоставление социальных услуг без обеспечения проживания престарелым и инвалидам,88.10,2023.0,69.0
Предоставление социальных услуг без обеспечения проживания престарелым и инвалидам,88.10,2024.0,66.0
Предоставление социальных услуг без обеспечения проживания престарелым и инвалидам,88.10,2025.0,60.0
Предоставление прочих социальных услуг без обеспечения проживания,88.9,2021.0,30.0
Предоставление прочих социальных услуг без обеспечения проживания,88.9,2022.0,89.0
Предоставление прочих социальных услуг без обеспечения проживания,88.9,2023.0,60.0
Предоставление прочих социальных услуг без обеспечения проживания,88.9,2024.0,52.0
Предоставление прочих социальных услуг без обеспечения проживания,88.9,2025.0,63.0
Предоставление услуг по дневному уходу за детьми,88.91,2022.0,5.0
Предоставление услуг по дневному уходу за детьми,88.91,2023.0,4.0
Предоставление услуг по дневному уходу за детьми,88.91,2024.0,4.0
Предоставление услуг по дневному уходу за детьми,88.91,2025.0,4.0
"Предоставление прочих социальных услуг без обеспечения проживания, не включенных в другие группировки",88.99,2021.0,30.0
"Предоставление прочих социальных услуг без обеспечения проживания, не включенных в другие группировки",88.99,2022.0,84.0
"Предоставление прочих социальных услуг без обеспечения проживания, не включенных в другие группировки",88.99,2023.0,56.0
"Предоставление прочих социальных услуг без обеспечения проживания, не включенных в другие группировки",88.99,2024.0,48.0
"Предоставление прочих социальных услуг без обеспечения проживания, не включенных в другие группировки",88.99,2025.0,59.0
"Деятельность творческая, деятельность в области искусства и организации развлечений",90.0,2021.0,218.0
"Деятельность творческая, деятельность в области искусства и организации развлечений",90.0,2022.0,482.0
"Деятельность творческая, деятельность в области искусства и организации развлечений",90.0,2023.0,241.0
"Деятельность творческая, деятельность в области искусства и организации развлечений",90.0,2024.0,220.0
"Деятельность творческая, деятельность в области искусства и организации развлечений",90.0,2025.0,199.0
Деятельность в области исполнительских искусств,90.01,2021.0,20.0
Деятельность в области исполнительских искусств,90.01,2022.0,50.0
Деятельность в области исполнительских искусств,90.01,2023.0,27.0
Деятельность в области исполнительских искусств,90.01,2024.0,28.0
Деятельность в области исполнительских искусств,90.01,2025.0,31.0
"Деятельность вспомогательная, связанная с исполнительскими искусствами",90.02,2021.0,2.0
"Деятельность вспомогательная, связанная с исполнительскими искусствами",90.02,2022.0,1.0
"Деятельность вспомогательная, связанная с исполнительскими искусствами",90.02,2024.0,2.0
"Деятельность вспомогательная, связанная с исполнительскими искусствами",90.02,2025.0,1.0
Деятельность в области художественного творчества,90.03,2021.0,3.0
Деятельность в области художественного творчества,90.03,2022.0,8.0
Деятельность в области художественного творчества,90.03,2023.0,3.0
Деятельность в области художественного творчества,90.03,2024.0,6.0
Деятельность в области художественного творчества,90.03,2025.0,7.0
Деятельность учреждений культуры и искусства,90.04,2021.0,193.0
Деятельность учреждений культуры и искусства,90.04,2022.0,423.0
Деятельность учреждений культуры и искусства,90.04,2023.0,211.0
Деятельность учреждений культуры и искусства,90.04,2024.0,184.0
Деятельность учреждений культуры и искусства,90.04,2025.0,160.0
"Деятельность концертных залов, театров, оперных зданий, мюзик-холлов, включая услуги билетных касс",90.04.1,2021.0,15.0
"Деятельность концертных залов, театров, оперных зданий, мюзик-холлов, включая услуги билетных касс",90.04.1,2022.0,42.0
"Деятельность концертных залов, театров, оперных зданий, мюзик-холлов, включая услуги билетных касс",90.04.1,2023.0,27.0
"Деятельность концертных залов, театров, оперных зданий, мюзик-холлов, включая услуги билетных касс",90.04.1,2024.0,28.0
"Деятельность концертных залов, театров, оперных зданий, мюзик-холлов, включая услуги билетных касс",90.04.1,2025.0,26.0
Деятельность многоцелевых центров и подобных заведений с преобладанием культурного обслуживания,90.04.2,2021.0,38.0
Деятельность многоцелевых центров и подобных заведений с преобладанием культурного обслуживания,90.04.2,2022.0,72.0
Деятельность многоцелевых центров и подобных заведений с преобладанием культурного обслуживания,90.04.2,2023.0,34.0
Деятельность многоцелевых центров и подобных заведений с преобладанием культурного обслуживания,90.04.2,2024.0,32.0
Деятельность многоцелевых центров и подобных заведений с преобладанием культурного обслуживания,90.04.2,2025.0,31.0
"Деятельность учреждений клубного типа: клубов, дворцов и домов культуры, домов народного творчества",90.04.3,2021.0,122.0
"Деятельность учреждений клубного типа: клубов, дворцов и домов культуры, домов народного творчества",90.04.3,2022.0,260.0
"Деятельность учреждений клубного типа: клубов, дворцов и домов культуры, домов народного творчества",90.04.3,2023.0,121.0
"Деятельность учреждений клубного типа: клубов, дворцов и домов культуры, домов народного творчества",90.04.3,2024.0,103.0
"Деятельность учреждений клубного типа: клубов, дворцов и домов культуры, домов народного творчества",90.04.3,2025.0,78.0
"Деятельность библиотек, архивов, музеев и прочих объектов культуры",91.0,2021.0,174.0
"Деятельность библиотек, архивов, музеев и прочих объектов культуры",91.0,2022.0,329.0
"Деятельность библиотек, архивов, музеев и прочих объектов культуры",91.0,2023.0,182.0
"Деятельность библиотек, архивов, музеев и прочих объектов культуры",91.0,2024.0,164.0
"Деятельность библиотек, архивов, музеев и прочих объектов культуры",91.0,2025.0,162.0
Деятельность библиотек и архивов,91.01,2021.0,125.0
Деятельность библиотек и архивов,91.01,2022.0,206.0
Деятельность библиотек и архивов,91.01,2023.0,127.0
Деятельность библиотек и архивов,91.01,2024.0,114.0
Деятельность библиотек и архивов,91.01,2025.0,113.0
Деятельность музеев,91.02,2021.0,40.0
Деятельность музеев,91.02,2022.0,98.0
Деятельность музеев,91.02,2023.0,44.0
Деятельность музеев,91.02,2024.0,42.0
Деятельность музеев,91.02,2025.0,43.0
"Деятельность по охране исторических мест и зданий, памятников культуры",91.03,2021.0,1.0
"Деятельность по охране исторических мест и зданий, памятников культуры",91.03,2022.0,4.0
"Деятельность по охране исторических мест и зданий, памятников культуры",91.03,2024.0,3.0
"Деятельность по охране исторических мест и зданий, памятников культуры",91.03,2025.0,2.0
"Деятельность ботанических садов, зоопарков, государственных природных заповедников и национальных парков",91.04,2021.0,8.0
"Деятельность ботанических садов, зоопарков, государственных природных заповедников и национальных парков",91.04,2022.0,21.0
"Деятельность ботанических садов, зоопарков, государственных природных заповедников и национальных парков",91.04,2023.0,11.0
"Деятельность ботанических садов, зоопарков, государственных природных заповедников и национальных парков",91.04,2024.0,5.0
"Деятельность ботанических садов, зоопарков, государственных природных заповедников и национальных парков",91.04,2025.0,4.0
Деятельность зоопарков,91.04.1,2021.0,1.0
Деятельность зоопарков,91.04.1,2022.0,4.0
Деятельность зоопарков,91.04.1,2023.0,1.0
Деятельность государственных природных заповедников (в том числе биосферных),91.04.2,2021.0,2.0
Деятельность государственных природных заповедников (в том числе биосферных),91.04.2,2022.0,4.0
Деятельность государственных природных заповедников (в том числе биосферных),91.04.2,2023.0,3.0
Деятельность государственных природных заповедников (в том числе биосферных),91.04.2,2024.0,1.0
Деятельность государственных природных заповедников (в том числе биосферных),91.04.2,2025.0,1.0
Деятельность национальных парков,91.04.3,2023.0,1.0
Деятельность национальных парков,91.04.3,2024.0,1.0
Деятельность национальных парков,91.04.3,2025.0,1.0
Деятельность природных заказников,91.04.5,2022.0,1.0
Деятельность природных заказников,91.04.5,2023.0,1.0
"Деятельность по организации и проведению азартных игр и заключению пари, по организации и проведению лотерей",92,2021.0,2.0
"Деятельность по организации и проведению азартных игр и заключению пари, по организации и проведению лотерей",92,2022.0,3.0
"Деятельность по организации и проведению азартных игр и заключению пари, по организации и проведению лотерей",92,2023.0,9.0
"Деятельность по организации и проведению азартных игр и заключению пари, по организации и проведению лотерей",92,2024.0,3.0
"Деятельность по организации и проведению азартных игр и заключению пари, по организации и проведению лотерей",92,2025.0,3.0
Деятельность по организации и проведению азартных игр и заключения пари,92.1,2021.0,1.0
Деятельность по организации и проведению азартных игр и заключения пари,92.1,2022.0,2.0
Деятельность по организации и проведению азартных игр и заключения пари,92.1,2023.0,7.0
Деятельность казино,92.11,2022.0,1.0
Деятельность по организации заключения пари,92.13,2021.0,1.0
Деятельность по организации заключения пари,92.13,2022.0,1.0
Деятельность по организации заключения пари,92.13,2023.0,7.0
Деятельность по организации и проведению лотерей,92.2,2021.0,1.0
Деятельность по организации и проведению лотерей,92.2,2022.0,1.0
Деятельность по организации и проведению лотерей,92.2,2023.0,2.0
Деятельность по организации и проведению лотерей,92.2,2024.0,3.0
Деятельность по организации и проведению лотерей,92.2,2025.0,3.0
Деятельность операторов лотерей,92.22,2024.0,1.0
Деятельность операторов лотерей,92.22,2025.0,1.0
Деятельность распространителей лотерейных билетов,92.23,2021.0,1.0
Деятельность распространителей лотерейных билетов,92.23,2022.0,1.0
Деятельность распространителей лотерейных билетов,92.23,2023.0,2.0
Деятельность распространителей лотерейных билетов,92.23,2024.0,2.0
Деятельность распространителей лотерейных билетов,92.23,2025.0,2.0
"Деятельность в области спорта, отдыха и развлечений",93,2021.0,168.0
"Деятельность в области спорта, отдыха и развлечений",93,2022.0,372.0
"Деятельность в области спорта, отдыха и развлечений",93,2023.0,157.0
"Деятельность в области спорта, отдыха и развлечений",93,2024.0,140.0
"Деятельность в области спорта, отдыха и развлечений",93,2025.0,134.0
Деятельность в области спорта,93.1,2021.0,139.0
Деятельность в области спорта,93.1,2022.0,319.0
Деятельность в области спорта,93.1,2023.0,142.0
Деятельность в области спорта,93.1,2024.0,118.0
Деятельность в области спорта,93.1,2025.0,114.0
Деятельность спортивных объектов,93.11,2021.0,50.0
Деятельность спортивных объектов,93.11,2022.0,115.0
Деятельность спортивных объектов,93.11,2023.0,54.0
Деятельность спортивных объектов,93.11,2024.0,39.0
Деятельность спортивных объектов,93.11,2025.0,36.0
Деятельность спортивных клубов,93.12,2021.0,13.0
Деятельность спортивных клубов,93.12,2022.0,33.0
Деятельность спортивных клубов,93.12,2023.0,19.0
Деятельность спортивных клубов,93.12,2024.0,11.0
Деятельность спортивных клубов,93.12,2025.0,16.0
Деятельность фитнес-центров,93.13,2021.0,2.0
Деятельность фитнес-центров,93.13,2022.0,2.0
Деятельность фитнес-центров,93.13,2023.0,2.0
Деятельность фитнес-центров,93.13,2024.0,2.0
Деятельность фитнес-центров,93.13,2025.0,1.0
Деятельность в области спорта прочая,93.19,2021.0,74.0
Деятельность в области спорта прочая,93.19,2022.0,169.0
Деятельность в области спорта прочая,93.19,2023.0,67.0
Деятельность в области спорта прочая,93.19,2024.0,66.0
Деятельность в области спорта прочая,93.19,2025.0,61.0
Деятельность в области отдыха и развлечений,93.2,2021.0,29.0
Деятельность в области отдыха и развлечений,93.2,2022.0,53.0
Деятельность в области отдыха и развлечений,93.2,2023.0,15.0
Деятельность в области отдыха и развлечений,93.2,2024.0,22.0
Деятельность в области отдыха и развлечений,93.2,2025.0,20.0
Деятельность парков культуры и отдыха и тематических парков,93.21,2021.0,5.0
Деятельность парков культуры и отдыха и тематических парков,93.21,2022.0,13.0
Деятельность парков культуры и отдыха и тематических парков,93.21,2023.0,2.0
Деятельность парков культуры и отдыха и тематических парков,93.21,2024.0,4.0
Деятельность парков культуры и отдыха и тематических парков,93.21,2025.0,7.0
Деятельность зрелищно-развлекательная прочая,93.29,2021.0,24.0
Деятельность зрелищно-развлекательная прочая,93.29,2022.0,40.0
Деятельность по организации отдыха и развлечений прочая,93.29,2023.0,13.0
Деятельность по организации отдыха и развлечений прочая,93.29,2024.0,18.0
Деятельность по организации отдыха и развлечений прочая,93.29,2025.0,13.0
Деятельность парков отдыха и пляжей,93.29.1,2021.0,1.0
Деятельность парков отдыха и пляжей,93.29.1,2022.0,1.0
"Деятельность танцплощадок, дискотек, школ танцев",93.29.2,2021.0,2.0
"Деятельность танцплощадок, дискотек, школ танцев",93.29.2,2022.0,4.0
"Деятельность танцплощадок, дискотек, школ танцев",93.29.2,2023.0,1.0
"Деятельность танцплощадок, дискотек, школ танцев",93.29.2,2024.0,2.0
"Деятельность танцплощадок, дискотек, школ танцев",93.29.2,2025.0,1.0
"Деятельность зрелищно-развлекательная прочая, не включенная в другие группировки",93.29.9,2021.0,18.0
"Деятельность зрелищно-развлекательная прочая, не включенная в другие группировки",93.29.9,2022.0,26.0
"Деятельность зрелищно-развлекательная прочая, не включенная в другие группировки",93.29.9,2023.0,8.0
"Деятельность зрелищно-развлекательная прочая, не включенная в другие группировки",93.29.9,2024.0,11.0
"Деятельность зрелищно-развлекательная прочая, не включенная в другие группировки",93.29.9,2025.0,8.0
"Ремонт компьютеров, предметов личного потребления и хозяйственно-бытового назначения",95,2021.0,7.0
"Ремонт компьютеров, предметов личного потребления и хозяйственно-бытового назначения",95,2022.0,10.0
"Ремонт компьютеров, предметов личного потребления и хозяйственно-бытового назначения",95,2023.0,5.0
"Ремонт компьютеров, предметов личного потребления и хозяйственно-бытового назначения",95,2024.0,2.0
"Ремонт компьютеров, предметов личного потребления и хозяйственно-бытового назначения",95,2025.0,4.0
Ремонт компьютеров и коммуникационного оборудования,95.1,2022.0,8.0
Ремонт компьютеров и коммуникационного оборудования,95.1,2023.0,5.0
Ремонт компьютеров и коммуникационного оборудования,95.1,2024.0,2.0
Ремонт компьютеров и коммуникационного оборудования,95.1,2025.0,2.0
Ремонт компьютеров и периферийного компьютерного оборудования,95.11,2022.0,4.0
Ремонт компьютеров и периферийного компьютерного оборудования,95.11,2023.0,3.0
Ремонт компьютеров и периферийного компьютерного оборудования,95.11,2024.0,2.0
Ремонт компьютеров и периферийного компьютерного оборудования,95.11,2025.0,2.0
Ремонт коммуникационного оборудования,95.12,2022.0,4.0
Ремонт коммуникационного оборудования,95.12,2023.0,2.0
Ремонт предметов личного потребления и хозяйственно-бытового назначения,95.2,2022.0,2.0
Ремонт предметов личного потребления и хозяйственно-бытового назначения,95.2,2025.0,2.0
Ремонт электронной бытовой техники,95.21,2022.0,1.0
Ремонт электронной бытовой техники,95.21,2025.0,1.0
"Ремонт бытовых приборов, домашнего и садового инвентаря",95.22,2022.0,1.0
"Ремонт бытовых приборов, домашнего и садового инвентаря",95.22,2025.0,1.0
Ремонт бытовой техники,95.22.1,2022.0,1.0
"СЕЛЬСКОЕ, ЛЕСНОЕ ХОЗЯЙСТВО, ОХОТА, РЫБОЛОВСТВО И РЫБОВОДСТВО",A,2021.0,226.0
"СЕЛЬСКОЕ, ЛЕСНОЕ ХОЗЯЙСТВО, ОХОТА, РЫБОЛОВСТВО И РЫБОВОДСТВО",A,2022.0,366.0
"СЕЛЬСКОЕ, ЛЕСНОЕ ХОЗЯЙСТВО, ОХОТА, РЫБОЛОВСТВО И РЫБОВОДСТВО",A,2023.0,184.0
"СЕЛЬСКОЕ, ЛЕСНОЕ ХОЗЯЙСТВО, ОХОТА, РЫБОЛОВСТВО И РЫБОВОДСТВО",A,2024.0,142.0
"СЕЛЬСКОЕ, ЛЕСНОЕ ХОЗЯЙСТВО, ОХОТА, РЫБОЛОВСТВО И РЫБОВОДСТВО",A,2025.0,136.0
ДОБЫЧА ПОЛЕЗНЫХ ИСКОПАЕМЫХ,B,2021.0,92.0
ДОБЫЧА ПОЛЕЗНЫХ ИСКОПАЕМЫХ,B,2022.0,113.0
ДОБЫЧА ПОЛЕЗНЫХ ИСКОПАЕМЫХ,B,2023.0,70.0
ДОБЫЧА ПОЛЕЗНЫХ ИСКОПАЕМЫХ,B,2024.0,75.0
ДОБЫЧА ПОЛЕЗНЫХ ИСКОПАЕМЫХ,B,2025.0,71.0
ОБРАБАТЫВАЮЩИЕ ПРОИЗВОДСТВА,C,2021.0,733.0
ОБРАБАТЫВАЮЩИЕ ПРОИЗВОДСТВА,C,2022.0,1065.0
ОБРАБАТЫВАЮЩИЕ ПРОИЗВОДСТВА,C,2023.0,718.0
ОБРАБАТЫВАЮЩИЕ ПРОИЗВОДСТВА,C,2024.0,711.0
ОБРАБАТЫВАЮЩИЕ ПРОИЗВОДСТВА,C,2025.0,783.0
"ОБЕСПЕЧЕНИЕ ЭЛЕКТРИЧЕСКОЙ ЭНЕРГИЕЙ, ГАЗОМ И ПАРОМ; КОНДИЦИОНИРОВАНИЕ ВОЗДУХА",D,2021.0,216.0
"ОБЕСПЕЧЕНИЕ ЭЛЕКТРИЧЕСКОЙ ЭНЕРГИЕЙ, ГАЗОМ И ПАРОМ; КОНДИЦИОНИРОВАНИЕ ВОЗДУХА",D,2022.0,265.0
"ОБЕСПЕЧЕНИЕ ЭЛЕКТРИЧЕСКОЙ ЭНЕРГИЕЙ, ГАЗОМ И ПАРОМ; КОНДИЦИОНИРОВАНИЕ ВОЗДУХА",D,2023.0,233.0
"ОБЕСПЕЧЕНИЕ ЭЛЕКТРИЧЕСКОЙ ЭНЕРГИЕЙ, ГАЗОМ И ПАРОМ; КОНДИЦИОНИРОВАНИЕ ВОЗДУХА",D,2024.0,242.0
"ОБЕСПЕЧЕНИЕ ЭЛЕКТРИЧЕСКОЙ ЭНЕРГИЕЙ, ГАЗОМ И ПАРОМ; КОНДИЦИОНИРОВАНИЕ ВОЗДУХА",D,2025.0,264.0
"ВОДОСНАБЖЕНИЕ; ВОДООТВЕДЕНИЕ, ОРГАНИЗАЦИЯ СБОРА И УТИЛИЗАЦИИ ОТХОДОВ, ДЕЯТЕЛЬНОСТЬ ПО ЛИКВИДАЦИИ ЗАГРЯЗНЕНИЙ",E,2021.0,110.0
"ВОДОСНАБЖЕНИЕ; ВОДООТВЕДЕНИЕ, ОРГАНИЗАЦИЯ СБОРА И УТИЛИЗАЦИИ ОТХОДОВ, ДЕЯТЕЛЬНОСТЬ ПО ЛИКВИДАЦИИ ЗАГРЯЗНЕНИЙ",E,2022.0,200.0
"ВОДОСНАБЖЕНИЕ; ВОДООТВЕДЕНИЕ, ОРГАНИЗАЦИЯ СБОРА И УТИЛИЗАЦИИ ОТХОДОВ, ДЕЯТЕЛЬНОСТЬ ПО ЛИКВИДАЦИИ ЗАГРЯЗНЕНИЙ",E,2023.0,126.0
"ВОДОСНАБЖЕНИЕ; ВОДООТВЕДЕНИЕ, ОРГАНИЗАЦИЯ СБОРА И УТИЛИЗАЦИИ ОТХОДОВ, ДЕЯТЕЛЬНОСТЬ ПО ЛИКВИДАЦИИ ЗАГРЯЗНЕНИЙ",E,2024.0,110.0
"ВОДОСНАБЖЕНИЕ; ВОДООТВЕДЕНИЕ, ОРГАНИЗАЦИЯ СБОРА И УТИЛИЗАЦИИ ОТХОДОВ, ДЕЯТЕЛЬНОСТЬ ПО ЛИКВИДАЦИИ ЗАГРЯЗНЕНИЙ",E,2025.0,90.0
СТРОИТЕЛЬСТВО,F,2021.0,156.0
СТРОИТЕЛЬСТВО,F,2022.0,327.0
СТРОИТЕЛЬСТВО,F,2023.0,214.0
СТРОИТЕЛЬСТВО,F,2024.0,203.0
СТРОИТЕЛЬСТВО,F,2025.0,182.0
ТОРГОВЛЯ ОПТОВАЯ И РОЗНИЧНАЯ; РЕМОНТ АВТОТРАНСПОРТНЫХ СРЕДСТВ И МОТОЦИКЛОВ,G,2021.0,7717.0
ТОРГОВЛЯ ОПТОВАЯ И РОЗНИЧНАЯ; РЕМОНТ АВТОТРАНСПОРТНЫХ СРЕДСТВ И МОТОЦИКЛОВ,G,2022.0,8294.0
ТОРГОВЛЯ ОПТОВАЯ И РОЗНИЧНАЯ; РЕМОНТ АВТОТРАНСПОРТНЫХ СРЕДСТВ И МОТОЦИКЛОВ,G,2023.0,6674.0
ТОРГОВЛЯ ОПТОВАЯ И РОЗНИЧНАЯ; РЕМОНТ АВТОТРАНСПОРТНЫХ СРЕДСТВ И МОТОЦИКЛОВ,G,2024.0,6782.0
ТОРГОВЛЯ ОПТОВАЯ И РОЗНИЧНАЯ; РЕМОНТ АВТОТРАНСПОРТНЫХ СРЕДСТВ И МОТОЦИКЛОВ,G,2025.0,7225.0
ТРАНСПОРТИРОВКА И ХРАНЕНИЕ,H,2021.0,674.0
ТРАНСПОРТИРОВКА И ХРАНЕНИЕ,H,2022.0,833.0
ТРАНСПОРТИРОВКА И ХРАНЕНИЕ,H,2023.0,636.0
ТРАНСПОРТИРОВКА И ХРАНЕНИЕ,H,2024.0,643.0
ТРАНСПОРТИРОВКА И ХРАНЕНИЕ,H,2025.0,569.0
ДЕЯТЕЛЬНОСТЬ ГОСТИНИЦ И ПРЕДПРИЯТИЙ ОБЩЕСТВЕННОГО ПИТАНИЯ,I,2021.0,355.0
ДЕЯТЕЛЬНОСТЬ ГОСТИНИЦ И ПРЕДПРИЯТИЙ ОБЩЕСТВЕННОГО ПИТАНИЯ,I,2022.0,151.0
ДЕЯТЕЛЬНОСТЬ ГОСТИНИЦ И ПРЕДПРИЯТИЙ ОБЩЕСТВЕННОГО ПИТАНИЯ,I,2023.0,97.0
ДЕЯТЕЛЬНОСТЬ ГОСТИНИЦ И ПРЕДПРИЯТИЙ ОБЩЕСТВЕННОГО ПИТАНИЯ,I,2024.0,64.0
ДЕЯТЕЛЬНОСТЬ ГОСТИНИЦ И ПРЕДПРИЯТИЙ ОБЩЕСТВЕННОГО ПИТАНИЯ,I,2025.0,63.0
ДЕЯТЕЛЬНОСТЬ В ОБЛАСТИ ИНФОРМАЦИИ И СВЯЗИ,J,2021.0,1267.0
ДЕЯТЕЛЬНОСТЬ В ОБЛАСТИ ИНФОРМАЦИИ И СВЯЗИ,J,2022.0,1326.0
ДЕЯТЕЛЬНОСТЬ В ОБЛАСТИ ИНФОРМАЦИИ И СВЯЗИ,J,2023.0,1203.0
ДЕЯТЕЛЬНОСТЬ В ОБЛАСТИ ИНФОРМАЦИИ И СВЯЗИ,J,2024.0,1412.0
ДЕЯТЕЛЬНОСТЬ В ОБЛАСТИ ИНФОРМАЦИИ И СВЯЗИ,J,2025.0,1729.0
ДЕЯТЕЛЬНОСТЬ ФИНАНСОВАЯ И СТРАХОВАЯ,K,2021.0,1944.0
ДЕЯТЕЛЬНОСТЬ ФИНАНСОВАЯ И СТРАХОВАЯ,K,2022.0,1157.0
ДЕЯТЕЛЬНОСТЬ ФИНАНСОВАЯ И СТРАХОВАЯ,K,2023.0,1049.0
ДЕЯТЕЛЬНОСТЬ ФИНАНСОВАЯ И СТРАХОВАЯ,K,2024.0,1021.0
ДЕЯТЕЛЬНОСТЬ ФИНАНСОВАЯ И СТРАХОВАЯ,K,2025.0,1154.0
ДЕЯТЕЛЬНОСТЬ ПО ОПЕРАЦИЯМ С НЕДВИЖИМЫМ ИМУЩЕСТВОМ,L,2021.0,308.0
ДЕЯТЕЛЬНОСТЬ ПО ОПЕРАЦИЯМ С НЕДВИЖИМЫМ ИМУЩЕСТВОМ,L,2022.0,489.0
ДЕЯТЕЛЬНОСТЬ ПО ОПЕРАЦИЯМ С НЕДВИЖИМЫМ ИМУЩЕСТВОМ,L,2023.0,395.0
ДЕЯТЕЛЬНОСТЬ ПО ОПЕРАЦИЯМ С НЕДВИЖИМЫМ ИМУЩЕСТВОМ,L,2024.0,217.0
ДЕЯТЕЛЬНОСТЬ ПО ОПЕРАЦИЯМ С НЕДВИЖИМЫМ ИМУЩЕСТВОМ,L,2025.0,179.0
"ДЕЯТЕЛЬНОСТЬ ПРОФЕССИОНАЛЬНАЯ, НАУЧНАЯ И ТЕХНИЧЕСКАЯ",M,2021.0,714.0
"ДЕЯТЕЛЬНОСТЬ ПРОФЕССИОНАЛЬНАЯ, НАУЧНАЯ И ТЕХНИЧЕСКАЯ",M,2022.0,1147.0
"ДЕЯТЕЛЬНОСТЬ ПРОФЕССИОНАЛЬНАЯ, НАУЧНАЯ И ТЕХНИЧЕСКАЯ",M,2023.0,812.0
"ДЕЯТЕЛЬНОСТЬ ПРОФЕССИОНАЛЬНАЯ, НАУЧНАЯ И ТЕХНИЧЕСКАЯ",M,2024.0,802.0
"ДЕЯТЕЛЬНОСТЬ ПРОФЕССИОНАЛЬНАЯ, НАУЧНАЯ И ТЕХНИЧЕСКАЯ",M,2025.0,874.0
ДЕЯТЕЛЬНОСТЬ АДМИНИСТРАТИВНАЯ И СОПУТСТВУЮЩИЕ ДОПОЛНИТЕЛЬНЫЕ УСЛУГИ,N,2021.0,285.0
ДЕЯТЕЛЬНОСТЬ АДМИНИСТРАТИВНАЯ И СОПУТСТВУЮЩИЕ ДОПОЛНИТЕЛЬНЫЕ УСЛУГИ,N,2022.0,402.0
ДЕЯТЕЛЬНОСТЬ АДМИНИСТРАТИВНАЯ И СОПУТСТВУЮЩИЕ ДОПОЛНИТЕЛЬНЫЕ УСЛУГИ,N,2023.0,268.0
ДЕЯТЕЛЬНОСТЬ АДМИНИСТРАТИВНАЯ И СОПУТСТВУЮЩИЕ ДОПОЛНИТЕЛЬНЫЕ УСЛУГИ,N,2024.0,232.0
ДЕЯТЕЛЬНОСТЬ АДМИНИСТРАТИВНАЯ И СОПУТСТВУЮЩИЕ ДОПОЛНИТЕЛЬНЫЕ УСЛУГИ,N,2025.0,238.0
ГОСУДАРСТВЕННОЕ УПРАВЛЕНИЕ И ОБЕСПЕЧЕНИЕ ВОЕННОЙ БЕЗОПАСНОСТИ; СОЦИАЛЬНОЕ ОБЕСПЕЧЕНИЕ,O,2021.0,1042.0
ГОСУДАРСТВЕННОЕ УПРАВЛЕНИЕ И ОБЕСПЕЧЕНИЕ ВОЕННОЙ БЕЗОПАСНОСТИ; СОЦИАЛЬНОЕ ОБЕСПЕЧЕНИЕ,O,2022.0,1980.0
ГОСУДАРСТВЕННОЕ УПРАВЛЕНИЕ И ОБЕСПЕЧЕНИЕ ВОЕННОЙ БЕЗОПАСНОСТИ; СОЦИАЛЬНОЕ ОБЕСПЕЧЕНИЕ,O,2023.0,1163.0
ГОСУДАРСТВЕННОЕ УПРАВЛЕНИЕ И ОБЕСПЕЧЕНИЕ ВОЕННОЙ БЕЗОПАСНОСТИ; СОЦИАЛЬНОЕ ОБЕСПЕЧЕНИЕ,O,2024.0,921.0
ГОСУДАРСТВЕННОЕ УПРАВЛЕНИЕ И ОБЕСПЕЧЕНИЕ ВОЕННОЙ БЕЗОПАСНОСТИ; СОЦИАЛЬНОЕ ОБЕСПЕЧЕНИЕ,O,2025.0,832.0
ДЕЯТЕЛЬНОСТЬ В ОБЛАСТИ ЗДРАВООХРАНЕНИЯ И СОЦИАЛЬНЫХ УСЛУГ,Q,2021.0,561.0
ДЕЯТЕЛЬНОСТЬ В ОБЛАСТИ ЗДРАВООХРАНЕНИЯ И СОЦИАЛЬНЫХ УСЛУГ,Q,2022.0,1081.0
ДЕЯТЕЛЬНОСТЬ В ОБЛАСТИ ЗДРАВООХРАНЕНИЯ И СОЦИАЛЬНЫХ УСЛУГ,Q,2023.0,702.0
ДЕЯТЕЛЬНОСТЬ В ОБЛАСТИ ЗДРАВООХРАНЕНИЯ И СОЦИАЛЬНЫХ УСЛУГ,Q,2024.0,838.0
ДЕЯТЕЛЬНОСТЬ В ОБЛАСТИ ЗДРАВООХРАНЕНИЯ И СОЦИАЛЬНЫХ УСЛУГ,Q,2025.0,948.0
"ДЕЯТЕЛЬНОСТЬ В ОБЛАСТИ КУЛЬТУРЫ, СПОРТА, ОРГАНИЗАЦИИ ДОСУГА И РАЗВЛЕЧЕНИЙ",R,2021.0,562.0
"ДЕЯТЕЛЬНОСТЬ В ОБЛАСТИ КУЛЬТУРЫ, СПОРТА, ОРГАНИЗАЦИИ ДОСУГА И РАЗВЛЕЧЕНИЙ",R,2022.0,1186.0
"ДЕЯТЕЛЬНОСТЬ В ОБЛАСТИ КУЛЬТУРЫ, СПОРТА, ОРГАНИЗАЦИИ ДОСУГА И РАЗВЛЕЧЕНИЙ",R,2023.0,589.0
"ДЕЯТЕЛЬНОСТЬ В ОБЛАСТИ КУЛЬТУРЫ, СПОРТА, ОРГАНИЗАЦИИ ДОСУГА И РАЗВЛЕЧЕНИЙ",R,2024.0,527.0
"ДЕЯТЕЛЬНОСТЬ В ОБЛАСТИ КУЛЬТУРЫ, СПОРТА, ОРГАНИЗАЦИИ ДОСУГА И РАЗВЛЕЧЕНИЙ",R,2025.0,498.0
