sector,okved2,year,RDcosts_s
"Растениеводство и животноводство, охота и предоставление соответствующих услуг в этих областях",01,2017,480.5966
"Растениеводство и животноводство, охота и предоставление соответствующих услуг в этих областях",01,2018,401.5427
"Растениеводство и животноводство, охота и предоставление соответствующих услуг в этих областях",01,2019,332.1868
"Растениеводство и животноводство, охота и предоставление соответствующих услуг в этих областях",01,2020,644.7164
"Растениеводство и животноводство, охота и предоставление соответствующих услуг в этих областях",01,2021,481.1109
"Растениеводство и животноводство, охота и предоставление соответствующих услуг в этих областях",01,2022,502.6592
"Растениеводство и животноводство, охота и предоставление соответствующих услуг в этих областях",01,2023,485.4744
"Растениеводство и животноводство, охота и предоставление соответствующих услуг в этих областях",01,2024,565.9757
"Растениеводство и животноводство, охота и предоставление соответствующих услуг в этих областях",01,2025,551.0135
Выращивание однолетних культур,01.1,2024,108.6482
Выращивание однолетних культур,01.1,2025,91.5985
Животноводство,01.4,2025,139.239
Деятельность вспомогательная в области производства сельскохозяйственных культур и послеуборочной обработки сельхозпродукции,01.6,2024,347.09540000000004
Деятельность вспомогательная в области производства сельскохозяйственных культур и послеуборочной обработки сельхозпродукции,01.6,2025,315.258
Предоставление услуг в области растениеводства,01.61,2024,234.031
Предоставление услуг в области растениеводства,01.61,2025,231.11
Предоставление услуг в области добычи полезных ископаемых,09,2019,29.2717
Предоставление услуг в области добычи полезных ископаемых,09,2020,37.8656
Предоставление услуг в области добычи полезных ископаемых,09,2021,304.7557
Предоставление услуг в области добычи полезных ископаемых,09,2022,312.37859999999995
Предоставление услуг в области добычи полезных ископаемых,09,2023,989.3081
Предоставление услуг в области добычи полезных ископаемых,09,2024,230.7295
Предоставление услуг в области добычи полезных ископаемых,09,2025,174.01270000000002
Предоставление услуг в области добычи нефти и природного газа,09.10,2024,230.7295
Предоставление услуг в области добычи нефти и природного газа,09.10,2025,174.01270000000002
Предоставление прочих услуг в области добычи нефти и природного газа,09.10.9,2024,197.3906
Предоставление прочих услуг в области добычи нефти и природного газа,09.10.9,2025,104.0555
Производство пищевых продуктов,10,2017,214.9772
Производство пищевых продуктов,10,2018,54.3237
 Производство пищевых продуктов,10,2019,209.5748
 Производство пищевых продуктов,10,2020,200.723
 Производство пищевых продуктов,10,2021,435.2232
 Производство пищевых продуктов,10,2022,931.4945
Производство пищевых продуктов,10,2023,1319.9133
Производство пищевых продуктов,10,2024,1162.5033
Производство пищевых продуктов,10,2025,598.4385
Производство прочих пищевых продуктов,10.8,2024,772.3259
Производство прочих пищевых продуктов,10.8,2025,399.3268
"Производство прочих пищевых продуктов, не включенных в другие группировки",10.89,2024,772.3259
"Производство прочих пищевых продуктов, не включенных в другие группировки",10.89,2025,304.7619
"Производство прочих продуктов питания, не включенных в другие группировки",10.89.9,2024,10.7006
Всего по обследуемым видам экономической деятельности,101.АГ,2017,1356247.4298
Всего по обследуемым видам экономической деятельности,101.АГ,2018,1395893.7570999998
Всего по обследуемым видам экономической деятельности,101.АГ,2019,1464241.1583
Всего по обследуемым видам экономической деятельности,101.АГ,2020,1550737.1604000002
Всего по обследуемым видам экономической деятельности,101.АГ,2021,1658847.3969
Всего по обследуемым видам экономической деятельности,101.АГ,2022,1795585.1282000002
Всего по обследуемым видам экономической деятельности,101.АГ,2023,2064473.6744
Всего по обследуемым видам экономической деятельности,101.АГ,2024,2348086.2807
Всего по обследуемым видам экономической деятельности,101.АГ,2025,2529106.2219
Промышленное производство (промышленность),102.АГ,2017,152752.7991
Промышленное производство (промышленность),102.АГ,2018,159065.46269999995
Производство текстильных изделий,13,2017,51.16
Производство текстильных изделий,13,2018,194.3414
Производство текстильных изделий,13,2019,140.5104
Производство текстильных изделий,13,2020,211.1991
Производство текстильных изделий,13,2021,227.8816
Производство текстильных изделий,13,2022,395.7651
Производство текстильных изделий,13,2023,98.2308
Производство текстильных изделий,13,2024,317.9698
Производство текстильных изделий,13,2025,346.1563
Производство прочих текстильных изделий,13.9,2024,317.0318
Производство прочих текстильных изделий,13.9,2025,346.1563
Собирательная классификационная группировка видов экономической деятельности в области деятельности творческих (креативных) индустрий на основе Общероссийского классификатора видов экономической деятельности (ОКВЭД2) ОК 029-2014 (КДЕС Ред. 2),13210000.029.02,2024,20928.5996
Собирательная классификационная группировка видов экономической деятельности в области деятельности творческих (креативных) индустрий на основе Общероссийского классификатора видов экономической деятельности (ОКВЭД2) ОК 029-2014 (КДЕС Ред. 2),13210000.029.02,2025,15331.944
Сектор инжиниринговых услуг и промышленного дизайна,1323500.029.12,2017,1396.066
 Сектор инжиниринговых услуг и промышленного дизайна,1323500.029.12,2018,2605.3186
Сектор инжиниринговых услуг и промышленного дизайна,1323500.029.12,2019,2408.0244
Сектор инжиниринговых услуг и промышленного дизайна,1323500.029.12,2020,1977.6548
Сектор инжиниринговых услуг и промышленного дизайна,1323500.029.12,2021,2102.9755
Сектор инжиниринговых услуг и промышленного дизайна,1323500.029.12,2022,3678.6388
Сектор инжиниринговых услуг и промышленного дизайна,1323500.029.12,2023,4744.6222
Сектор инжиниринговых услуг и промышленного дизайна,1323500.029.12,2024,3684.0901
Сектор инжиниринговых услуг и промышленного дизайна,1323500.029.12,2025,5365.625099999999
"Собирательная классификационная группировка видов экономической деятельности ""Промышленность"" на основе ОКВЭД2 (КДЕС Ред. 2)",1323500.029.31,2019,179716.1249
"Собирательная классификационная группировка видов экономической деятельности ""Промышленность"" на основе ОКВЭД2 (КДЕС Ред. 2)",1323500.029.31,2020,234656.2886
"Собирательная классификационная группировка видов экономической деятельности ""Промышленность"" на основе ОКВЭД2 (КДЕС Ред. 2)",1323500.029.31,2021,241118.3496
"Собирательная классификационная группировка видов экономической деятельности ""Промышленность"" на основе ОКВЭД2 (КДЕС Ред. 2)",1323500.029.31,2022,255949.9188
"Собирательная классификационная группировка видов экономической деятельности ""Промышленность"" на основе ОКВЭД2 (КДЕС Ред. 2)",1323500.029.31,2023,311117.508
"Собирательная классификационная группировка видов экономической деятельности ""Промышленность"" на основе ОКВЭД2 (КДЕС Ред. 2)",1323500.029.31,2024,464728.0221
"Собирательная классификационная группировка видов экономической деятельности ""Промышленность"" на основе ОКВЭД2 (КДЕС Ред. 2)",1323500.029.31,2025,468079.3781
Виды экономической деятельности в области промышленности строительных материалов,1323500.029.33,2018,826.5294
Виды экономической деятельности в области промышленности строительных материалов,1323500.029.33,2019,1119.2747
Виды экономической деятельности в области промышленности строительных материалов,1323500.029.33,2020,1426.9987
Виды экономической деятельности в области промышленности строительных материалов,1323500.029.33,2021,1378.0705
Виды экономической деятельности в области промышленности строительных материалов,1323500.029.33,2022,1149.2476
Виды экономической деятельности в области промышленности строительных материалов,1323500.029.33,2023,1725.6952
Виды экономической деятельности в области промышленности строительных материалов,1323500.029.33,2024,887.8162
Виды экономической деятельности в области промышленности строительных материалов,1323500.029.33,2025,1068.5061
"Собирательная классификационная группировка видов экономической деятельности в области лазерных, оптических и оптоэлектронных технологий (фотоники) на основе Общероссийского классификатора видов экономической деятельности (ОКВЭД 2) ОК 029-2014 (КДЕС Ред.2)",1323500.029.36,2024,940.1559
"Собирательная классификационная группировка видов экономической деятельности в области лазерных, оптических и оптоэлектронных технологий (фотоники) на основе Общероссийского классификатора видов экономической деятельности (ОКВЭД 2) ОК 029-2014 (КДЕС Ред.2)",1323500.029.36,2025,2433.0057
Сектор информационно-коммуникационных технологий,1324500.029.01,2017,37863.8856
Сектор информационно-коммуникационных технологий,1324500.029.01,2018,48870.6553
Сектор информационно-коммуникационных технологий,1324500.029.01,2019,31501.9589
Сектор информационно-коммуникационных технологий,1324500.029.01,2020,47973.1779
Сектор информационно-коммуникационных технологий,1324500.029.01,2021,39675.333
Сектор информационно-коммуникационных технологий,1324500.029.01,2022,46869.2195
Сектор информационно-коммуникационных технологий,1324500.029.01,2023,56187.7713
Сектор информационно-коммуникационных технологий,1324500.029.01,2024,89406.605
Сектор информационно-коммуникационных технологий,1324500.029.01,2025,100840.7769
Сектор контента и средств массовой информации,1324500.029.02,2021,16.2873
Сектор контента и средств массовой информации,1324500.029.02,2022,19.9735
Сектор контента и средств массовой информации,1324500.029.02,2023,25.0181
Сектор контента и средств массовой информации,1324500.029.02,2025,275.2397
Собирательная классификация группировка видов экономической деятельности «Отрасль информационных технологий» на основе Общероссийского классификатора видов экономической деятельности (ОКВЭД2) ОК 029-2014 (КДЕС Ред. 2),1324500.029.11,2017,5980.5121
Отрасль информационных технологий,1324500.029.11,2018,6318.391
Отрасль информационных технологий,1324500.029.11,2019,5624.7275
Отрасль информационных технологий,1324500.029.11,2020,10231.0952
Отрасль информационных технологий,1324500.029.11,2021,10140.6463
Отрасль информационных технологий,1324500.029.11,2022,15057.7234
Отрасль информационных технологий,1324500.029.11,2023,10716.4974
Отрасль информационных технологий,1324500.029.11,2024,18512.3923
Отрасль информационных технологий,1324500.029.11,2025,17794.957300000002
Собирательная классификационная группировка видов экономической деятельности  Агропромышленный комплекс  на основе Общероссийского классификатора видов экономической деятельности (ОКВЭД2) ОК 029-2014 (КДЕС Ред.2),1325000.029.01,2017,1077094.6289
" Собирательная классификационная группировка видов экономической деятельности ""Агропромышленный комплекс"" на основе Общероссийского классификатора видов экономической деятельности (ОКВЭД2) ОК 029-2014 (КДЕС Ред.2)",1325000.029.01,2018,1090495.5757000002
"Собирательная классификационная группировка видов экономической деятельности ""Агропромышленный комплекс"" на основе Общероссийского классификатора видов экономической деятельности (ОКВЭД2) ОК 029-2014 (КДЕС Ред.2)",1325000.029.01,2019,1086557.1341
"Собирательная классификационная группировка видов экономической деятельности ""Агропромышленный комплекс"" на основе Общероссийского классификатора видов экономической деятельности (ОКВЭД2) ОК 029-2014 (КДЕС Ред.2)",1325000.029.01,2020,1133055.9264
"Собирательная классификационная группировка видов экономической деятельности ""Агропромышленный комплекс"" на основе Общероссийского классификатора видов экономической деятельности (ОКВЭД2) ОК 029-2014 (КДЕС Ред.2)",1325000.029.01,2021,1216041.9411
"Собирательная классификационная группировка видов экономической деятельности ""Агропромышленный комплекс"" на основе Общероссийского классификатора видов экономической деятельности (ОКВЭД2) ОК 029-2014 (КДЕС Ред.2)",1325000.029.01,2022,1312498.0285
"Собирательная классификационная группировка видов экономической деятельности ""Агропромышленный комплекс"" на основе Общероссийского классификатора видов экономической деятельности (ОКВЭД2) ОК 029-2014 (КДЕС Ред.2)",1325000.029.01,2023,1506732.8293
"Собирательная классификационная группировка видов экономической деятельности ""Агропромышленный комплекс"" на основе Общероссийского классификатора видов экономической деятельности (ОКВЭД2) ОК 029-2014 (КДЕС Ред.2)",1325000.029.01,2024,1599683.5815
Наукоемкие виды экономической деятельности.,136.АГ,2024,1868809.0155
Наукоемкие виды экономической деятельности.,136.АГ,2025,2050337.0969
Производство одежды,14,2024,198.4484
Производство одежды,14,2025,190.7119
"Производство одежды, кроме одежды из меха",14.1,2024,198.4484
"Производство одежды, кроме одежды из меха",14.1,2025,190.7119
Производство спецодежды,14.12,2024,198.4484
Производство спецодежды,14.12,2025,190.7119
Деятельность полиграфическая и копирование носителей информации,18,2017,318.5285
Производство кокса и нефтепродуктов,19,2017,341.82120000000003
Производство кокса и нефтепродуктов,19,2018,502.9487
Производство кокса и нефтепродуктов,19,2019,554.5339
Производство кокса и нефтепродуктов,19,2022,290.0365
Производство кокса и нефтепродуктов,19,2023,444.7185
Производство кокса и нефтепродуктов,19,2025,443.2331
Производство нефтепродуктов,19.20,2025,443.2331
Производство химических веществ и химических продуктов,20,2017,2315.1928
Производство химических веществ и химических продуктов,20,2018,2730.8654
Производство химических веществ и химических продуктов,20,2019,4446.8591
Производство химических веществ и химических продуктов,20,2020,11672.0026
Производство химических веществ и химических продуктов,20,2021,7741.2264
Производство химических веществ и химических продуктов,20,2022,7194.4005
Производство химических веществ и химических продуктов,20,2023,6020.6641
Производство химических веществ и химических продуктов,20,2024,12593.8258
Производство химических веществ и химических продуктов,20,2025,24313.2637
"Производство химических продуктов, не включенные в другие группировки",20.05.АГ,2017,659.4788000000001
"Производство химических продуктов, не включенных в другие группировки",20.05.АГ,2018,882.5438
"Производство химических продуктов, не включенных в другие группировки",20.05.АГ,2019,1187.2451
"Производство химических продуктов, не включенных в другие группировки",20.05.АГ,2020,2313.3741
"Производство химических продуктов, не включенных в другие группировки",20.05.АГ,2024,6647.8157
"Производство химических продуктов, не включенных в другие группировки",20.05.АГ,2025,1163.8273000000002
"Производство прочих химических продуктов, за исключением взрывчатых веществ",20.09.АГ,2017,302.96259999999995
"Производство прочих химических продуктов, за исключением взрывчатых веществ",20.09.АГ,2018,882.5438
" Производство прочих химических продуктов, за исключением взрывчатых веществ",20.09.АГ,2019,1187.2451
" Производство прочих химических продуктов, за исключением взрывчатых веществ",20.09.АГ,2020,2313.3741
" Производство прочих химических продуктов, за исключением взрывчатых веществ",20.09.АГ,2021,2225.9808
" Производство прочих химических продуктов, за исключением взрывчатых веществ",20.09.АГ,2022,3292.4285
"Производство прочих химических продуктов, за исключением взрывчатых веществ",20.09.АГ,2023,3078.1786
"Производство прочих химических продуктов, за исключением взрывчатых веществ",20.09.АГ,2024,6647.8157
"Производство основных химических веществ, удобрений и азотных соединений, пластмасс и синтетического каучука в первичных формах",20.1,2017,1345.5295
"Производство основных химических веществ, удобрений и азотных соединений, пластмасс и синтетического каучука в первичных формах",20.1,2018,1311.0164
"Производство основных химических веществ, удобрений и азотных соединений, пластмасс и синтетического каучука в первичных формах",20.1,2019,2891.6921
"Производство основных химических веществ, удобрений и азотных соединений, пластмасс и синтетического каучука в первичных формах",20.1,2020,9134.2151
"Производство основных химических веществ, удобрений и азотных соединений, пластмасс и синтетического каучука в первичных формах",20.1,2021,5298.6578
"Производство основных химических веществ, удобрений и азотных соединений, пластмасс и синтетического каучука в первичных формах",20.1,2022,3647.2769
"Производство основных химических веществ, удобрений и азотных соединений, пластмасс и синтетического каучука в первичных формах",20.1,2023,2651.6044
"Производство основных химических веществ, удобрений и азотных соединений, пластмасс и синтетического каучука в первичных формах",20.1,2024,5601.6903
"Производство основных химических веществ, удобрений и азотных соединений, пластмасс и синтетического каучука в первичных формах",20.1,2025,22771.2962
Производство прочих основных неорганических химических веществ,20.13,2024,2163.1121000000003
Производство прочих основных неорганических химических веществ,20.13,2025,19407.5463
Производство прочих основных органических химических веществ,20.14,2024,92.1247
Производство прочих основных органических химических веществ,20.14,2025,499.5527
Производство удобрений и азотных соединений,20.15,2017,148.55679999999998
Производство удобрений и азотных соединений,20.15,2018,93.157
 Производство удобрений и азотных соединений,20.15,2019,94.893
Производство удобрений и азотных соединений,20.15,2024,132.2612
Производство удобрений и азотных соединений,20.15,2025,156.4751
Производство азотных минеральных или химических удобрений,20.15.3,2025,156.4751
Производство пластмасс и синтетических смол в первичных формах,20.16,2024,2827.1042
Производство пластмасс и синтетических смол в первичных формах,20.16,2025,2349.6993
Среднетехнологичные высокого уровня виды деятельности,20.27.01.АГ,2024,192212.5838
Среднетехнологичные высокого уровня виды деятельности,20.27.01.АГ,2025,160041.2866
"Производство красок, лаков и аналогичных материалов для нанесения покрытий, полиграфических красок и мастик",20.3,2017,86.8366
"Производство красок, лаков и аналогичных материалов для нанесения покрытий, полиграфических красок и мастик",20.3,2018,156.7436
"Производство красок, лаков и аналогичных материалов для нанесения покрытий, полиграфических красок и мастик",20.3,2019,193.2915
"Производство красок, лаков и аналогичных материалов для нанесения покрытий, полиграфических красок и мастик",20.3,2020,98.697
"Производство красок, лаков и аналогичных материалов для нанесения покрытий, полиграфических красок и мастик",20.3,2021,105.3974
"Производство красок, лаков и аналогичных материалов для нанесения покрытий, полиграфических красок и мастик",20.3,2022,115.4376
"Производство красок, лаков и аналогичных материалов для нанесения покрытий, полиграфических красок и мастик",20.3,2023,124.5125
"Производство красок, лаков и аналогичных материалов для нанесения покрытий, полиграфических красок и мастик",20.30,2024,122.6526
"Производство красок, лаков и аналогичных материалов для нанесения покрытий, полиграфических красок и мастик",20.30,2025,136.3125
Производство красок и лаков на основе полимеров,20.30.1,2024,71.3634
Производство красок и лаков на основе полимеров,20.30.1,2025,85.534
"Производство мыла и моющих, чистящих и полирующих средств; парфюмерных и косметических средств",20.4,2017,223.3479
"Производство мыла и моющих, чистящих и полирующих средств; парфюмерных и косметических средств",20.4,2018,271.7822
"Производство мыла и моющих, чистящих и полирующих средств; парфюмерных и косметических средств",20.4,2019,102.8794
"Производство мыла и моющих, чистящих и полирующих средств; парфюмерных и косметических средств",20.4,2020,125.7164
"Производство мыла и моющих, чистящих и полирующих средств; парфюмерных и косметических средств",20.4,2021,110.7395
"Производство мыла и моющих, чистящих и полирующих средств; парфюмерных и косметических средств",20.4,2022,135.815
"Производство мыла и моющих, чистящих и полирующих средств; парфюмерных и косметических средств",20.4,2023,163.41410000000002
"Производство мыла и моющих, чистящих и полирующих средств; парфюмерных и косметических средств",20.4,2024,218.6204
"Производство мыла и моющих, чистящих и полирующих средств; парфюмерных и косметических средств",20.4,2025,237.7584
"Производство мыла и моющих, чистящих и полирующих средств",20.41,2024,193.0484
"Производство мыла и моющих, чистящих и полирующих средств",20.41,2025,196.8212
"Производство органических поверхностно-активных веществ, кроме мыла",20.41.2,2024,46.5999
"Производство мыла и моющих средств, чистящих и полирующих средств",20.41.3,2025,179.2686
Производство прочих химических продуктов,20.5,2017,659.4788000000001
Производство прочих химических продуктов,20.5,2018,882.5438
Производство прочих химических продуктов,20.5,2019,1187.2451
Производство прочих химических продуктов,20.5,2020,2313.3741
Производство прочих химических продуктов,20.5,2021,2225.9808
Производство прочих химических продуктов,20.5,2022,3292.4285
Производство прочих химических продуктов,20.5,2023,3078.1786
Производство прочих химических продуктов,20.5,2024,6647.8157
Производство прочих химических продуктов,20.5,2025,1163.8273000000002
"Производство лекарственных средств и материалов, применяемых в медицинских целях",21,2017,4088.7714
"Производство лекарственных средств и материалов, применяемых в медицинских целях",21,2018,2491.16
"Производство лекарственных средств и материалов, применяемых в медицинских целях",21,2019,2191.3458
"Производство лекарственных средств и материалов, применяемых в медицинских целях",21,2020,3635.1678
"Производство лекарственных средств и материалов, применяемых в медицинских целях",21,2021,5666.5111
"Производство лекарственных средств и материалов, применяемых в медицинских целях",21,2022,6863.058
"Производство лекарственных средств и материалов, применяемых в медицинских целях и ветеринарии",21,2023,12388.6374
"Производство лекарственных средств и материалов, применяемых в медицинских целях и ветеринарии",21,2024,15042.8432
"Производство лекарственных средств и материалов, применяемых в медицинских целях и ветеринарии",21,2025,18885.075
Производство фармацевтических субстанций,21.1,2017,364.429
Производство фармацевтических субстанций,21.1,2018,216.8946
Производство фармацевтических субстанций,21.10,2022,234.8834
Производство фармацевтических субстанций,21.10,2023,715.6125
Производство фармацевтических субстанций,21.10,2024,321.8047
Производство фармацевтических субстанций,21.10,2025,1172.0105
"Производство лекарственных препаратов и материалов, применяемых в медицинских целях",21.2,2017,3724.3424
"Производство лекарственных препаратов и материалов, применяемых в медицинских целях",21.2,2018,2274.2654
"Производство лекарственных препаратов и материалов, применяемых в медицинских целях",21.20,2019,2188.9032
"Производство лекарственных препаратов и материалов, применяемых в медицинских целях",21.20,2020,3621.5128
"Производство лекарственных препаратов и материалов, применяемых в медицинских целях",21.20,2021,5478.6342
"Производство лекарственных препаратов и материалов, применяемых в медицинских целях",21.20,2022,6628.174599999999
"Производство лекарственных препаратов и материалов, применяемых в медицинских целях и ветеринарии",21.20,2023,11673.0249
"Производство лекарственных препаратов и материалов, применяемых в медицинских целях и ветеринарии",21.20,2024,14721.0385
"Производство лекарственных препаратов и материалов, применяемых в медицинских целях и ветеринарии",21.20,2025,17713.0645
Производство лекарственных препаратов для медицинского применения,21.20.1,2024,12749.2839
Производство лекарственных препаратов для медицинского применения,21.20.1,2025,16006.9964
"Производство материалов, применяемых в медицинских целях",21.20.2,2024,1971.1546
"Производство материалов, применяемых в медицинских целях",21.20.2,2025,1575.4553999999998
Производство лекарственных препаратов для ветеринарного применения,21.20.3,2025,129.8205
Высокотехнологичные виды деятельности,21.26.01.АГ,2024,212432.5173
Высокотехнологичные виды деятельности,21.26.01.АГ,2025,280252.2258
Производство резиновых и пластмассовых изделий,22,2017,289.6673
Производство резиновых и пластмассовых изделий,22,2018,307.9948
Производство резиновых и пластмассовых изделий,22,2019,345.2892
Производство резиновых и пластмассовых изделий,22,2020,277.929
Производство резиновых и пластмассовых изделий,22,2021,296.3343
Производство резиновых и пластмассовых изделий,22,2022,284.0227
Производство резиновых и пластмассовых изделий,22,2023,476.1043
Производство резиновых и пластмассовых изделий,22,2024,587.922
Производство резиновых и пластмассовых изделий,22,2025,655.8118000000001
Производство резиновых изделий,22.1,2017,242.4673
Производство резиновых изделий,22.1,2018,292.3227
Производство резиновых изделий,22.1,2019,328.9449
Производство резиновых изделий,22.1,2020,265.2907
Производство резиновых изделий,22.1,2021,288.3963
Производство резиновых изделий,22.1,2022,273.5822
Производство резиновых изделий,22.1,2023,403.3224
Производство резиновых изделий,22.1,2024,441.3852
Производство резиновых изделий,22.1,2025,404.8045
Производство прочих резиновых изделий,22.19,2024,232.0595
Производство прочих резиновых изделий,22.19,2025,275.3945
Производство изделий из пластмасс,22.2,2024,146.5368
Производство изделий из пластмасс,22.2,2025,251.0073
"Производство пластмассовых плит, полос, труб и профилей",22.21,2025,84.5531
Производство пластмассовых изделий для упаковывания товаров,22.22,2025,74.85719999999999
Производство прочей неметаллической минеральной продукции,23,2017,1264.9563
Производство прочей неметаллической минеральной продукции,23,2018,673.8747
Производство прочей неметаллической минеральной продукции,23,2019,1747.607
Производство прочей неметаллической минеральной продукции,23,2020,1251.5522
Производство прочей неметаллической минеральной продукции,23,2021,2330.8184
Производство прочей неметаллической минеральной продукции,23,2022,2042.6602
Производство прочей неметаллической минеральной продукции,23,2023,2290.3057000000003
Производство прочей неметаллической минеральной продукции,23,2024,1053.7616
Производство прочей неметаллической минеральной продукции,23,2025,1071.0935
Производство стекла и изделий из стекла,23.1,2024,177.4243
Производство стекла и изделий из стекла,23.1,2025,391.4048
Производство огнеупорных изделий,23.20,2020,199.4187
Производство огнеупорных изделий,23.20,2021,214.3921
Производство огнеупорных изделий,23.20,2024,139.2461
"Производство абразивных и неметаллических минеральных изделий, не включенных в другие группировки",23.9,2025,61.9339
Производство металлургическое,24,2017,3772.1925
Производство металлургическое,24,2018,3491.3355
Производство металлургическое,24,2019,3684.4626
Производство металлургическое,24,2020,3855.2693
Производство металлургическое,24,2021,4930.625099999999
Производство металлургическое,24,2022,7188.9378
Производство металлургическое,24,2023,6610.745400000001
Производство металлургическое,24,2024,8166.3315
Производство металлургическое,24,2025,10042.7708
Производство прочих цветных металлов; производство ядерного топлива,24.02.АГ,2017,1261.7443
Производство прочих цветных металлов; производство ядерного топлива,24.04.АГ,2018,1609.1298000000002
Производство прочих цветных металлов; производство ядерного топлива,24.04.АГ,2019,1367.8001000000002
Производство прочих цветных металлов; производство ядерного топлива,24.04.АГ,2020,1107.1601
Производство прочих цветных металлов; производство ядерного топлива,24.04.АГ,2024,3598.7828
Производство прочих цветных металлов; производство ядерного топлива,24.04.АГ,2025,6526.0088
"Производство чугуна, стали и ферросплавов",24.1,2017,344.1636
"Производство чугуна, стали и ферросплавов",24.1,2018,458.4765
"Производство чугуна, стали и ферросплавов",24.1,2019,925.1796
"Производство чугуна, стали и ферросплавов",24.1,2020,1249.8297
"Производство чугуна, стали и ферросплавов",24.1,2021,1401.6659
"Производство чугуна, стали и ферросплавов",24.1,2022,2566.883
"Производство чугуна, стали и ферросплавов",24.1,2023,2010.0911
"Производство чугуна, стали и ферросплавов",24.10,2024,2503.7995
"Производство чугуна, стали и ферросплавов",24.10,2025,2396.2707
"Производство стальных труб, полых профилей и фитингов",24.2,2017,1008.4625
"Производство стальных труб, полых профилей и фитингов",24.2,2018,397.5184
"Производство стальных труб, полых профилей и фитингов",24.2,2019,304.7234
"Производство стальных труб, полых профилей и фитингов",24.2,2020,397.4983
"Производство стальных труб, полых профилей и фитингов",24.2,2021,693.3039
"Производство стальных труб, полых профилей и фитингов",24.2,2022,1815.9932
"Производство стальных труб, полых профилей и фитингов",24.2,2023,1019.1892
"Производство стальных труб, полых профилей и фитингов",24.20,2024,890.2256
"Производство стальных труб, полых профилей и фитингов",24.20,2025,745.5618000000001
"Производство основных драгоценных металлов и прочих цветных металлов, производство ядерного топлива",24.4,2017,2419.5664
"Производство основных драгоценных металлов и прочих цветных металлов, производство ядерного топлива",24.4,2018,2635.3406
"Производство основных драгоценных металлов и прочих цветных металлов, производство ядерного топлива",24.4,2019,2453.0049
"Производство основных драгоценных металлов и прочих цветных металлов, производство ядерного топлива",24.4,2020,2206.4247
"Производство основных драгоценных металлов и прочих цветных металлов, производство ядерного топлива",24.4,2021,2834.0638
"Производство основных драгоценных металлов и прочих цветных металлов, производство ядерного топлива",24.4,2022,2806.0616
"Производство основных драгоценных металлов и прочих цветных металлов, производство ядерного топлива",24.4,2023,3581.4651
"Производство основных драгоценных металлов и прочих цветных металлов, производство ядерного топлива",24.4,2024,4772.3064
"Производство основных драгоценных металлов и прочих цветных металлов, производство ядерного топлива",24.4,2025,6900.9383
Производство драгоценных металлов,24.41,2024,866.0809
"Производство готовых металлических изделий, кроме машин и оборудования",25,2017,46934.3213
"Производство готовых металлических изделий, кроме машин и оборудования",25,2018,48123.7533
"Производство готовых металлических изделий, кроме машин и оборудования",25,2019,54067.139200000005
"Производство готовых металлических изделий, кроме машин и оборудования",25,2020,60303.4011
"Производство готовых металлических изделий, кроме машин и оборудования",25,2021,60523.8685
"Производство готовых металлических изделий, кроме машин и оборудования",25,2022,52112.8202
"Производство готовых металлических изделий, кроме машин и оборудования",25,2023,68703.43729999999
"Производство готовых металлических изделий, кроме машин и оборудования",25,2024,88988.4535
"Производство готовых металлических изделий, кроме машин и оборудования",25,2025,72865.47570000001
"Производство готовых металлических изделий, кроме машин, оборудования, оружия и боеприпасов",25.01.АГ,2024,6969.4433
"Производство готовых металлических изделий, кроме машин, оборудования, оружия и боеприпасов",25.01.АГ,2025,6849.017900000001
"Производство готовых металлических изделий, не включенных в другие группировки",25.04.АГ,2017,41596.0709
"Производство готовых металлических изделий, не включенных в другие группировки",25.04.АГ,2018,45457.9664
"Производство готовых металлических изделий, не включенных в другие группировки",25.04.АГ,2019,50527.2782
"Производство готовых металлических изделий, не включенных в другие группировки",25.04.АГ,2020,46732.5064
"Производство готовых металлических изделий, не включенных в другие группировки",25.04.АГ,2024,82019.0102
"Производство готовых металлических изделий, не включенных в другие группировки",25.04.АГ,2025,66039.951
Производство строительных металлических конструкций и изделий,25.1,2025,185.3316
"Производство строительных металлических конструкций, изделий и их частей",25.11,2025,185.3316
"Производство металлических цистерн, резервуаров и прочих емкостей",25.2,2018,109.3457
"Производство металлических цистерн, резервуаров и прочих емкостей",25.2,2019,725.513
"Производство металлических цистерн, резервуаров и прочих емкостей",25.2,2020,303.2235
"Производство металлических цистерн, резервуаров и прочих емкостей",25.2,2021,567.0251999999999
Обработка металлов и нанесение покрытий на металлы; механическая обработка металлов,25.6,2018,86.14439999999999
Обработка металлов и нанесение покрытий на металлы; механическая обработка металлов,25.6,2019,109.2757
Обработка металлов и нанесение покрытий на металлы; механическая обработка металлов,25.6,2020,9405.9061
Обработка металлов и нанесение покрытий на металлы; механическая обработка металлов,25.6,2021,1726.3274
Обработка металлов и нанесение покрытий на металлы; механическая обработка металлов,25.6,2022,2274.1177
Обработка металлов и нанесение покрытий на металлы; механическая обработка металлов,25.6,2023,2062.2106
Обработка металлов и нанесение покрытий на металлы; механическая обработка металлов,25.6,2024,1387.3686
Обработка металлов и нанесение покрытий на металлы; механическая обработка металлов,25.6,2025,1789.3707
Обработка металлов и нанесение покрытий на металлы,25.61,2025,1673.5817
"Производство ножевых изделий и столовых приборов, инструментов и универсальных скобяных изделий",25.7,2019,35.131800000000005
"Производство компьютеров, электронных и оптических изделий",26,2017,44071.385
"Производство компьютеров, электронных и оптических изделий",26,2018,53825.1495
"Производство компьютеров, электронных и оптических изделий",26,2019,39643.0157
"Производство компьютеров, электронных и оптических изделий",26,2020,57830.694200000005
"Производство компьютеров, электронных и оптических изделий",26,2021,56911.0934
"Производство компьютеров, электронных и оптических изделий",26,2022,56622.1407
"Производство компьютеров, электронных и оптических изделий",26,2023,80664.8017
"Производство компьютеров, электронных и оптических изделий",26,2024,110932.1017
"Производство компьютеров, электронных и оптических изделий",26,2025,145156.4088
Производство элементов электронной аппаратуры и печатных схем (плат),26.1,2017,10807.8963
Производство элементов электронной аппаратуры и печатных схем (плат),26.1,2018,6209.3275
Производство элементов электронной аппаратуры и печатных схем (плат),26.1,2019,7193.485
Производство элементов электронной аппаратуры и печатных схем (плат),26.1,2020,14307.6653
Производство элементов электронной аппаратуры и печатных схем (плат),26.1,2021,8409.7731
Производство элементов электронной аппаратуры и печатных схем (плат),26.1,2022,8695.715400000001
Производство элементов электронной аппаратуры и печатных схем (плат),26.1,2023,14257.3245
Производство элементов электронной аппаратуры и печатных схем (плат),26.1,2024,21727.9606
Производство элементов электронной аппаратуры и печатных схем (плат),26.1,2025,24187.9569
Производство элементов электронной аппаратуры,26.11,2024,21727.9606
Производство элементов электронной аппаратуры,26.11,2025,22423.4935
Производство электронных вакуумных ламп и трубок и прочих электронных вакуумных приборов,26.11.1,2024,4452.3938
Производство электронных вакуумных ламп и трубок и прочих электронных вакуумных приборов,26.11.1,2025,3162.8686
"Производство диодов, транзисторов и прочих полупроводниковых приборов, включая светоизлучающие диоды, пьезоэлектрические приборы и их части",26.11.2,2024,3833.9702
"Производство диодов, транзисторов и прочих полупроводниковых приборов, включая светоизлучающие диоды, пьезоэлектрические приборы и их части",26.11.2,2025,6518.735900000001
Производство интегральных электронных схем,26.11.3,2024,3542.0993
Производство интегральных электронных схем,26.11.3,2025,4606.023099999999
"Производство частей электронных ламп, трубок и прочих электронных компонентов, не включенных в другие группировки",26.11.9,2024,8211.1385
"Производство частей электронных ламп, трубок и прочих электронных компонентов, не включенных в другие группировки",26.11.9,2025,6628.8334
Производство электронных печатных плат,26.12,2025,1764.4634
Производство компьютеров и периферийного оборудования,26.2,2017,123.3504
 Производство компьютеров и периферийного оборудования,26.20,2020,589.3323
 Производство компьютеров и периферийного оборудования,26.20,2021,405.7498
 Производство компьютеров и периферийного оборудования,26.20,2022,4040.5814
Производство компьютеров и периферийного оборудования,26.20,2023,10717.052
Производство компьютеров и периферийного оборудования,26.20,2024,17805.8061
Производство компьютеров и периферийного оборудования,26.20,2025,17450.407600000002
"Производство устройств автоматической обработки данных, информационных и телекоммуникационных систем",26.20.04.АГ,2024,2191.7953
"Производство устройств автоматической обработки данных, информационных и телекоммуникационных систем",26.20.04.АГ,2025,1716.4776000000002
Производство компьютеров,26.20.1,2024,15614.0108
Производство компьютеров,26.20.1,2025,13793.1597
Производство коммуникационного оборудования,26.3,2017,15537.1527
Производство коммуникационного оборудования,26.3,2018,32067.936100000003
Производство коммуникационного оборудования,26.30,2019,13859.633199999998
Производство коммуникационного оборудования,26.30,2020,17019.209899999998
Производство коммуникационного оборудования,26.30,2021,19000.1205
Производство коммуникационного оборудования,26.30,2022,17785.743
Производство коммуникационного оборудования,26.30,2023,12829.8022
Производство коммуникационного оборудования,26.30,2024,22506.2002
Производство коммуникационного оборудования,26.30,2025,26706.2028
"Производство прочего коммуникационного оборудования, не включенного в другие группировки",26.30.01.АГ,2020,1706.8714
"Производство прочего коммуникационного оборудования, не включенного в другие группировки",26.30.01.АГ,2024,3915.7401
"Производство прочего коммуникационного оборудования, не включенного в другие группировки",26.30.01.АГ,2025,8779.9769
"Производство коммуникационной аппаратуры, радио- и телевизионной передающей аппаратуры, телевизионных камер",26.30.1,2024,20644.2084
"Производство коммуникационной аппаратуры, радио- и телевизионной передающей аппаратуры, телевизионных камер",26.30.1,2025,25923.7471
"Производство средств связи, выполняющих функцию систем коммутации",26.30.11,2024,9383.5072
"Производство средств связи, выполняющих функцию систем коммутации",26.30.11,2025,11601.7548
Производство радио- и телевизионной передающей аппаратуры,26.30.17,2024,4221.4944000000005
Производство радио- и телевизионной передающей аппаратуры,26.30.17,2025,2682.2939
Производство прочего коммуникационного оборудования,26.30.19,2024,3123.4667000000004
Производство прочего коммуникационного оборудования,26.30.19,2025,2859.7215
Производство охранно-пожарной сигнализации и аналогичных приборов,26.30.6,2024,150.151
Производство охранно-пожарной сигнализации и аналогичных приборов,26.30.6,2025,94.933
Производство бытовой электроники,26.4,2017,985.4344
Производство бытовой электроники,26.40,2018,505.0373
Производство бытовой электроники,26.40,2019,201.7654
Производство бытовой электроники,26.40,2020,213.2397
Производство бытовой электроники,26.40,2021,186.6935
Производство бытовой электроники,26.40,2022,204.3818
Производство бытовой электроники,26.40,2023,228.578
Производство бытовой электроники,26.40,2024,281.6806
Производство бытовой электроники,26.40,2025,440.3587
Производство электроакустической аппаратуры,26.40.4,2025,62.5782
Производство контрольно-измерительных и навигационных приборов и аппаратов; производство часов,26.5,2017,14195.9802
Производство контрольно-измерительных и навигационных приборов и аппаратов; производство часов,26.5,2018,13754.2861
Производство контрольно-измерительных и навигационных приборов и аппаратов; производство часов,26.5,2019,17543.5488
Производство контрольно-измерительных и навигационных приборов и аппаратов; производство часов,26.5,2020,24456.1048
Производство контрольно-измерительных и навигационных приборов и аппаратов; производство часов,26.5,2021,27594.9043
Производство контрольно-измерительных и навигационных приборов и аппаратов; производство часов,26.5,2022,24570.8923
Производство контрольно-измерительных и навигационных приборов и аппаратов; производство часов,26.5,2023,41034.7435
Производство контрольно-измерительных и навигационных приборов и аппаратов; производство часов,26.5,2024,46966.2869
Производство контрольно-измерительных и навигационных приборов и аппаратов; производство часов,26.5,2025,72647.2568
"Производство инструментов и приборов для измерения, тестирования и навигации",26.51,2024,46966.2869
"Производство инструментов и приборов для измерения, тестирования и навигации",26.51,2025,72647.2568
"Производство прочих инструментов и приборов для измерения, тестирования и навигации",26.51.02.АГ,2017,9984.7867
"Производство прочих инструментов и приборов для измерения, тестирования и навигации",26.51.02.АГ,2018,8823.600199999999
"Производство прочих инструментов и приборов для измерения, тестирования и навигации",26.51.02.АГ,2019,9646.004
"Производство прочих инструментов и приборов для измерения, тестирования и навигации",26.51.02.АГ,2020,15308.0345
"Производство прочих инструментов и приборов для измерения, тестирования и навигации",26.51.02.АГ,2024,35582.483
"Производство прочих инструментов и приборов для измерения, тестирования и навигации",26.51.02.АГ,2025,56898.0954
"Производство навигационных, метеорологических, геодезических, геофизических и аналогичного типа приборов, аппаратуры и инструментов",26.51.1,2024,8202.9015
"Производство навигационных, метеорологических, геодезических, геофизических и аналогичного типа приборов, аппаратуры и инструментов",26.51.1,2025,10179.8228
Производство приборов и аппаратуры для измерения электрических величин или ионизирующих излучений,26.51.4,2024,958.1611
Производство приборов и аппаратуры для измерения электрических величин или ионизирующих излучений,26.51.4,2025,338.0236
Производство приборов для контроля прочих физических величин,26.51.5,2024,672.843
Производство приборов для контроля прочих физических величин,26.51.5,2025,955.4946
"Производство прочих приборов, датчиков, аппаратуры и инструментов для измерения, контроля и испытаний",26.51.6,2024,1506.7104
"Производство прочих приборов, датчиков, аппаратуры и инструментов для измерения, контроля и испытаний",26.51.6,2025,4275.8204000000005
"Производство облучающего и электротерапевтического оборудования, применяемого в медицинских целях",26.6,2017,469.4809
"Производство облучающего и электротерапевтического оборудования, применяемого в медицинских целях",26.6,2018,408.9463
"Производство облучающего и электротерапевтического оборудования, применяемого в медицинских целях",26.6,2019,219.3656
"Производство облучающего и электротерапевтического оборудования, применяемого в медицинских целях",26.6,2020,133.9244
"Производство облучающего и электротерапевтического оборудования, применяемого в медицинских целях",26.6,2021,158.70520000000002
"Производство облучающего и электротерапевтического оборудования, применяемого в медицинских целях",26.6,2022,278.72270000000003
"Производство облучающего и электротерапевтического оборудования, применяемого в медицинских целях",26.6,2023,500.2763
"Производство облучающего и электротерапевтического оборудования, применяемого в медицинских целях",26.60,2024,705.6004
"Производство облучающего и электротерапевтического оборудования, применяемого в медицинских целях",26.60,2025,1292.0473
"Производство аппаратов, применяемых в медицинских целях, основанных на использовании рентгеновского, альфа-, бета- и гамма-излучений",26.60.1,2024,353.47540000000004
"Производство аппаратов, применяемых в медицинских целях, основанных на использовании рентгеновского, альфа-, бета- и гамма-излучений",26.60.1,2025,856.9642
"Производство диагностического и терапевтического оборудования, применяемого в медицинских целях",26.60.5,2024,352.125
"Производство оптических приборов, фото- и кинооборудования",26.7,2017,1952.0901
"Производство оптических приборов, фото- и кинооборудования",26.7,2018,744.9566
"Производство оптических приборов, фото- и кинооборудования",26.7,2019,503.6699
"Производство оптических приборов, фото- и кинооборудования",26.7,2020,1111.2178
"Производство оптических приборов, фото- и кинооборудования",26.7,2021,1155.147
"Производство оптических приборов, фото- и кинооборудования",26.7,2022,1046.1041
"Производство оптических приборов, фото- и кинооборудования",26.7,2023,1097.0252
"Производство оптических приборов, фото- и кинооборудования",26.70,2024,938.5669
"Производство оптических приборов, фото- и кинооборудования",26.70,2025,2432.1787000000004
Производство фото- и кинооборудования,26.70.1,2024,236.6568
Производство оптических прицелов и приборов определения координат целей,26.70.6,2024,190.0285
Производство оптических прицелов и приборов определения координат целей,26.70.6,2025,267.54490000000004
Производство электрического оборудования,27,2017,3238.1617
Производство электрического оборудования,27,2018,2872.8093
Производство электрического оборудования,27,2019,2946.0435
Производство электрического оборудования,27,2020,2241.0229
Производство электрического оборудования,27,2021,3441.4596
Производство электрического оборудования,27,2022,3358.2241
Производство электрического оборудования,27,2023,4855.0717
Производство электрического оборудования,27,2024,7539.1178
Производство электрического оборудования,27,2025,7011.4179
"Производство электродвигателей, генераторов, трансформаторов и распределительных устройств, а также контрольно-измерительной аппаратуры",27.1,2017,1826.2212
"Производство электродвигателей, генераторов, трансформаторов и распределительных устройств, а также контрольно-измерительной аппаратуры",27.1,2018,1128.0449
"Производство электродвигателей, генераторов, трансформаторов и распределительных устройств, а также контрольно-измерительной аппаратуры",27.1,2019,1588.7238
"Производство электродвигателей, генераторов, трансформаторов и распределительных устройств, а также контрольно-измерительной аппаратуры",27.1,2020,1601.9622
"Производство электродвигателей, генераторов, трансформаторов и распределительных устройств, а также контрольно-измерительной аппаратуры",27.1,2021,1782.7492
"Производство электродвигателей, генераторов, трансформаторов и распределительных устройств, а также контрольно-измерительной аппаратуры",27.1,2022,2214.4488
"Производство электродвигателей, генераторов, трансформаторов и распределительных устройств, а также контрольно-измерительной аппаратуры",27.1,2023,3358.1769
"Производство электродвигателей, генераторов, трансформаторов и распределительных устройств, а также контрольно-измерительной аппаратуры",27.1,2024,4362.0216
"Производство электродвигателей, генераторов, трансформаторов и распределительных устройств, а также контрольно-измерительной аппаратуры",27.1,2025,3934.7871
"Производство электродвигателей, электрогенераторов и трансформаторов",27.11,2024,1823.9086
"Производство электродвигателей, электрогенераторов и трансформаторов",27.11,2025,1203.602
"Производство электродвигателей, генераторов и трансформаторов, кроме ремонта",27.11.1,2024,1823.9086
"Производство электродвигателей, генераторов и трансформаторов, кроме ремонта",27.11.1,2025,732.899
Производство электродвигателей,27.11.11,2024,1662.5221
Производство электродвигателей,27.11.11,2025,559.0079000000001
Производство электрической распределительной и регулирующей аппаратуры,27.12,2024,2538.113
Производство электрической распределительной и регулирующей аппаратуры,27.12,2025,2731.1851
Производство электрических аккумуляторов и аккумуляторных батарей,27.2,2017,400.2829
Производство электрических аккумуляторов и аккумуляторных батарей,27.2,2018,604.339
Производство электрических аккумуляторов и аккумуляторных батарей,27.2,2019,446.7339
Производство электрических аккумуляторов и аккумуляторных батарей,27.2,2020,349.9763
Производство электрических аккумуляторов и аккумуляторных батарей,27.2,2021,1285.6301
Производство электрических аккумуляторов и аккумуляторных батарей,27.2,2022,324.6566
Производство электрических аккумуляторов и аккумуляторных батарей,27.2,2023,688.3114
Производство электрических аккумуляторов и аккумуляторных батарей,27.20,2024,675.667
Производство электрических аккумуляторов и аккумуляторных батарей,27.20,2025,601.6634
"Производство первичных элементов, батарей первичных элементов и их частей",27.20.1,2024,418.5005
"Производство аккумуляторов, в том числе для автомобилей, аккумуляторных батарей и их составных частей",27.20.2,2024,257.1665
"Производство аккумуляторов, в том числе для автомобилей, аккумуляторных батарей и их составных частей",27.20.2,2025,352.96840000000003
Производство аккумуляторных батарей и их частей,27.20.22,2025,197.4172
Производство кабелей и кабельной арматуры,27.3,2017,701.2929
Производство кабелей и кабельной арматуры,27.3,2018,494.0396
Производство кабелей и кабельной арматуры,27.3,2020,67.27210000000001
Производство кабелей и кабельной арматуры,27.3,2021,43.4537
Производство кабелей и кабельной арматуры,27.3,2022,591.6444
Производство кабелей и кабельной арматуры,27.3,2023,499.0205
Производство кабелей и кабельной арматуры,27.3,2024,1557.06
Производство кабелей и кабельной арматуры,27.3,2025,1106.6032
Производство прочих проводов и кабелей для электронного и электрического оборудования,27.32,2024,774.044
Производство прочих проводов и кабелей для электронного и электрического оборудования,27.32,2025,908.7847
Производство силовых кабелей,27.32.2,2024,221.274
Производство электроустановочных изделий,27.33,2024,781.427
Производство электроустановочных изделий,27.33,2025,196.9915
Производство электрических ламп и осветительного оборудования,27.4,2022,70.0858
Производство электрических ламп и осветительного оборудования,27.4,2023,88.8631
Производство электрических ламп и осветительного оборудования,27.40,2024,99.239
Производство электрических ламп и осветительного оборудования,27.40,2025,76.992
Производство прочего электрического оборудования,27.9,2017,269.2717
Производство прочего электрического оборудования,27.9,2018,609.9808
Производство прочего электрического оборудования,27.9,2019,427.6065
Производство прочего электрического оборудования,27.9,2020,138.5333
Производство прочего электрического оборудования,27.9,2021,222.2096
Производство прочего электрического оборудования,27.9,2022,136.1235
Производство прочего электрического оборудования,27.9,2023,220.6998
Производство прочего электрического оборудования,27.90,2024,845.1302
Производство прочего электрического оборудования,27.90,2025,1286.9702
"Производство электрического оборудования прочего, не включенного в другие группировки",27.90.9,2024,845.1302
"Производство электрического оборудования прочего, не включенного в другие группировки",27.90.9,2025,1251.2915
"Производство машин и оборудования, не включенных в другие группировки",28,2017,5363.255099999999
"Производство машин и оборудования, не включенных в другие группировки",28,2018,3813.9122
"Производство машин и оборудования, не включенных в другие группировки",28,2019,7786.8813
"Производство машин и оборудования, не включенных в другие группировки",28,2020,10172.7479
"Производство машин и оборудования, не включенных в другие группировки",28,2021,17174.9489
"Производство машин и оборудования, не включенных в другие группировки",28,2022,17934.491100000003
"Производство машин и оборудования, не включенных в другие группировки",28,2023,21546.2877
"Производство машин и оборудования, не включенных в другие группировки",28,2024,42928.2825
"Производство машин и оборудования, не включенных в другие группировки",28,2025,32687.9379
Производство машин и оборудования общего назначения,28.1,2017,1394.1054
Производство машин и оборудования общего назначения,28.1,2018,1521.3889
Производство машин и оборудования общего назначения,28.1,2019,2177.7499
Производство машин и оборудования общего назначения,28.1,2020,1813.5695
Производство машин и оборудования общего назначения,28.1,2021,1116.1815
Производство машин и оборудования общего назначения,28.1,2022,2729.2174
Производство машин и оборудования общего назначения,28.1,2023,3419.4028
Производство машин и оборудования общего назначения,28.1,2024,17081.6427
Производство машин и оборудования общего назначения,28.1,2025,4650.875
"Производство двигателей и турбин, кроме авиационных, автомобильных и мотоциклетных двигателей",28.11,2024,1451.9207
"Производство двигателей и турбин, кроме авиационных, автомобильных и мотоциклетных двигателей",28.11,2025,2542.4259
"Производство двигателей, кроме авиационных, автомобильных и мотоциклетных",28.11.1,2024,268.7675
"Производство двигателей, кроме авиационных, автомобильных и мотоциклетных",28.11.1,2025,234.2648
Производство гидравлического и пневматического силового оборудования,28.12,2024,1115.3822
Производство гидравлических и пневматических силовых установок и двигателей,28.12.1,2024,1114.5087
Производство прочих насосов и компрессоров,28.13,2024,14284.5699
Производство прочих насосов и компрессоров,28.13,2025,1195.2326
Производство прочих машин и оборудования общего назначения,28.2,2017,456.3021
Производство прочих машин и оборудования общего назначения,28.2,2019,875.8343000000001
Производство прочих машин и оборудования общего назначения,28.2,2020,708.5
Производство прочих машин и оборудования общего назначения,28.2,2021,1341.3689
Производство прочих машин и оборудования общего назначения,28.2,2022,1150.1865
Производство прочих машин и оборудования общего назначения,28.2,2023,1094.7574
Производство прочих машин и оборудования общего назначения,28.2,2024,1279.2654
Производство прочих машин и оборудования общего назначения,28.2,2025,1345.7505
Производство промышленного холодильного и вентиляционного оборудования,28.25,2024,1181.3608000000002
Производство промышленного холодильного и вентиляционного оборудования,28.25,2025,1032.6659
"Производство теплообменных устройств, оборудования для кондиционирования воздуха промышленного холодильного и морозильного оборудования, производство оборудования для фильтрования и очистки газов",28.25.1,2024,1181.3608000000002
"Производство теплообменных устройств, оборудования для кондиционирования воздуха промышленного холодильного и морозильного оборудования, производство оборудования для фильтрования и очистки газов",28.25.1,2025,1032.6659
"Производство прочих машин и оборудования общего назначения, не включенного в другие группировки",28.29,2025,92.0346
Производство машин и оборудования для сельского и лесного хозяйства,28.3,2017,166.6417
Производство машин и оборудования для сельского и лесного хозяйства,28.3,2023,71.2021
Производство прочих машин специального назначения,28.9,2017,3341.8966
Производство прочих машин специального назначения,28.9,2018,1947.0516
Производство прочих машин специального назначения,28.9,2019,4579.0148
Производство прочих машин специального назначения,28.9,2020,7505.740400000001
Производство прочих машин специального назначения,28.9,2021,14688.0832
Производство прочих машин специального назначения,28.9,2022,13964.757
Производство прочих машин специального назначения,28.9,2023,16944.1917
Производство прочих машин специального назначения,28.9,2024,22141.471
Производство прочих машин специального назначения,28.9,2025,25805.8383
Производство машин и оборудования для добычи полезных ископаемых и строительства,28.92,2024,6598.5706
Производство машин и оборудования для добычи полезных ископаемых и строительства,28.92,2025,1411.0679
"Производство машин и оборудования для производства пищевых продуктов, напитков и табачных изделий",28.93,2024,50.1306
"Производство машин и оборудования для производства пищевых продуктов, напитков и табачных изделий",28.93,2025,76.7345
"Производство прочих машин и оборудования специального назначения, не включенных в другие группировки",28.99,2024,15492.7698
"Производство прочих машин и оборудования специального назначения, не включенных в другие группировки",28.99,2025,24318.0359
"Производство прочего оборудования специального назначения,  не включенных в другие группировки",28.99.03.АГ,2017,2838.1413
"Производство прочего оборудования специального назначения, не включенного в другие группировки",28.99.03.АГ,2018,1568.8626000000002
"Производство прочего оборудования специального назначения, не включенного в другие группировки",28.99.03.АГ,2019,1837.092
"Производство прочего оборудования специального назначения, не включенного в другие группировки",28.99.03.АГ,2020,3583.8444
"Производство прочего оборудования специального назначения, не включенного в другие группировки",28.99.03.АГ,2024,15492.7698
"Производство прочего оборудования специального назначения, не включенного в другие группировки",28.99.03.АГ,2025,24318.0359
"Производство автотранспортных средств, прицепов и полуприцепов",29,2017,4478.7032
"Производство автотранспортных средств, прицепов и полуприцепов",29,2018,7493.362
"Производство автотранспортных средств, прицепов и полуприцепов",29,2019,9579.6408
"Производство автотранспортных средств, прицепов и полуприцепов",29,2020,12713.9252
"Производство автотранспортных средств, прицепов и полуприцепов",29,2021,14595.9115
"Производство автотранспортных средств, прицепов и полуприцепов",29,2022,27609.5775
"Производство автотранспортных средств, прицепов и полуприцепов",29,2023,15495.954
"Производство автотранспортных средств, прицепов и полуприцепов",29,2024,45410.6586
"Производство автотранспортных средств, прицепов и полуприцепов",29,2025,27411.3066
Производство автотранспортных средств,29.10,2017,4477.1182
Производство автотранспортных средств,29.10,2018,7407.9439
Производство автотранспортных средств,29.10,2019,9337.2849
Производство автотранспортных средств,29.10,2020,12572.9324
Производство автотранспортных средств,29.10,2021,14400.7408
Производство автотранспортных средств,29.10,2022,27223.8669
Производство автотранспортных средств,29.10,2023,15095.4806
Производство автотранспортных средств,29.10,2024,43873.8099
Производство автотранспортных средств,29.10,2025,25413.3402
Производство грузовых автомобилей,29.10.4,2025,7930.3411
Производство автомобилей специального назначения,29.10.5,2024,543.3693000000001
Производство автомобилей специального назначения,29.10.5,2025,540.4458000000001
Производство комплектующих и принадлежностей для автотранспортных средств,29.3,2019,242.3559
Производство комплектующих и принадлежностей для автотранспортных средств,29.3,2020,140.9928
Производство комплектующих и принадлежностей для автотранспортных средств,29.3,2021,195.1707
Производство комплектующих и принадлежностей для автотранспортных средств,29.3,2022,359.0076
Производство комплектующих и принадлежностей для автотранспортных средств,29.3,2023,372.669
Производство комплектующих и принадлежностей для автотранспортных средств,29.3,2024,579.9755
Производство комплектующих и принадлежностей для автотранспортных средств,29.3,2025,1421.9933999999998
Производство электрического и электронного оборудования для автотранспортных средств,29.31,2025,439.8173
Производство прочих комплектующих и принадлежностей для автотранспортных средств,29.32,2024,63.52
Производство прочих комплектующих и принадлежностей для автотранспортных средств,29.32,2025,982.1761
"Производство частей и принадлежностей для автотранспортных средств, не включенных в другие группировки",29.32.3,2024,32.9496
"Производство частей и принадлежностей для автотранспортных средств, не включенных в другие группировки",29.32.3,2025,982.1761
Производство прочих транспортных средств и оборудования,30,2017,32828.466
Производство прочих транспортных средств и оборудования,30,2018,28250.534
Производство прочих транспортных средств и оборудования,30,2019,49076.6966
Производство прочих транспортных средств и оборудования,30,2020,65270.4038
Производство прочих транспортных средств и оборудования,30,2021,61562.7524
Производство прочих транспортных средств и оборудования,30,2022,64428.269
Производство прочих транспортных средств и оборудования,30,2023,67410.7511
Производство прочих транспортных средств и оборудования,30,2024,88195.5943
Производство прочих транспортных средств и оборудования,30,2025,118848.5746
"Производство прочих транспортных средств, не включенных в другие группировки",30.01.АГ,2017,4068.3601
"Производство прочих транспортных средств, не включенных в другие группировки",30.01.АГ,2018,612.14
"Производство прочих транспортных средств, не включенных в другие группировки",30.01.АГ,2019,1186.5641
"Производство прочих транспортных средств, не включенных в другие группировки",30.01.АГ,2020,365.4826
"Производство прочих транспортных средств, не включенных в другие группировки",30.01.АГ,2024,339.7049
"Производство прочих транспортных средств, не включенных в другие группировки",30.01.АГ,2025,892.572
Производство железнодорожных локомотивов и подвижного состава,30.20,2017,1515.4626
Производство железнодорожных локомотивов и подвижного состава,30.20,2018,1351.074
Производство железнодорожных локомотивов и подвижного состава,30.20,2019,857.7898
Производство железнодорожных локомотивов и подвижного состава,30.20,2020,864.1699
Производство железнодорожных локомотивов и подвижного состава,30.20,2021,1052.1328
Производство железнодорожных локомотивов и подвижного состава,30.20,2022,1102.0282
Производство железнодорожных локомотивов и подвижного состава,30.20,2023,1231.9851
Производство железнодорожных локомотивов и подвижного состава,30.20,2024,1398.317
Производство железнодорожных локомотивов и подвижного состава,30.20,2025,1745.2606
Производство прочего подвижного состава,30.20.3,2024,833.7995999999999
Производство прочего подвижного состава,30.20.3,2025,1046.6764
"Производство несамоходных железнодорожных, трамвайных и прочих вагонов для перевозки грузов",30.20.33,2024,833.7995999999999
"Производство несамоходных железнодорожных, трамвайных и прочих вагонов для перевозки грузов",30.20.33,2025,1046.6764
"Производство частей железнодорожных локомотивов, трамвайных и прочих моторных вагонов и подвижного состава; производство путевого оборудования и устройств для железнодорожных, трамвайных и прочих путей, механического и электромеханического оборудования для управления движением",30.20.4,2025,169.60420000000002
"Производство летательных аппаратов, включая космические, и соответствующего оборудования",30.3,2017,27244.6433
"Производство летательных аппаратов, включая космические, и соответствующего оборудования",30.3,2018,26287.32
"Производство летательных аппаратов, включая космические, и соответствующего оборудования",30.3,2019,47032.3427
"Производство летательных аппаратов, включая космические, и соответствующего оборудования",30.3,2020,64040.7513
"Производство летательных аппаратов, включая космические, и соответствующего оборудования",30.3,2021,59912.953
"Производство летательных аппаратов, включая космические, и соответствующего оборудования",30.3,2022,63051.456
"Производство летательных аппаратов, включая космические, и соответствующего оборудования",30.3,2023,65791.6936
"Производство летательных аппаратов, включая космические, и соответствующего оборудования",30.30,2024,86457.5724
"Производство летательных аппаратов, включая космические, и соответствующего оборудования",30.30,2025,116210.742
"Производство силовых установок и двигателей для летательных аппаратов, включая космические; наземных тренажеров для летного состава; их частей",30.30.1,2024,55532.9033
"Производство силовых установок и двигателей для летательных аппаратов, включая космические; наземных тренажеров для летного состава; их частей",30.30.1,2025,37329.3275
Производство двигателей летательных аппаратов с искровым зажиганием и их частей,30.30.11,2024,9681.8608
Производство двигателей летательных аппаратов с искровым зажиганием и их частей,30.30.11,2025,12757.9998
Производство турбореактивных и турбовинтовых двигателей и их частей,30.30.12,2024,44672.7698
Производство турбореактивных и турбовинтовых двигателей и их частей,30.30.12,2025,23780.5234
"Производство вертолетов, самолетов и прочих летательных аппаратов",30.30.3,2024,11639.3461
"Производство вертолетов, самолетов и прочих летательных аппаратов",30.30.3,2025,57933.9212
Производство самолетов,30.30.32,2024,3985.5309
Производство самолетов,30.30.32,2025,43212.2194
Производство частей и принадлежностей летательных и космических аппаратов,30.30.5,2024,11841.6386
Производство частей и принадлежностей летательных и космических аппаратов,30.30.5,2025,15162.6396
Производство прочих готовых изделий,32,2017,23.0168
Производство прочих готовых изделий,32,2018,512.2274
Производство прочих готовых изделий,32,2019,218.5614
Производство прочих готовых изделий,32,2020,320.453
Производство прочих готовых изделий,32,2021,349.0888
Производство прочих готовых изделий,32,2022,324.4298
Производство прочих готовых изделий,32,2023,612.1165
Производство прочих готовых изделий,32,2024,621.4869
Производство прочих готовых изделий,32,2025,513.2515999999999
Производство медицинских инструментов и оборудования,32.5,2018,508.5959
Производство медицинских инструментов и оборудования,32.5,2019,55.2746
Производство медицинских инструментов и оборудования,32.5,2020,152.48270000000002
Производство медицинских инструментов и оборудования,32.5,2021,144.3381
Производство медицинских инструментов и оборудования,32.5,2022,121.5659
Производство медицинских инструментов и оборудования,32.5,2023,503.8705
Производство медицинских инструментов и оборудования,32.50,2024,584.874
Производство медицинских инструментов и оборудования,32.50,2025,400.0412
"Производство изделий, не включенных в другие группировки",32.9,2024,22.3247
"Производство прочих готовых изделий, не включенных в другие группировки",32.99,2024,22.3247
Производство головных защитных уборов и прочих средств защиты,32.99.1,2024,22.3247
Ремонт и монтаж машин и оборудования,33,2017,1231.8326000000002
 Ремонт и монтаж машин и оборудования,33,2018,725.186
Ремонт и монтаж машин и оборудования,33,2019,904.5882
Ремонт и монтаж машин и оборудования,33,2020,954.8009
Ремонт и монтаж машин и оборудования,33,2021,620.1695
Ремонт и монтаж машин и оборудования,33,2022,5809.825400000001
Ремонт и монтаж машин и оборудования,33,2023,17884.7084
Ремонт и монтаж машин и оборудования,33,2024,33975.4868
Ремонт и монтаж машин и оборудования,33,2025,2255.6457
"Ремонт и монтаж металлических изделий, машин и оборудования",33.1,2024,33774.0179
"Ремонт и монтаж металлических изделий, машин и оборудования",33.1,2025,1964.4961
Ремонт электронного и оптического оборудования,33.13,2025,110.3288
"Обеспечение электрической энергией, газом и паром; кондиционирование воздуха",35,2024,1086.2077
"Обеспечение электрической энергией, газом и паром; кондиционирование воздуха",35,2025,1659.5653
"Производство, передача и распределение электроэнергии",35.1,2017,131.3766
"Производство, передача и распределение электроэнергии",35.1,2018,208.0078
"Производство, передача и распределение электроэнергии",35.1,2019,154.4931
"Сбор, обработка и утилизация отходов; обработка вторичного сырья",38,2018,762.5975
"Сбор, обработка и утилизация отходов; обработка вторичного сырья",38,2019,680.3077
"Торговля оптовая, кроме оптовой торговли автотранспортными средствами и мотоциклами",46,2017,1114.2322
"Торговля оптовая, кроме оптовой торговли автотранспортными средствами и мотоциклами",46,2018,2709.7133
"Торговля оптовая, кроме оптовой торговли автотранспортными средствами и мотоциклами",46,2019,3347.8984
"Торговля оптовая, кроме оптовой торговли автотранспортными средствами и мотоциклами",46,2020,1533.8258
"Торговля оптовая, кроме оптовой торговли автотранспортными средствами и мотоциклами",46,2021,1575.7387
"Торговля оптовая, кроме оптовой торговли автотранспортными средствами и мотоциклами",46,2022,1638.4895
"Торговля оптовая, кроме оптовой торговли автотранспортными средствами и мотоциклами",46,2023,2234.1557000000003
"Торговля оптовая, кроме оптовой торговли автотранспортными средствами и мотоциклами",46,2024,4263.9137
"Торговля оптовая, кроме оптовой торговли автотранспортными средствами и мотоциклами",46,2025,7007.8771
Торговля оптовая непродовольственными потребительскими товарами,46.4,2025,212.5376
Торговля оптовая фармацевтической продукцией,46.46,2025,212.5376
Торговля оптовая информационным и коммуникационным оборудованием,46.5,2024,1167.1556
Торговля оптовая информационным и коммуникационным оборудованием,46.5,2025,4936.093900000001
"Торговля оптовая компьютерами, периферийными устройствами к компьютерам и программным обеспечением",46.51,2024,991.4836
"Торговля оптовая прочими машинами, оборудованием и принадлежностями",46.6,2024,2876.6484
"Торговля оптовая прочими машинами, оборудованием и принадлежностями",46.6,2025,757.0166999999999
Торговля оптовая прочими машинами и оборудованием,46.69,2024,2876.6484
Торговля оптовая прочими машинами и оборудованием,46.69,2025,752.1769
"Торговля оптовая прочими машинами, приборами, аппаратурой и оборудованием общепромышленного и специального назначения",46.69.9,2024,85.29639999999999
Торговля оптовая специализированная прочая,46.7,2025,32.1577
Торговля оптовая неспециализированная,46.90,2024,172.34
Торговля оптовая неспециализированная,46.90,2025,478.1692
Деятельность сухопутного и трубопроводного транспорта,49,2017,303.0057
Деятельность сухопутного и трубопроводного транспорта,49,2018,505.8684
Деятельность сухопутного и трубопроводного транспорта,49,2019,186.5574
Деятельность почтовой связи и курьерская деятельность,53,2018,9.91
Деятельность в сфере телекоммуникаций,61,2018,141.2142
Деятельность в сфере телекоммуникаций,61,2022,690.9468
Деятельность в области связи на базе проводных технологий,61.1,2018,141.2142
"Разработка компьютерного программного обеспечения, консультационные услуги в данной области и другие сопутствующие услуги",62,2017,7924.9807
"Разработка компьютерного программного обеспечения, консультационные услуги в данной области и другие сопутствующие услуги",62,2018,6964.956099999999
"Разработка компьютерного программного обеспечения, консультационные услуги в данной области и другие сопутствующие услуги",62,2019,7939.8309
"Разработка компьютерного программного обеспечения, консультационные услуги в данной области и другие сопутствующие услуги",62,2020,14227.635
"Разработка компьютерного программного обеспечения, консультационные услуги в данной области и другие сопутствующие услуги",62,2021,10677.9276
"Разработка компьютерного программного обеспечения, консультационные услуги в данной области и другие сопутствующие услуги",62,2022,15110.1243
"Разработка компьютерного программного обеспечения, консультационные услуги в данной области и другие сопутствующие услуги",62,2023,15351.3899
"Разработка компьютерного программного обеспечения, консультационные услуги в данной области и другие сопутствующие услуги",62.0,2024,19634.5219
"Разработка компьютерного программного обеспечения, консультационные услуги в данной области и другие сопутствующие услуги",62.0,2025,26587.6728
Разработка компьютерного программного обеспечения,62.01,2018,5366.0622
Разработка компьютерного программного обеспечения,62.01,2019,5099.0776
Разработка компьютерного программного обеспечения,62.01,2020,8965.0746
Разработка компьютерного программного обеспечения,62.01,2021,9856.7699
Разработка компьютерного программного обеспечения,62.01,2022,14760.8517
Разработка компьютерного программного обеспечения,62.01,2023,9872.8844
Разработка компьютерного программного обеспечения,62.01,2024,12540.0373
Разработка компьютерного программного обеспечения,62.01,2025,11504.6366
Деятельность консультативная и работы в области компьютерных технологий,62.02,2018,519.0651
Деятельность консультативная и работы в области компьютерных технологий,62.02,2019,13.7726
Деятельность консультативная и работы в области компьютерных технологий,62.02,2020,37.0781
Деятельность консультативная и работы в области компьютерных технологий,62.02,2021,11.009799999999998
Деятельность консультативная и работы в области компьютерных технологий,62.02,2022,5.4805
Деятельность консультативная и работы в области компьютерных технологий,62.02,2023,20.4738
Деятельность консультативная и работы в области компьютерных технологий,62.02,2024,5312.392400000001
Деятельность консультативная и работы в области компьютерных технологий,62.02,2025,5851.6854
"Деятельность по планированию, проектированию компьютерных систем",62.02.1,2025,167.5945
Деятельность консультативная в области компьютерных технологий прочая,62.02.9,2025,374.6852
"Деятельность, связанная с использованием вычислительной техники и информационных технологий, прочая",62.09,2018,1079.8288
"Деятельность, связанная с использованием вычислительной техники и информационных технологий, прочая",62.09,2019,2826.9807
"Деятельность, связанная с использованием вычислительной техники и информационных технологий, прочая",62.09,2020,5225.4823
"Деятельность, связанная с использованием вычислительной техники и информационных технологий, прочая",62.09,2021,810.1479
"Деятельность, связанная с использованием вычислительной техники и информационных технологий, прочая",62.09,2022,343.7921
"Деятельность, связанная с использованием вычислительной техники и информационных технологий, прочая",62.09,2023,5458.0317000000005
"Деятельность, связанная с использованием вычислительной техники и информационных технологий, прочая",62.09,2024,1770.0007
"Деятельность, связанная с использованием вычислительной техники и информационных технологий, прочая",62.09,2025,9185.0399
Деятельность в области информационных технологий,63,2017,749.5139
Деятельность в области информационных технологий,63,2018,447.2637
Деятельность в области информационных технологий,63,2019,520.1453
Деятельность в области информационных технологий,63,2020,1237.2105
Деятельность в области информационных технологий,63,2021,281.1346
Деятельность в области информационных технологий,63,2022,308.9192
Деятельность в области информационных технологий,63,2023,847.6612
Деятельность в области информационных технологий,63,2024,671.2111
Деятельность в области информационных технологий,63,2025,667.5640999999999
"Деятельность по обработке данных, предоставление услуг по размещению информации, деятельность порталов в информационно-коммуникационной сети Интернет",63.1,2017,749.5139
"Деятельность по обработке данных, предоставление услуг по размещению информации, деятельность порталов в информационно-коммуникационной сети Интернет",63.1,2018,433.2637
"Деятельность по обработке данных, предоставление услуг по размещению информации, деятельность порталов в информационно-коммуникационной сети Интернет",63.1,2019,511.8773
"Деятельность по обработке данных, предоставление услуг по размещению информации, деятельность порталов в информационно-коммуникационной сети Интернет",63.1,2020,1228.9425
"Деятельность по обработке данных, предоставление услуг по размещению информации, деятельность порталов в информационно-коммуникационной сети Интернет",63.1,2021,272.86659999999995
"Деятельность по обработке данных, предоставление услуг по размещению информации, деятельность порталов в информационно-коммуникационной сети Интернет",63.1,2022,291.3912
"Деятельность по обработке данных, предоставление услуг по размещению информации, деятельность порталов в информационно-коммуникационной сети Интернет",63.1,2023,823.1392
"Деятельность по обработке данных, предоставление услуг по размещению информации, деятельность порталов в информационно-коммуникационной сети Интернет",63.1,2024,647.8711
"Деятельность по обработке данных, предоставление услуг по размещению информации, деятельность порталов в информационно-коммуникационной сети Интернет",63.1,2025,392.3244
"Деятельность по обработке данных, предоставление услуг по размещению информации и связанная с этим деятельность",63.11,2019,511.8773
"Деятельность по обработке данных, предоставление услуг по размещению информации и связанная с этим деятельность",63.11,2020,1228.9425
"Деятельность по обработке данных, предоставление услуг по размещению информации и связанная с этим деятельность",63.11,2021,272.86659999999995
"Деятельность по обработке данных, предоставление услуг по размещению информации и связанная с этим деятельность",63.11,2022,291.3912
"Деятельность по обработке данных, предоставление услуг по размещению информации и связанная с этим деятельность",63.11,2023,823.1392
"Деятельность по обработке данных, предоставление услуг по размещению информации и связанная с этим деятельность",63.11,2024,647.8711
"Деятельность по обработке данных, предоставление услуг по размещению информации и связанная с этим деятельность",63.11,2025,392.3244
Деятельность по созданию и использованию баз данных и информационных ресурсов,63.11.1,2024,601.0676
Деятельность по созданию и использованию баз данных и информационных ресурсов,63.11.1,2025,321.9497
Деятельность в области информационных услуг прочая,63.9,2025,275.2397
"Деятельность по предоставлению финансовых услуг, кроме услуг по страхованию и пенсионному обеспечению",64,2017,80.0056
"Деятельность по предоставлению финансовых услуг, кроме услуг по страхованию и пенсионному обеспечению",64,2023,11.8172
"Деятельность по предоставлению финансовых услуг, кроме услуг по страхованию и пенсионному обеспечению",64,2024,3.612
"Деятельность по предоставлению финансовых услуг, кроме услуг по страхованию и пенсионному обеспечению",64,2025,10.7948
"Деятельность по предоставлению прочих финансовых услуг, кроме услуг по страхованию и пенсионному обеспечению",64.9,2024,2.7704
"Деятельность по предоставлению прочих финансовых услуг, кроме услуг по страхованию и пенсионному обеспечению",64.9,2025,10.7948
"Предоставление прочих финансовых услуг, кроме услуг по страхованию и пенсионному обеспечению, не включенных в другие группировки",64.99,2024,2.7704
"Предоставление прочих финансовых услуг, кроме услуг по страхованию и пенсионному обеспечению, не включенных в другие группировки",64.99,2025,10.7948
Операции с недвижимым имуществом,68,2024,75.2834
Операции с недвижимым имуществом,68,2025,644.088
Аренда и управление собственным или арендованным недвижимым имуществом,68.20,2024,75.2134
Аренда и управление собственным или арендованным недвижимым имуществом,68.20,2025,644.088
Аренда и управление собственным или арендованным нежилым недвижимым имуществом,68.20.2,2024,75.2134
Аренда и управление собственным или арендованным нежилым недвижимым имуществом,68.20.2,2025,644.088
Аренда и управление собственным или арендованным прочим нежилым недвижимым имуществом,68.20.29,2024,75.2134
Аренда и управление собственным или арендованным прочим нежилым недвижимым имуществом,68.20.29,2025,644.088
Деятельность в области права и бухгалтерского учета,69,2019,207.925
Деятельность головных офисов; консультирование по вопросам управления,70,2017,14.84
Деятельность головных офисов; консультирование по вопросам управления,70,2018,36.7627
Деятельность головных офисов; консультирование по вопросам управления,70,2019,169.7893
Деятельность головных офисов; консультирование по вопросам управления,70,2020,550.1643
Деятельность головных офисов; консультирование по вопросам управления,70,2021,136.0489
Деятельность головных офисов; консультирование по вопросам управления,70,2022,1926.1327
Деятельность головных офисов; консультирование по вопросам управления,70,2023,3405.32
Деятельность головных офисов; консультирование по вопросам управления,70,2024,3063.5306
Деятельность головных офисов; консультирование по вопросам управления,70,2025,21751.0666
Деятельность головных офисов,70.1,2020,196.7658
Деятельность головных офисов,70.1,2022,1402.4782
Деятельность головных офисов,70.1,2023,3095.8937
Деятельность головных офисов,70.10,2024,2659.7719
Деятельность головных офисов,70.10,2025,21527.945600000003
Консультирование по вопросам управления,70.2,2017,13.314
Консультирование по вопросам управления,70.2,2019,53.2375
Консультирование по вопросам управления,70.2,2020,353.3985
Консультирование по вопросам управления,70.2,2021,62.2989
Консультирование по вопросам управления,70.2,2022,523.6545
Консультирование по вопросам управления,70.2,2023,309.4263
Консультирование по вопросам управления,70.2,2024,403.7587
Консультирование по вопросам управления,70.2,2025,223.121
Консультирование по вопросам коммерческой деятельности и управления,70.22,2024,403.7587
Консультирование по вопросам коммерческой деятельности и управления,70.22,2025,223.121
"Деятельность в области архитектуры и инженерно-технического проектирования; технических испытаний, исследований и анализа",71,2017,8849.923
"Деятельность в области архитектуры и инженерно-технического проектирования; технических испытаний, исследований и анализа",71,2018,10310.3808
"Деятельность в области архитектуры и инженерно-технического проектирования; технических испытаний, исследований и анализа",71,2019,30963.7515
"Деятельность в области архитектуры и инженерно-технического проектирования; технических испытаний, исследований и анализа",71,2020,15068.3876
"Деятельность в области архитектуры и инженерно-технического проектирования; технических испытаний, исследований и анализа",71,2021,9018.0415
"Деятельность в области архитектуры и инженерно-технического проектирования; технических испытаний, исследований и анализа",71,2022,10696.8173
"Деятельность в области архитектуры и инженерно-технического проектирования; технических испытаний, исследований и анализа",71,2023,21360.9934
"Деятельность в области архитектуры и инженерно-технического проектирования; технических испытаний, исследований и анализа",71,2024,16666.0886
"Деятельность в области архитектуры и инженерно-технического проектирования; технических испытаний, исследований и анализа",71,2025,47746.344
"Деятельность в области архитектуры, инженерных изысканий и предоставление технических консультаций в этих областях",71.1,2017,7742.3956
"Деятельность в области архитектуры, инженерных изысканий и предоставление технических консультаций в этих областях",71.1,2018,9087.2734
"Деятельность в области архитектуры, инженерных изысканий и предоставление технических консультаций в этих областях",71.1,2019,13807.8851
"Деятельность в области архитектуры, инженерных изысканий и предоставление технических консультаций в этих областях",71.1,2020,11658.881
"Деятельность в области архитектуры, инженерных изысканий и предоставление технических консультаций в этих областях",71.1,2021,5821.0238
"Деятельность в области архитектуры, инженерных изысканий и предоставление технических консультаций в этих областях",71.1,2022,7861.4275
"Деятельность в области архитектуры, инженерных изысканий и предоставление технических консультаций в этих областях",71.1,2023,12030.7288
"Деятельность в области архитектуры, инженерных изысканий и предоставление технических консультаций в этих областях",71.1,2024,13756.0313
"Деятельность в области архитектуры, инженерных изысканий и предоставление технических консультаций в этих областях",71.1,2025,16242.591
Деятельность в области архитектуры,71.11,2024,2478.7675
Деятельность в области архитектуры,71.11,2025,1591.0053
"Деятельность в области архитектуры, связанная с созданием архитектурного объекта",71.11.1,2024,2229.7172
"Деятельность в области архитектуры, связанная с созданием архитектурного объекта",71.11.1,2025,1292.6176
"Деятельность в области инженерных изысканий, инженерно-технического проектирования, управления проектами строительства, выполнения строительного контроля и авторского надзора, предоставление технических консультаций в этих областях",71.12,2024,11277.2638
"Деятельность в области инженерных изысканий, инженерно-технического проектирования, управления проектами строительства, выполнения строительного контроля и авторского надзора, предоставление технических консультаций в этих областях",71.12,2025,14651.5857
"Деятельность, связанная с инженерно-техническим проектированием, управлением проектами строительства, выполнением строительного контроля и авторского надзора",71.12.1,2019,2408.0244
"Деятельность, связанная с инженерно-техническим проектированием, управлением проектами строительства, выполнением строительного контроля и авторского надзора",71.12.1,2020,1977.6548
"Деятельность, связанная с инженерно-техническим проектированием, управлением проектами строительства, выполнением строительного контроля и авторского надзора",71.12.1,2021,2037.415
"Деятельность, связанная с инженерно-техническим проектированием, управлением проектами строительства, выполнением строительного контроля и авторского надзора",71.12.1,2022,3285.1215
"Деятельность, связанная с инженерно-техническим проектированием, управлением проектами строительства, выполнением строительного контроля и авторского надзора",71.12.1,2023,3877.2036
"Деятельность, связанная с инженерно-техническим проектированием, управлением проектами строительства, выполнением строительного контроля и авторского надзора",71.12.1,2024,3684.0901
"Деятельность, связанная с инженерно-техническим проектированием, управлением проектами строительства, выполнением строительного контроля и авторского надзора",71.12.1,2025,4884.407
"Разработка проектов тепло-, водо-, газоснабжения",71.12.11,2019,351.4618
"Разработка проектов промышленных процессов и производств, относящихся к электротехнике, электронной технике, горному делу, химической технологии, машиностроению, а также в области промышленного строительства, системотехники и техники безопасности",71.12.12,2019,1560.3817
"Разработка проектов промышленных процессов и производств, относящихся к электротехнике, электронной технике, горному делу, химической технологии, машиностроению, а также в области промышленного строительства, системотехники и техники безопасности",71.12.12,2020,1851.2772
"Разработка проектов промышленных процессов и производств, относящихся к электротехнике, электронной технике, горному делу, химической технологии, машиностроению, а также в области промышленного строительства, системотехники и техники безопасности",71.12.12,2021,1895.8236
"Разработка проектов промышленных процессов и производств, относящихся к электротехнике, электронной технике, горному делу, химической технологии, машиностроению, а также в области промышленного строительства, системотехники и техники безопасности",71.12.12,2022,3105.124
"Разработка проектов промышленных процессов и производств, относящихся к электротехнике, электронной технике, горному делу, химической технологии, машиностроению, а также в области промышленного строительства, системотехники и техники безопасности",71.12.12,2023,3335.6223
"Разработка проектов промышленных процессов и производств, относящихся к электротехнике, электронной технике, горному делу, химической технологии, машиностроению, а также в области промышленного строительства, системотехники и техники безопасности",71.12.12,2024,2992.0622000000003
"Разработка проектов промышленных процессов и производств, относящихся к электротехнике, электронной технике, горному делу, химической технологии, машиностроению, а также в области промышленного строительства, системотехники и техники безопасности",71.12.12,2025,4164.3699
"Деятельность заказчика-застройщика, генерального подрядчика",71.12.2,2023,867.4186
"Работы геолого-разведочные, геофизические и геохимические в области изучения недр и воспроизводства минерально-сырьевой базы",71.12.3,2024,3677.999
"Работы геолого-разведочные, геофизические и геохимические в области изучения недр и воспроизводства минерально-сырьевой базы",71.12.3,2025,3712.5615
Деятельность геодезическая и картографическая,71.12.4,2024,1371.8648999999998
"Деятельность в области гидрометеорологии и смежных с ней областях, мониторинга состояния окружающей среды, ее загрязнения",71.12.5,2024,701.081
"Деятельность в области гидрометеорологии и смежных с ней областях, мониторинга состояния окружающей среды, ее загрязнения",71.12.5,2025,569.3088
"Деятельность в области технического регулирования, стандартизации, метрологии, аккредитации, каталогизации продукции",71.12.6,2024,551.5591999999999
"Деятельность в области технического регулирования, стандартизации, метрологии, аккредитации, каталогизации продукции",71.12.6,2025,2088.0546
Деятельность в области метрологии,71.12.62,2025,1474.9408999999998
"Технические испытания, исследования, анализ и сертификация",71.2,2017,1107.5274
"Технические испытания, исследования, анализ и сертификация",71.2,2018,1223.1074
"Технические испытания, исследования, анализ и сертификация",71.2,2019,17155.8664
"Технические испытания, исследования, анализ и сертификация",71.2,2020,3409.5066
"Технические испытания, исследования, анализ и сертификация",71.2,2021,3197.0177000000003
"Технические испытания, исследования, анализ и сертификация",71.2,2022,2835.3898
"Технические испытания, исследования, анализ и сертификация",71.2,2023,9330.2646
"Технические испытания, исследования, анализ и сертификация",71.20,2024,2910.0573
"Технические испытания, исследования, анализ и сертификация",71.20,2025,31503.753
Судебно-экспертная деятельность,71.20.2,2025,29.3076
"Сертификация продукции, услуг и организаций",71.20.8,2025,25263.2267
"Деятельность по техническому контролю, испытаниям и анализу прочая",71.20.9,2025,4181.6165
Научные исследования и разработки,72,2017,1078777.2317
Научные исследования и разработки,72,2018,1102405.5222
 Научные исследования и разработки,72,2019,1104357.4946
 Научные исследования и разработки,72,2020,1148765.8192
 Научные исследования и разработки,72,2021,1230430.2274000002
 Научные исследования и разработки,72,2022,1337611.4171
Научные исследования и разработки,72,2023,1517512.6119
Научные исследования и разработки,72,2024,1614145.8032
Научные исследования и разработки,72,2025,1718797.767
Научные исследования и разработки в области естественных и технических наук,72.1,2017,1068387.8681
Научные исследования и разработки в области естественных и технических наук,72.1,2018,1086796.3295
Научные исследования и разработки в области естественных и технических наук,72.1,2019,1082852.3426
Научные исследования и разработки в области естественных и технических наук,72.1,2020,1127895.7792
Научные исследования и разработки в области естественных и технических наук,72.1,2021,1208781.4892
Научные исследования и разработки в области естественных и технических наук,72.1,2022,1303469.1522
Научные исследования и разработки в области естественных и технических наук,72.1,2023,1491182.2899000002
Научные исследования и разработки в области естественных и технических наук,72.1,2024,1581513.1985
Научные исследования и разработки в области естественных и технических наук,72.1,2025,1684012.6881
Научные исследования и разработки в области биотехнологии,72.11,2017,678.6046
Научные исследования и разработки в области биотехнологии,72.11,2018,575.4619
Научные исследования и разработки в области биотехнологии,72.11,2019,3531.4081
Научные исследования и разработки в области биотехнологии,72.11,2020,7364.4481
Научные исследования и разработки в области биотехнологии,72.11,2021,9859.8158
Научные исследования и разработки в области биотехнологии,72.11,2022,8956.9792
Научные исследования и разработки в области биотехнологии,72.11,2023,11191.0249
Научные исследования и разработки в области биотехнологии,72.11,2024,13621.8821
Научные исследования и разработки в области биотехнологии,72.11,2025,14858.6092
Научные исследования и разработки в области естественных и технических наук прочие,72.19,2017,1067689.6081
Научные исследования и разработки в области естественных и технических наук прочие,72.19,2018,1086220.8676
Научные исследования и разработки в области естественных и технических наук прочие,72.19,2019,1079320.9345
Научные исследования и разработки в области естественных и технических наук прочие,72.19,2020,1120531.3310999998
Научные исследования и разработки в области естественных и технических наук прочие,72.19,2021,1198921.6734000002
Научные исследования и разработки в области естественных и технических наук прочие,72.19,2022,1294512.173
Научные исследования и разработки в области естественных и технических наук прочие,72.19,2023,1479991.265
Научные исследования и разработки в области естественных и технических наук прочие,72.19,2024,1567891.3164
Научные исследования и разработки в области естественных и технических наук прочие,72.19,2025,1669154.0789
Научные исследования и разработки в области общественных и гуманитарных наук,72.2,2017,10389.3636
Научные исследования и разработки в области общественных и гуманитарных наук,72.2,2018,15609.1927
Научные исследования и разработки в области общественных и гуманитарных наук,72.2,2019,21505.152
Научные исследования и разработки в области общественных и гуманитарных наук,72.2,2020,20870.04
Научные исследования и разработки в области общественных и гуманитарных наук,72.2,2021,21648.7382
Научные исследования и разработки в области общественных и гуманитарных наук,72.2,2022,34142.2649
Научные исследования и разработки в области общественных и гуманитарных наук,72.2,2023,26330.322
Научные исследования и разработки в области общественных и гуманитарных наук,72.20,2024,32632.6047
Научные исследования и разработки в области общественных и гуманитарных наук,72.20,2025,34785.0789
Научные исследования и разработки в области общественных наук,72.20.1,2017,313.2636
Научные исследования и разработки в области общественных наук,72.20.1,2018,294.77509999999995
Научные исследования и разработки в области общественных наук,72.20.1,2019,1085.3112
Научные исследования и разработки в области общественных наук,72.20.1,2020,1357.0488
Научные исследования и разработки в области общественных наук,72.20.1,2021,1642.8355
Научные исследования и разработки в области общественных наук,72.20.1,2022,11633.6453
Научные исследования и разработки в области общественных наук,72.20.1,2023,2643.6761
Научные исследования и разработки в области общественных наук,72.20.1,2024,5502.2783
Научные исследования и разработки в области общественных наук,72.20.1,2025,3290.7075
Научные исследования и разработки в области общественных наук прочие,72.20.19,2024,2834.1424
Научные исследования и разработки в области общественных наук прочие,72.20.19,2025,231.9517
Научные исследования и разработки в области гуманитарных наук,72.20.2,2017,847.8909
Научные исследования и разработки в области гуманитарных наук,72.20.2,2018,817.2645
Научные исследования и разработки в области гуманитарных наук,72.20.2,2019,754.0491
Научные исследования и разработки в области гуманитарных наук,72.20.2,2020,754.1646
Научные исследования и разработки в области гуманитарных наук,72.20.2,2021,601.8611
Научные исследования и разработки в области гуманитарных наук,72.20.2,2022,874.5317
Научные исследования и разработки в области гуманитарных наук,72.20.2,2023,1032.1937
Научные исследования и разработки в области гуманитарных наук,72.20.2,2024,1303.9896
Научные исследования и разработки в области гуманитарных наук,72.20.2,2025,2219.863
Деятельность рекламная и исследование конъюнктуры рынка,73,2017,8.501100000000001
Деятельность рекламная и исследование конъюнктуры рынка,73,2018,126.48
Деятельность рекламная и исследование конъюнктуры рынка,73,2019,11.7323
Деятельность рекламная и исследование конъюнктуры рынка,73,2020,156.7972
Деятельность рекламная и исследование конъюнктуры рынка,73,2021,179.6413
Деятельность рекламная и исследование конъюнктуры рынка,73,2025,44.068
Исследование конъюнктуры рынка и изучение общественного мнения,73.2,2017,8.501100000000001
Исследование конъюнктуры рынка и изучение общественного мнения,73.2,2018,126.48
Исследование конъюнктуры рынка и изучение общественного мнения,73.2,2019,11.7323
Исследование конъюнктуры рынка и изучение общественного мнения,73.2,2020,156.7972
Исследование конъюнктуры рынка и изучение общественного мнения,73.2,2021,121.0876
Деятельность профессиональная научная и техническая прочая,74,2019,547.5129000000001
Деятельность профессиональная научная и техническая прочая,74,2020,774.2539
Деятельность профессиональная научная и техническая прочая,74,2021,825.5147
Деятельность профессиональная научная и техническая прочая,74,2022,1093.6432
Деятельность профессиональная научная и техническая прочая,74,2023,255.5783
Деятельность профессиональная научная и техническая прочая,74,2024,1027.864
Деятельность профессиональная научная и техническая прочая,74,2025,503.697
"Деятельность профессиональная, научная и техническая прочая, не включенная в другие группировки",74.9,2019,547.5129000000001
"Деятельность профессиональная, научная и техническая прочая, не включенная в другие группировки",74.9,2020,774.2539
"Деятельность профессиональная, научная и техническая прочая, не включенная в другие группировки",74.9,2021,825.5147
"Деятельность профессиональная, научная и техническая прочая, не включенная в другие группировки",74.9,2022,1093.6432
"Деятельность профессиональная, научная и техническая прочая, не включенная в другие группировки",74.9,2023,255.5783
"Деятельность профессиональная, научная и техническая прочая, не включенная в другие группировки",74.90,2024,1027.864
"Деятельность профессиональная, научная и техническая прочая, не включенная в другие группировки",74.90,2025,494.6509
Деятельность иная в области защиты информации,74.90.09.АГ,2024,1009.9511
Деятельность иная в области защиты информации,74.90.09.АГ,2025,341.94120000000004
Деятельность в области защиты информации и обеспечения безопасности критической информационной инфраструктуры,74.90.9,2024,1009.9511
Деятельность в области защиты информации и обеспечения безопасности критической информационной инфраструктуры,74.90.9,2025,341.94120000000004
"Деятельность административно-хозяйственная, вспомогательная деятельность по обеспечению функционирования организации, деятельность по предоставлению прочих вспомогательных услуг для бизнеса",82,2017,217.3069
"Деятельность административно-хозяйственная, вспомогательная деятельность по обеспечению функционирования организации, деятельность по предоставлению прочих вспомогательных услуг для бизнеса",82,2018,294.031
"Деятельность административно-хозяйственная, вспомогательная деятельность по обеспечению функционирования организации, деятельность по предоставлению прочих вспомогательных услуг для бизнеса",82,2019,367.8853
"Деятельность административно-хозяйственная, вспомогательная деятельность по обеспечению функционирования организации, деятельность по предоставлению прочих вспомогательных услуг для бизнеса",82,2020,1387.3145
"Деятельность административно-хозяйственная, вспомогательная деятельность по обеспечению функционирования организации, деятельность по предоставлению прочих вспомогательных услуг для бизнеса",82,2021,1118.982
"Деятельность административно-хозяйственная, вспомогательная деятельность по обеспечению функционирования организации, деятельность по предоставлению прочих вспомогательных услуг для бизнеса",82,2022,2685.6911
"Деятельность административно-хозяйственная, вспомогательная деятельность по обеспечению функционирования организации, деятельность по предоставлению прочих вспомогательных услуг для бизнеса",82,2023,379.4987
"Деятельность административно-хозяйственная, вспомогательная деятельность по обеспечению функционирования организации, деятельность по предоставлению прочих вспомогательных услуг для бизнеса",82,2024,404.6127
"Деятельность административно-хозяйственная, вспомогательная деятельность по обеспечению функционирования организации, деятельность по предоставлению прочих вспомогательных услуг для бизнеса",82,2025,366.4424
Деятельность по организации конференций и выставок,82.30,2024,26.902
"Деятельность по предоставлению вспомогательных услуг для бизнеса, не включенная в другие группировки",82.9,2025,351.1725
"Деятельность по предоставлению прочих вспомогательных услуг для бизнеса, не включенная в другие группировки",82.99,2025,351.1725
"Деятельность органов государственного управления по обеспечению военной безопасности, обязательному социальному обеспечению",84,2024,1658.0688
"Деятельность органов государственного управления по обеспечению военной безопасности, обязательному социальному обеспечению",84,2025,1729.246
"Предоставление государственных услуг обществу, не включенные в другие группировки",84.02.АГ,2018,1362.7612
"Предоставление государственных услуг обществу, не включенные в другие группировки",84.02.АГ,2019,847.8894
"Предоставление государственных услуг обществу, не включенные в другие группировки",84.02.АГ,2020,832.809
"Предоставление государственных услуг обществу, не включенные в другие группировки",84.02.АГ,2024,1549.8768
"Предоставление государственных услуг обществу, не включенные в другие группировки",84.02.АГ,2025,1697.9663
Предоставление государственных услуг обществу,84.2,2024,1567.1626
Предоставление государственных услуг обществу,84.2,2025,1719.2629
Образование,85,2024,195945.5412
Образование,85,2025,219069.3244
Образование общее,85.1,2020,16.3872
Образование профессиональное,85.2,2017,94726.2788
Образование профессиональное,85.2,2018,100996.4724
Образование профессиональное,85.2,2019,112664.3108
Образование профессиональное,85.2,2020,116697.5293
Образование профессиональное,85.2,2021,133033.7758
Образование профессиональное,85.2,2022,152241.3071
Образование профессиональное,85.2,2023,175212.9445
Образование профессиональное,85.2,2024,192459.7189
Образование профессиональное,85.2,2025,218452.3025
Образование профессиональное среднее,85.21,2017,81.4483
Образование профессиональное среднее,85.21,2018,62.205
Образование профессиональное среднее,85.21,2019,49.4269
Образование профессиональное среднее,85.21,2020,36.3906
Образование профессиональное среднее,85.21,2021,40.562
Образование профессиональное среднее,85.21,2022,27.0924
Образование профессиональное среднее,85.21,2023,21.3246
Образование профессиональное среднее,85.21,2024,20.5442
Образование профессиональное среднее,85.21,2025,18.9301
Образование высшее,85.22,2017,94002.7004
Образование высшее,85.22,2018,100337.1855
Образование высшее,85.22,2019,110437.3008
Образование высшее,85.22,2020,116301.2345
Образование высшее,85.22,2021,132652.0791
Образование высшее,85.22,2022,151935.61490000002
Образование высшее,85.22,2023,174949.8593
Образование высшее,85.22,2024,191949.8706
Образование высшее,85.22,2025,218217.5827
Образование высшее - бакалавриат,85.22.1,2024,9029.8767
Образование высшее - бакалавриат,85.22.1,2025,9326.845
Образование высшее - специалитет,85.22.2,2024,1164.2265
Образование высшее - специалитет,85.22.2,2025,1961.6434
Образование высшее - магистратура,85.22.3,2024,5898.5347
Образование высшее - магистратура,85.22.3,2025,8068.007
Подготовка кадров высшей квалификации,85.23,2017,642.1301
Подготовка кадров высшей квалификации,85.23,2018,597.0819
Подготовка кадров высшей квалификации,85.23,2019,2177.5831000000003
Подготовка кадров высшей квалификации,85.23,2020,359.9042
Подготовка кадров высшей квалификации,85.23,2021,341.1347
Подготовка кадров высшей квалификации,85.23,2022,278.5998
Подготовка кадров высшей квалификации,85.23,2023,241.7606
Подготовка кадров высшей квалификации,85.23,2024,489.3041
Подготовка кадров высшей квалификации,85.23,2025,215.7897
Образование дополнительное,85.4,2017,169.91639999999998
Образование дополнительное,85.4,2018,220.4345
Образование дополнительное,85.4,2019,184.1734
Образование дополнительное,85.4,2020,201.8411
Образование дополнительное,85.4,2021,454.6823
Образование дополнительное,85.4,2022,553.2569
Образование дополнительное,85.4,2023,826.5598
Образование дополнительное,85.4,2024,3475.4365
Образование дополнительное,85.4,2025,606.756
Образование дополнительное детей и взрослых,85.41,2024,299.626
Образование дополнительное детей и взрослых,85.41,2025,236.6213
Образование профессиональное дополнительное,85.42,2024,3175.8105
Образование профессиональное дополнительное,85.42,2025,370.1347
"Деятельность по дополнительному профессиональному образованию прочая, не включенная в другие группировки",85.42.9,2024,2946.1415
"Деятельность по дополнительному профессиональному образованию прочая, не включенная в другие группировки",85.42.9,2025,74.5261
Деятельность в области здравоохранения,86,2017,3681.1105
Деятельность в области здравоохранения,86,2018,4768.864
Деятельность в области здравоохранения,86,2019,5144.4434
Деятельность в области здравоохранения,86,2020,6539.7585
Деятельность в области здравоохранения,86,2021,6066.0184
Деятельность в области здравоохранения,86,2022,5887.0374
Деятельность в области здравоохранения,86,2023,7355.589
Деятельность в области здравоохранения,86,2024,8300.225
Деятельность в области здравоохранения,86,2025,9389.5834
Деятельность больничных организаций,86.10,2024,4187.6495
Деятельность больничных организаций,86.10,2025,4582.0273
Медицинская и стоматологическая практика,86.2,2024,249.7528
Медицинская и стоматологическая практика,86.2,2025,317.7163
Общая врачебная практика,86.21,2025,315.7326
Деятельность в области медицины прочая,86.90,2024,3862.8227
Деятельность в области медицины прочая,86.90,2025,4489.8398
Деятельность организаций санитарно-эпидемиологической службы,86.90.1,2024,3507.6584
Деятельность организаций санитарно-эпидемиологической службы,86.90.1,2025,4303.2283
"Деятельность творческая, деятельность в области искусства и организации развлечений",90,2023,20.654400000000003
"Деятельность творческая, деятельность в области искусства и организации развлечений",90.0,2024,20.8094
"Деятельность творческая, деятельность в области искусства и организации развлечений",90.0,2025,26.1464
"Деятельность библиотек, архивов, музеев и прочих объектов культуры",91,2017,3044.3372000000004
"Деятельность библиотек, архивов, музеев и прочих объектов культуры",91,2018,3250.0602000000003
"Деятельность библиотек, архивов, музеев и прочих объектов культуры",91,2019,3890.8101
"Деятельность библиотек, архивов, музеев и прочих объектов культуры",91,2020,2740.5387
"Деятельность библиотек, архивов, музеев и прочих объектов культуры",91,2021,2911.7752
"Деятельность библиотек, архивов, музеев и прочих объектов культуры",91,2022,2667.0697
"Деятельность библиотек, архивов, музеев и прочих объектов культуры",91,2023,2820.4601
"Деятельность библиотек, архивов, музеев и прочих объектов культуры",91.0,2024,3493.5906
"Деятельность библиотек, архивов, музеев и прочих объектов культуры",91.0,2025,3037.4654
Деятельность библиотек и архивов,91.01,2024,867.2722
Деятельность библиотек и архивов,91.01,2025,475.2909
Деятельность музеев,91.02,2024,1769.7337
Деятельность музеев,91.02,2025,1558.0213
"Деятельность по охране исторических мест и зданий, памятников культуры",91.03,2024,107.4761
"Деятельность по охране исторических мест и зданий, памятников культуры",91.03,2025,124.7347
"Деятельность ботанических садов, зоопарков, государственных природных заповедников и национальных парков",91.04,2024,749.1086
"Деятельность ботанических садов, зоопарков, государственных природных заповедников и национальных парков",91.04,2025,879.4185
Деятельность государственных природных заповедников (в том числе биосферных),91.04.2,2024,151.88770000000002
Деятельность государственных природных заповедников (в том числе биосферных),91.04.2,2025,182.5229
Деятельность национальных парков,91.04.3,2024,37.8126
Деятельность национальных парков,91.04.3,2025,47.9972
Деятельность природных парков,91.04.4,2024,8.6021
Деятельность общественных организаций,94,2017,119.3193
Деятельность общественных организаций,94,2019,84.4295
Деятельность общественных организаций,94,2020,76.4658
Деятельность общественных организаций,94,2021,427.0294
Деятельность общественных организаций,94,2022,126.425
Деятельность общественных и прочих некоммерческих организаций,94,2023,165.4304
Деятельность общественных и прочих некоммерческих организаций,94,2024,133.6033
Деятельность общественных и прочих некоммерческих организаций,94,2025,280.8855
Деятельность предпринимательских и профессиональных членских некоммерческих организаций,94.1,2024,79.174
Деятельность предпринимательских и профессиональных членских некоммерческих организаций,94.1,2025,130.60139999999998
Деятельность профессиональных членских организаций,94.12,2024,59.201
Деятельность профессиональных членских организаций,94.12,2025,58.5109
Деятельность прочих общественных и некоммерческих организаций,94.9,2024,54.429300000000005
Деятельность прочих общественных и некоммерческих организаций,94.9,2025,150.2841
"Деятельность прочих общественных организаций и некоммерческих организаций, кроме религиозных и политических организаций",94.99,2024,53.5109
"Деятельность прочих общественных организаций и некоммерческих организаций, кроме религиозных и политических организаций",94.99,2025,149.3108
"Ремонт компьютеров, предметов личного потребления и хозяйственно-бытового назначения",95,2018,869.692
Ремонт коммуникационного оборудования,95.12,2018,792.268
"СЕЛЬСКОЕ, ЛЕСНОЕ ХОЗЯЙСТВО, ОХОТА, РЫБОЛОВСТВО И РЫБОВОДСТВО",A,2017,614.2516999999999
"СЕЛЬСКОЕ, ЛЕСНОЕ ХОЗЯЙСТВО, ОХОТА, РЫБОЛОВСТВО И РЫБОВОДСТВО",A,2018,405.5486
"СЕЛЬСКОЕ, ЛЕСНОЕ ХОЗЯЙСТВО, ОХОТА, РЫБОЛОВСТВО И РЫБОВОДСТВО",A,2019,336.25120000000004
"СЕЛЬСКОЕ, ЛЕСНОЕ ХОЗЯЙСТВО, ОХОТА, РЫБОЛОВСТВО И РЫБОВОДСТВО",A,2020,644.7164
"СЕЛЬСКОЕ, ЛЕСНОЕ ХОЗЯЙСТВО, ОХОТА, РЫБОЛОВСТВО И РЫБОВОДСТВО",A,2021,481.1109
"СЕЛЬСКОЕ, ЛЕСНОЕ ХОЗЯЙСТВО, ОХОТА, РЫБОЛОВСТВО И РЫБОВОДСТВО",A,2022,506.1371
"СЕЛЬСКОЕ, ЛЕСНОЕ ХОЗЯЙСТВО, ОХОТА, РЫБОЛОВСТВО И РЫБОВОДСТВО",A,2023,485.4744
"СЕЛЬСКОЕ, ЛЕСНОЕ ХОЗЯЙСТВО, ОХОТА, РЫБОЛОВСТВО И РЫБОВОДСТВО",A,2024,574.1302
"СЕЛЬСКОЕ, ЛЕСНОЕ ХОЗЯЙСТВО, ОХОТА, РЫБОЛОВСТВО И РЫБОВОДСТВО",A,2025,551.0135
ДОБЫЧА ПОЛЕЗНЫХ ИСКОПАЕМЫХ,B,2017,1071.5517
ДОБЫЧА ПОЛЕЗНЫХ ИСКОПАЕМЫХ,B,2018,1177.9892
ДОБЫЧА ПОЛЕЗНЫХ ИСКОПАЕМЫХ,B,2019,1218.2309
ДОБЫЧА ПОЛЕЗНЫХ ИСКОПАЕМЫХ,B,2020,1293.5412
ДОБЫЧА ПОЛЕЗНЫХ ИСКОПАЕМЫХ,B,2021,320.6658
ДОБЫЧА ПОЛЕЗНЫХ ИСКОПАЕМЫХ,B,2022,312.37859999999995
ДОБЫЧА ПОЛЕЗНЫХ ИСКОПАЕМЫХ,B,2023,1124.8551
ДОБЫЧА ПОЛЕЗНЫХ ИСКОПАЕМЫХ,B,2024,381.2705
ДОБЫЧА ПОЛЕЗНЫХ ИСКОПАЕМЫХ,B,2025,285.8687
ОБРАБАТЫВАЮЩИЕ ПРОИЗВОДСТВА,C,2017,150994.1306
ОБРАБАТЫВАЮЩИЕ ПРОИЗВОДСТВА,C,2018,156916.8682
ОБРАБАТЫВАЮЩИЕ ПРОИЗВОДСТВА,C,2019,177663.09319999997
ОБРАБАТЫВАЮЩИЕ ПРОИЗВОДСТВА,C,2020,231159.5539
ОБРАБАТЫВАЮЩИЕ ПРОИЗВОДСТВА,C,2021,237243.4478
ОБРАБАТЫВАЮЩИЕ ПРОИЗВОДСТВА,C,2022,253484.6658
ОБРАБАТЫВАЮЩИЕ ПРОИЗВОДСТВА,C,2023,307279.447
ОБРАБАТЫВАЮЩИЕ ПРОИЗВОДСТВА,C,2024,458129.132
ОБРАБАТЫВАЮЩИЕ ПРОИЗВОДСТВА,C,2025,464046.6825
"ОБЕСПЕЧЕНИЕ ЭЛЕКТРИЧЕСКОЙ ЭНЕРГИЕЙ, ГАЗОМ И ПАРОМ; КОНДИЦИОНИРОВАНИЕ ВОЗДУХА",D,2017,131.3766
"ОБЕСПЕЧЕНИЕ ЭЛЕКТРИЧЕСКОЙ ЭНЕРГИЕЙ, ГАЗОМ И ПАРОМ; КОНДИЦИОНИРОВАНИЕ ВОЗДУХА",D,2018,208.0078
"ОБЕСПЕЧЕНИЕ ЭЛЕКТРИЧЕСКОЙ ЭНЕРГИЕЙ, ГАЗОМ И ПАРОМ; КОНДИЦИОНИРОВАНИЕ ВОЗДУХА",D,2019,154.4931
"ОБЕСПЕЧЕНИЕ ЭЛЕКТРИЧЕСКОЙ ЭНЕРГИЕЙ, ГАЗОМ И ПАРОМ; КОНДИЦИОНИРОВАНИЕ ВОЗДУХА",D,2024,1086.2077
"ОБЕСПЕЧЕНИЕ ЭЛЕКТРИЧЕСКОЙ ЭНЕРГИЕЙ, ГАЗОМ И ПАРОМ; КОНДИЦИОНИРОВАНИЕ ВОЗДУХА",D,2025,1659.5653
"ВОДОСНАБЖЕНИЕ; ВОДООТВЕДЕНИЕ, ОРГАНИЗАЦИЯ СБОРА И УТИЛИЗАЦИИ ОТХОДОВ, ДЕЯТЕЛЬНОСТЬ ПО ЛИКВИДАЦИИ ЗАГРЯЗНЕНИЙ",E,2018,762.5975
"ВОДОСНАБЖЕНИЕ; ВОДООТВЕДЕНИЕ, ОРГАНИЗАЦИЯ СБОРА И УТИЛИЗАЦИИ ОТХОДОВ, ДЕЯТЕЛЬНОСТЬ ПО ЛИКВИДАЦИИ ЗАГРЯЗНЕНИЙ",E,2019,680.3077
"ВОДОСНАБЖЕНИЕ; ВОДООТВЕДЕНИЕ, ОРГАНИЗАЦИЯ СБОРА И УТИЛИЗАЦИИ ОТХОДОВ, ДЕЯТЕЛЬНОСТЬ ПО ЛИКВИДАЦИИ ЗАГРЯЗНЕНИЙ",E,2024,5131.4119
СТРОИТЕЛЬСТВО,F,2017,59.6495
СТРОИТЕЛЬСТВО,F,2022,78.73360000000001
ТОРГОВЛЯ ОПТОВАЯ И РОЗНИЧНАЯ; РЕМОНТ АВТОТРАНСПОРТНЫХ СРЕДСТВ И МОТОЦИКЛОВ,G,2017,1114.2322
ТОРГОВЛЯ ОПТОВАЯ И РОЗНИЧНАЯ; РЕМОНТ АВТОТРАНСПОРТНЫХ СРЕДСТВ И МОТОЦИКЛОВ,G,2018,2709.7133
ТОРГОВЛЯ ОПТОВАЯ И РОЗНИЧНАЯ; РЕМОНТ АВТОТРАНСПОРТНЫХ СРЕДСТВ И МОТОЦИКЛОВ,G,2019,3347.8984
ТОРГОВЛЯ ОПТОВАЯ И РОЗНИЧНАЯ; РЕМОНТ АВТОТРАНСПОРТНЫХ СРЕДСТВ И МОТОЦИКЛОВ,G,2020,1608.3113999999998
ТОРГОВЛЯ ОПТОВАЯ И РОЗНИЧНАЯ; РЕМОНТ АВТОТРАНСПОРТНЫХ СРЕДСТВ И МОТОЦИКЛОВ,G,2021,1577.5897
ТОРГОВЛЯ ОПТОВАЯ И РОЗНИЧНАЯ; РЕМОНТ АВТОТРАНСПОРТНЫХ СРЕДСТВ И МОТОЦИКЛОВ,G,2022,1708.0059
ТОРГОВЛЯ ОПТОВАЯ И РОЗНИЧНАЯ; РЕМОНТ АВТОТРАНСПОРТНЫХ СРЕДСТВ И МОТОЦИКЛОВ,G,2023,2365.7874
ТОРГОВЛЯ ОПТОВАЯ И РОЗНИЧНАЯ; РЕМОНТ АВТОТРАНСПОРТНЫХ СРЕДСТВ И МОТОЦИКЛОВ,G,2024,4346.7216
ТОРГОВЛЯ ОПТОВАЯ И РОЗНИЧНАЯ; РЕМОНТ АВТОТРАНСПОРТНЫХ СРЕДСТВ И МОТОЦИКЛОВ,G,2025,7041.8982000000005
ТРАНСПОРТИРОВКА И ХРАНЕНИЕ,H,2017,313.5547
ТРАНСПОРТИРОВКА И ХРАНЕНИЕ,H,2018,515.7784
ТРАНСПОРТИРОВКА И ХРАНЕНИЕ,H,2019,8495.869
ТРАНСПОРТИРОВКА И ХРАНЕНИЕ,H,2021,12750.6901
ДЕЯТЕЛЬНОСТЬ В ОБЛАСТИ ИНФОРМАЦИИ И СВЯЗИ,J,2017,8966.0103
ДЕЯТЕЛЬНОСТЬ В ОБЛАСТИ ИНФОРМАЦИИ И СВЯЗИ,J,2018,7557.4536
 ДЕЯТЕЛЬНОСТЬ В ОБЛАСТИ ИНФОРМАЦИИ И СВЯЗИ,J,2019,8513.4205
 ДЕЯТЕЛЬНОСТЬ В ОБЛАСТИ ИНФОРМАЦИИ И СВЯЗИ,J,2020,15708.3957
 ДЕЯТЕЛЬНОСТЬ В ОБЛАСТИ ИНФОРМАЦИИ И СВЯЗИ,J,2021,11483.7729
 ДЕЯТЕЛЬНОСТЬ В ОБЛАСТИ ИНФОРМАЦИИ И СВЯЗИ,J,2022,16125.9934
ДЕЯТЕЛЬНОСТЬ В ОБЛАСТИ ИНФОРМАЦИИ И СВЯЗИ,J,2023,17315.4971
ДЕЯТЕЛЬНОСТЬ В ОБЛАСТИ ИНФОРМАЦИИ И СВЯЗИ,J,2024,21159.0389
ДЕЯТЕЛЬНОСТЬ В ОБЛАСТИ ИНФОРМАЦИИ И СВЯЗИ,J,2025,27394.9967
ДЕЯТЕЛЬНОСТЬ ФИНАНСОВАЯ И СТРАХОВАЯ,K,2017,80.0056
ДЕЯТЕЛЬНОСТЬ ФИНАНСОВАЯ И СТРАХОВАЯ,K,2023,11.8172
ДЕЯТЕЛЬНОСТЬ ФИНАНСОВАЯ И СТРАХОВАЯ,K,2024,3.612
ДЕЯТЕЛЬНОСТЬ ФИНАНСОВАЯ И СТРАХОВАЯ,K,2025,10.7948
ДЕЯТЕЛЬНОСТЬ ПО ОПЕРАЦИЯМ С НЕДВИЖИМЫМ ИМУЩЕСТВОМ,L,2017,1205.4241000000002
 ДЕЯТЕЛЬНОСТЬ ПО ОПЕРАЦИЯМ С НЕДВИЖИМЫМ ИМУЩЕСТВОМ,L,2018,613.7434000000001
ДЕЯТЕЛЬНОСТЬ ПО ОПЕРАЦИЯМ С НЕДВИЖИМЫМ ИМУЩЕСТВОМ,L,2019,1234.3115
ДЕЯТЕЛЬНОСТЬ ПО ОПЕРАЦИЯМ С НЕДВИЖИМЫМ ИМУЩЕСТВОМ,L,2020,1811.4895
ДЕЯТЕЛЬНОСТЬ ПО ОПЕРАЦИЯМ С НЕДВИЖИМЫМ ИМУЩЕСТВОМ,L,2021,862.8961999999999
ДЕЯТЕЛЬНОСТЬ ПО ОПЕРАЦИЯМ С НЕДВИЖИМЫМ ИМУЩЕСТВОМ,L,2022,193.9808
ДЕЯТЕЛЬНОСТЬ ПО ОПЕРАЦИЯМ С НЕДВИЖИМЫМ ИМУЩЕСТВОМ,L,2023,164.9535
ДЕЯТЕЛЬНОСТЬ ПО ОПЕРАЦИЯМ С НЕДВИЖИМЫМ ИМУЩЕСТВОМ,L,2024,75.2834
ДЕЯТЕЛЬНОСТЬ ПО ОПЕРАЦИЯМ С НЕДВИЖИМЫМ ИМУЩЕСТВОМ,L,2025,644.088
"ДЕЯТЕЛЬНОСТЬ ПРОФЕССИОНАЛЬНАЯ, НАУЧНАЯ И ТЕХНИЧЕСКАЯ",M,2017,1087709.5068
"ДЕЯТЕЛЬНОСТЬ ПРОФЕССИОНАЛЬНАЯ, НАУЧНАЯ И ТЕХНИЧЕСКАЯ",M,2018,1113005.9932
"ДЕЯТЕЛЬНОСТЬ ПРОФЕССИОНАЛЬНАЯ, НАУЧНАЯ И ТЕХНИЧЕСКАЯ",M,2019,1136258.2056
"ДЕЯТЕЛЬНОСТЬ ПРОФЕССИОНАЛЬНАЯ, НАУЧНАЯ И ТЕХНИЧЕСКАЯ",M,2020,1165450.1519000002
"ДЕЯТЕЛЬНОСТЬ ПРОФЕССИОНАЛЬНАЯ, НАУЧНАЯ И ТЕХНИЧЕСКАЯ",M,2021,1241076.9330999998
"ДЕЯТЕЛЬНОСТЬ ПРОФЕССИОНАЛЬНАЯ, НАУЧНАЯ И ТЕХНИЧЕСКАЯ",M,2022,1351546.4900999998
"ДЕЯТЕЛЬНОСТЬ ПРОФЕССИОНАЛЬНАЯ, НАУЧНАЯ И ТЕХНИЧЕСКАЯ",M,2023,1545062.6587
"ДЕЯТЕЛЬНОСТЬ ПРОФЕССИОНАЛЬНАЯ, НАУЧНАЯ И ТЕХНИЧЕСКАЯ",M,2024,1635227.1925
"ДЕЯТЕЛЬНОСТЬ ПРОФЕССИОНАЛЬНАЯ, НАУЧНАЯ И ТЕХНИЧЕСКАЯ",M,2025,1789078.0945
ДЕЯТЕЛЬНОСТЬ АДМИНИСТРАТИВНАЯ И СОПУТСТВУЮЩИЕ ДОПОЛНИТЕЛЬНЫЕ УСЛУГИ,N,2017,217.3069
ДЕЯТЕЛЬНОСТЬ АДМИНИСТРАТИВНАЯ И СОПУТСТВУЮЩИЕ ДОПОЛНИТЕЛЬНЫЕ УСЛУГИ,N,2018,351.049
ДЕЯТЕЛЬНОСТЬ АДМИНИСТРАТИВНАЯ И СОПУТСТВУЮЩИЕ ДОПОЛНИТЕЛЬНЫЕ УСЛУГИ,N,2019,466.4415
ДЕЯТЕЛЬНОСТЬ АДМИНИСТРАТИВНАЯ И СОПУТСТВУЮЩИЕ ДОПОЛНИТЕЛЬНЫЕ УСЛУГИ,N,2020,1407.5356000000002
ДЕЯТЕЛЬНОСТЬ АДМИНИСТРАТИВНАЯ И СОПУТСТВУЮЩИЕ ДОПОЛНИТЕЛЬНЫЕ УСЛУГИ,N,2021,1126.6138999999998
ДЕЯТЕЛЬНОСТЬ АДМИНИСТРАТИВНАЯ И СОПУТСТВУЮЩИЕ ДОПОЛНИТЕЛЬНЫЕ УСЛУГИ,N,2022,3079.9936
ДЕЯТЕЛЬНОСТЬ АДМИНИСТРАТИВНАЯ И СОПУТСТВУЮЩИЕ ДОПОЛНИТЕЛЬНЫЕ УСЛУГИ,N,2023,379.4987
ДЕЯТЕЛЬНОСТЬ АДМИНИСТРАТИВНАЯ И СОПУТСТВУЮЩИЕ ДОПОЛНИТЕЛЬНЫЕ УСЛУГИ,N,2024,601.5406999999999
ДЕЯТЕЛЬНОСТЬ АДМИНИСТРАТИВНАЯ И СОПУТСТВУЮЩИЕ ДОПОЛНИТЕЛЬНЫЕ УСЛУГИ,N,2025,1421.737
ГОСУДАРСТВЕННОЕ УПРАВЛЕНИЕ И ОБЕСПЕЧЕНИЕ ВОЕННОЙ БЕЗОПАСНОСТИ; СОЦИАЛЬНОЕ ОБЕСПЕЧЕНИЕ,O,2018,1368.1918999999998
ГОСУДАРСТВЕННОЕ УПРАВЛЕНИЕ И ОБЕСПЕЧЕНИЕ ВОЕННОЙ БЕЗОПАСНОСТИ; СОЦИАЛЬНОЕ ОБЕСПЕЧЕНИЕ,O,2019,866.1083000000001
ГОСУДАРСТВЕННОЕ УПРАВЛЕНИЕ И ОБЕСПЕЧЕНИЕ ВОЕННОЙ БЕЗОПАСНОСТИ; СОЦИАЛЬНОЕ ОБЕСПЕЧЕНИЕ,O,2020,868.6437
ГОСУДАРСТВЕННОЕ УПРАВЛЕНИЕ И ОБЕСПЕЧЕНИЕ ВОЕННОЙ БЕЗОПАСНОСТИ; СОЦИАЛЬНОЕ ОБЕСПЕЧЕНИЕ,O,2021,934.6699
ГОСУДАРСТВЕННОЕ УПРАВЛЕНИЕ И ОБЕСПЕЧЕНИЕ ВОЕННОЙ БЕЗОПАСНОСТИ; СОЦИАЛЬНОЕ ОБЕСПЕЧЕНИЕ,O,2022,1128.1293999999998
ГОСУДАРСТВЕННОЕ УПРАВЛЕНИЕ И ОБЕСПЕЧЕНИЕ ВОЕННОЙ БЕЗОПАСНОСТИ; СОЦИАЛЬНОЕ ОБЕСПЕЧЕНИЕ,O,2023,1150.3628
ГОСУДАРСТВЕННОЕ УПРАВЛЕНИЕ И ОБЕСПЕЧЕНИЕ ВОЕННОЙ БЕЗОПАСНОСТИ; СОЦИАЛЬНОЕ ОБЕСПЕЧЕНИЕ,O,2024,1658.0688
ГОСУДАРСТВЕННОЕ УПРАВЛЕНИЕ И ОБЕСПЕЧЕНИЕ ВОЕННОЙ БЕЗОПАСНОСТИ; СОЦИАЛЬНОЕ ОБЕСПЕЧЕНИЕ,O,2025,1729.246
ОБРАЗОВАНИЕ,P,2017,94909.2852
ОБРАЗОВАНИЕ,P,2018,101223.9534
ОБРАЗОВАНИЕ,P,2019,112860.8037
ОБРАЗОВАНИЕ,P,2020,116923.7047
ОБРАЗОВАНИЕ,P,2021,133497.5155
ОБРАЗОВАНИЕ,P,2022,152805.1558
ОБРАЗОВАНИЕ,P,2023,176049.79369999998
ОБРАЗОВАНИЕ,P,2024,195945.5412
ОБРАЗОВАНИЕ,P,2025,219069.3244
ДЕЯТЕЛЬНОСТЬ В ОБЛАСТИ ЗДРАВООХРАНЕНИЯ И СОЦИАЛЬНЫХ УСЛУГ,Q,2017,3681.1105
ДЕЯТЕЛЬНОСТЬ В ОБЛАСТИ ЗДРАВООХРАНЕНИЯ И СОЦИАЛЬНЫХ УСЛУГ,Q,2018,4768.864
ДЕЯТЕЛЬНОСТЬ В ОБЛАСТИ ЗДРАВООХРАНЕНИЯ И СОЦИАЛЬНЫХ УСЛУГ,Q,2019,5144.4434
ДЕЯТЕЛЬНОСТЬ В ОБЛАСТИ ЗДРАВООХРАНЕНИЯ И СОЦИАЛЬНЫХ УСЛУГ,Q,2020,6545.7998
ДЕЯТЕЛЬНОСТЬ В ОБЛАСТИ ЗДРАВООХРАНЕНИЯ И СОЦИАЛЬНЫХ УСЛУГ,Q,2021,6066.860299999999
ДЕЯТЕЛЬНОСТЬ В ОБЛАСТИ ЗДРАВООХРАНЕНИЯ И СОЦИАЛЬНЫХ УСЛУГ,Q,2022,5889.1972000000005
ДЕЯТЕЛЬНОСТЬ В ОБЛАСТИ ЗДРАВООХРАНЕНИЯ И СОЦИАЛЬНЫХ УСЛУГ,Q,2023,7356.3877
ДЕЯТЕЛЬНОСТЬ В ОБЛАСТИ ЗДРАВООХРАНЕНИЯ И СОЦИАЛЬНЫХ УСЛУГ,Q,2024,8306.5929
ДЕЯТЕЛЬНОСТЬ В ОБЛАСТИ ЗДРАВООХРАНЕНИЯ И СОЦИАЛЬНЫХ УСЛУГ,Q,2025,9396.0386
"ДЕЯТЕЛЬНОСТЬ В ОБЛАСТИ КУЛЬТУРЫ, СПОРТА, ОРГАНИЗАЦИИ ДОСУГА И РАЗВЛЕЧЕНИЙ",R,2017,3044.3372000000004
"ДЕЯТЕЛЬНОСТЬ В ОБЛАСТИ КУЛЬТУРЫ, СПОРТА, ОРГАНИЗАЦИИ ДОСУГА И РАЗВЛЕЧЕНИЙ",R,2018,3251.7602
"ДЕЯТЕЛЬНОСТЬ В ОБЛАСТИ КУЛЬТУРЫ, СПОРТА, ОРГАНИЗАЦИИ ДОСУГА И РАЗВЛЕЧЕНИЙ",R,2019,4526.3812
"ДЕЯТЕЛЬНОСТЬ В ОБЛАСТИ КУЛЬТУРЫ, СПОРТА, ОРГАНИЗАЦИИ ДОСУГА И РАЗВЛЕЧЕНИЙ",R,2020,3488.4027
"ДЕЯТЕЛЬНОСТЬ В ОБЛАСТИ КУЛЬТУРЫ, СПОРТА, ОРГАНИЗАЦИИ ДОСУГА И РАЗВЛЕЧЕНИЙ",R,2021,4076.7475
"ДЕЯТЕЛЬНОСТЬ В ОБЛАСТИ КУЛЬТУРЫ, СПОРТА, ОРГАНИЗАЦИИ ДОСУГА И РАЗВЛЕЧЕНИЙ",R,2022,2679.0067000000004
"ДЕЯТЕЛЬНОСТЬ В ОБЛАСТИ КУЛЬТУРЫ, СПОРТА, ОРГАНИЗАЦИИ ДОСУГА И РАЗВЛЕЧЕНИЙ",R,2023,2844.2507
"ДЕЯТЕЛЬНОСТЬ В ОБЛАСТИ КУЛЬТУРЫ, СПОРТА, ОРГАНИЗАЦИИ ДОСУГА И РАЗВЛЕЧЕНИЙ",R,2024,6508.9692000000005
"ДЕЯТЕЛЬНОСТЬ В ОБЛАСТИ КУЛЬТУРЫ, СПОРТА, ОРГАНИЗАЦИИ ДОСУГА И РАЗВЛЕЧЕНИЙ",R,2025,3066.7338
ПРЕДОСТАВЛЕНИЕ ПРОЧИХ ВИДОВ УСЛУГ,S,2017,676.0462
94 - Деятельность общественных организаций,S,2018,954.454
ПРЕДОСТАВЛЕНИЕ ПРОЧИХ ВИДОВ УСЛУГ,S,2019,599.8715
ПРЕДОСТАВЛЕНИЕ ПРОЧИХ ВИДОВ УСЛУГ,S,2020,219.7978
ПРЕДОСТАВЛЕНИЕ ПРОЧИХ ВИДОВ УСЛУГ,S,2021,546.1624
ПРЕДОСТАВЛЕНИЕ ПРОЧИХ ВИДОВ УСЛУГ,S,2022,163.203
ПРЕДОСТАВЛЕНИЕ ПРОЧИХ ВИДОВ УСЛУГ,S,2023,165.4304
ПРЕДОСТАВЛЕНИЕ ПРОЧИХ ВИДОВ УСЛУГ,S,2024,4915.7063
ПРЕДОСТАВЛЕНИЕ ПРОЧИХ ВИДОВ УСЛУГ,S,2025,281.1073
