sector,okved2,year,RDsalary_s
"Растениеводство и животноводство, охота и предоставление соответствующих услуг в этих областях",01,2017,178.4062
"Растениеводство и животноводство, охота и предоставление соответствующих услуг в этих областях",01,2018,138.6656
"Растениеводство и животноводство, охота и предоставление соответствующих услуг в этих областях",01,2019,151.4114
"Растениеводство и животноводство, охота и предоставление соответствующих услуг в этих областях",01,2020,250.2569
"Растениеводство и животноводство, охота и предоставление соответствующих услуг в этих областях",01,2021,231.4175
"Растениеводство и животноводство, охота и предоставление соответствующих услуг в этих областях",01,2022,250.0236
"Растениеводство и животноводство, охота и предоставление соответствующих услуг в этих областях",01,2023,212.8601
"Растениеводство и животноводство, охота и предоставление соответствующих услуг в этих областях",01,2024,245.7219
"Растениеводство и животноводство, охота и предоставление соответствующих услуг в этих областях",01,2025,257.6693
Выращивание однолетних культур,01.1,2024,50.031
Выращивание однолетних культур,01.1,2025,39.113800000000005
Животноводство,01.4,2025,41.19
Деятельность вспомогательная в области производства сельскохозяйственных культур и послеуборочной обработки сельхозпродукции,01.6,2024,165.8945
Деятельность вспомогательная в области производства сельскохозяйственных культур и послеуборочной обработки сельхозпродукции,01.6,2025,176.1335
Предоставление услуг в области растениеводства,01.61,2024,116.4878
Предоставление услуг в области растениеводства,01.61,2025,127.1685
Предоставление услуг в области добычи полезных ископаемых,09,2019,20.1327
Предоставление услуг в области добычи полезных ископаемых,09,2020,25.3571
Предоставление услуг в области добычи полезных ископаемых,09,2021,82.1197
Предоставление услуг в области добычи полезных ископаемых,09,2022,88.3606
Предоставление услуг в области добычи полезных ископаемых,09,2023,161.9967
Предоставление услуг в области добычи полезных ископаемых,09,2024,73.4731
Предоставление услуг в области добычи полезных ископаемых,09,2025,94.3454
Предоставление услуг в области добычи нефти и природного газа,09.10,2024,73.4731
Предоставление услуг в области добычи нефти и природного газа,09.10,2025,94.3454
Предоставление прочих услуг в области добычи нефти и природного газа,09.10.9,2024,59.2804
Предоставление прочих услуг в области добычи нефти и природного газа,09.10.9,2025,52.8537
Производство пищевых продуктов,10,2017,102.2331
Производство пищевых продуктов,10,2018,31.8773
 Производство пищевых продуктов,10,2019,103.8723
 Производство пищевых продуктов,10,2020,85.6473
 Производство пищевых продуктов,10,2021,135.0411
 Производство пищевых продуктов,10,2022,114.0685
Производство пищевых продуктов,10,2023,169.2791
Производство пищевых продуктов,10,2024,309.01
Производство пищевых продуктов,10,2025,219.8135
Производство прочих пищевых продуктов,10.8,2024,267.4065
Производство прочих пищевых продуктов,10.8,2025,180.5742
"Производство прочих пищевых продуктов, не включенных в другие группировки",10.89,2024,267.4065
"Производство прочих пищевых продуктов, не включенных в другие группировки",10.89,2025,110.5047
"Производство прочих продуктов питания, не включенных в другие группировки",10.89.9,2024,8.569799999999999
Всего по обследуемым видам экономической деятельности,101.АГ,2017,437788.8374
Всего по обследуемым видам экономической деятельности,101.АГ,2018,457267.1326
Всего по обследуемым видам экономической деятельности,101.АГ,2019,502089.9558
Всего по обследуемым видам экономической деятельности,101.АГ,2020,514955.1255
Всего по обследуемым видам экономической деятельности,101.АГ,2021,563908.1436000001
Всего по обследуемым видам экономической деятельности,101.АГ,2022,625162.7718
Всего по обследуемым видам экономической деятельности,101.АГ,2023,699158.3184
Всего по обследуемым видам экономической деятельности,101.АГ,2024,797813.0218
Всего по обследуемым видам экономической деятельности,101.АГ,2025,888687.3589
Промышленное производство (промышленность),102.АГ,2017,34004.1219
Промышленное производство (промышленность),102.АГ,2018,32665.0878
Производство текстильных изделий,13,2017,11.1336
Производство текстильных изделий,13,2018,30.6411
Производство текстильных изделий,13,2019,16.719099999999997
Производство текстильных изделий,13,2020,38.9039
Производство текстильных изделий,13,2021,56.4551
Производство текстильных изделий,13,2022,101.4234
Производство текстильных изделий,13,2023,28.2529
Производство текстильных изделий,13,2024,39.3628
Производство текстильных изделий,13,2025,16.3808
Производство прочих текстильных изделий,13.9,2024,39.0348
Производство прочих текстильных изделий,13.9,2025,16.3808
Собирательная классификационная группировка видов экономической деятельности в области деятельности творческих (креативных) индустрий на основе Общероссийского классификатора видов экономической деятельности (ОКВЭД2) ОК 029-2014 (КДЕС Ред. 2),13210000.029.02,2024,10448.5091
Собирательная классификационная группировка видов экономической деятельности в области деятельности творческих (креативных) индустрий на основе Общероссийского классификатора видов экономической деятельности (ОКВЭД2) ОК 029-2014 (КДЕС Ред. 2),13210000.029.02,2025,9121.924
Сектор инжиниринговых услуг и промышленного дизайна,1323500.029.12,2017,689.0541999999999
 Сектор инжиниринговых услуг и промышленного дизайна,1323500.029.12,2018,1050.4551
Сектор инжиниринговых услуг и промышленного дизайна,1323500.029.12,2019,1258.5032
Сектор инжиниринговых услуг и промышленного дизайна,1323500.029.12,2020,979.0309
Сектор инжиниринговых услуг и промышленного дизайна,1323500.029.12,2021,1076.2477
Сектор инжиниринговых услуг и промышленного дизайна,1323500.029.12,2022,1816.722
Сектор инжиниринговых услуг и промышленного дизайна,1323500.029.12,2023,2123.4421
Сектор инжиниринговых услуг и промышленного дизайна,1323500.029.12,2024,1931.9451
Сектор инжиниринговых услуг и промышленного дизайна,1323500.029.12,2025,2429.8421000000003
"Собирательная классификационная группировка видов экономической деятельности ""Промышленность"" на основе ОКВЭД2 (КДЕС Ред. 2)",1323500.029.31,2019,41923.6948
"Собирательная классификационная группировка видов экономической деятельности ""Промышленность"" на основе ОКВЭД2 (КДЕС Ред. 2)",1323500.029.31,2020,49316.8507
"Собирательная классификационная группировка видов экономической деятельности ""Промышленность"" на основе ОКВЭД2 (КДЕС Ред. 2)",1323500.029.31,2021,52524.9132
"Собирательная классификационная группировка видов экономической деятельности ""Промышленность"" на основе ОКВЭД2 (КДЕС Ред. 2)",1323500.029.31,2022,64407.4852
"Собирательная классификационная группировка видов экономической деятельности ""Промышленность"" на основе ОКВЭД2 (КДЕС Ред. 2)",1323500.029.31,2023,71866.296
"Собирательная классификационная группировка видов экономической деятельности ""Промышленность"" на основе ОКВЭД2 (КДЕС Ред. 2)",1323500.029.31,2024,107821.1874
"Собирательная классификационная группировка видов экономической деятельности ""Промышленность"" на основе ОКВЭД2 (КДЕС Ред. 2)",1323500.029.31,2025,121257.321
Виды экономической деятельности в области промышленности строительных материалов,1323500.029.33,2018,192.0924
Виды экономической деятельности в области промышленности строительных материалов,1323500.029.33,2019,312.3432
Виды экономической деятельности в области промышленности строительных материалов,1323500.029.33,2020,275.931
Виды экономической деятельности в области промышленности строительных материалов,1323500.029.33,2021,270.826
Виды экономической деятельности в области промышленности строительных материалов,1323500.029.33,2022,235.6462
Виды экономической деятельности в области промышленности строительных материалов,1323500.029.33,2023,227.6645
Виды экономической деятельности в области промышленности строительных материалов,1323500.029.33,2024,258.2364
Виды экономической деятельности в области промышленности строительных материалов,1323500.029.33,2025,274.6001
"Собирательная классификационная группировка видов экономической деятельности в области лазерных, оптических и оптоэлектронных технологий (фотоники) на основе Общероссийского классификатора видов экономической деятельности (ОКВЭД 2) ОК 029-2014 (КДЕС Ред.2)",1323500.029.36,2024,448.4904
"Собирательная классификационная группировка видов экономической деятельности в области лазерных, оптических и оптоэлектронных технологий (фотоники) на основе Общероссийского классификатора видов экономической деятельности (ОКВЭД 2) ОК 029-2014 (КДЕС Ред.2)",1323500.029.36,2025,579.0758000000001
Сектор информационно-коммуникационных технологий,1324500.029.01,2017,10433.5105
Сектор информационно-коммуникационных технологий,1324500.029.01,2018,10760.6768
Сектор информационно-коммуникационных технологий,1324500.029.01,2019,10131.1497
Сектор информационно-коммуникационных технологий,1324500.029.01,2020,13775.9538
Сектор информационно-коммуникационных технологий,1324500.029.01,2021,12745.0384
Сектор информационно-коммуникационных технологий,1324500.029.01,2022,17383.7329
Сектор информационно-коммуникационных технологий,1324500.029.01,2023,19350.1705
Сектор информационно-коммуникационных технологий,1324500.029.01,2024,23521.9413
Сектор информационно-коммуникационных технологий,1324500.029.01,2025,30974.1434
Сектор контента и средств массовой информации,1324500.029.02,2021,8.586
Сектор контента и средств массовой информации,1324500.029.02,2022,9.0396
Сектор контента и средств массовой информации,1324500.029.02,2025,115.2026
Собирательная классификация группировка видов экономической деятельности «Отрасль информационных технологий» на основе Общероссийского классификатора видов экономической деятельности (ОКВЭД2) ОК 029-2014 (КДЕС Ред. 2),1324500.029.11,2017,3646.5834
Отрасль информационных технологий,1324500.029.11,2018,4051.4135
Отрасль информационных технологий,1324500.029.11,2019,3860.575
Отрасль информационных технологий,1324500.029.11,2020,5423.9126
Отрасль информационных технологий,1324500.029.11,2021,6524.1735
Отрасль информационных технологий,1324500.029.11,2022,9502.1535
Отрасль информационных технологий,1324500.029.11,2023,6396.611900000001
Отрасль информационных технологий,1324500.029.11,2024,8396.8734
Отрасль информационных технологий,1324500.029.11,2025,8535.945300000001
Собирательная классификационная группировка видов экономической деятельности  Агропромышленный комплекс  на основе Общероссийского классификатора видов экономической деятельности (ОКВЭД2) ОК 029-2014 (КДЕС Ред.2),1325000.029.01,2017,334705.3238
" Собирательная классификационная группировка видов экономической деятельности ""Агропромышленный комплекс"" на основе Общероссийского классификатора видов экономической деятельности (ОКВЭД2) ОК 029-2014 (КДЕС Ред.2)",1325000.029.01,2018,344076.5185
"Собирательная классификационная группировка видов экономической деятельности ""Агропромышленный комплекс"" на основе Общероссийского классификатора видов экономической деятельности (ОКВЭД2) ОК 029-2014 (КДЕС Ред.2)",1325000.029.01,2019,358156.0182
"Собирательная классификационная группировка видов экономической деятельности ""Агропромышленный комплекс"" на основе Общероссийского классификатора видов экономической деятельности (ОКВЭД2) ОК 029-2014 (КДЕС Ред.2)",1325000.029.01,2020,365828.9656
"Собирательная классификационная группировка видов экономической деятельности ""Агропромышленный комплекс"" на основе Общероссийского классификатора видов экономической деятельности (ОКВЭД2) ОК 029-2014 (КДЕС Ред.2)",1325000.029.01,2021,405231.3899
"Собирательная классификационная группировка видов экономической деятельности ""Агропромышленный комплекс"" на основе Общероссийского классификатора видов экономической деятельности (ОКВЭД2) ОК 029-2014 (КДЕС Ред.2)",1325000.029.01,2022,438185.4169
"Собирательная классификационная группировка видов экономической деятельности ""Агропромышленный комплекс"" на основе Общероссийского классификатора видов экономической деятельности (ОКВЭД2) ОК 029-2014 (КДЕС Ред.2)",1325000.029.01,2023,495088.6846
"Собирательная классификационная группировка видов экономической деятельности ""Агропромышленный комплекс"" на основе Общероссийского классификатора видов экономической деятельности (ОКВЭД2) ОК 029-2014 (КДЕС Ред.2)",1325000.029.01,2024,536733.1514
Наукоемкие виды экономической деятельности.,136.АГ,2024,686325.2874
Наукоемкие виды экономической деятельности.,136.АГ,2025,764558.1282
Производство одежды,14,2024,105.2077
Производство одежды,14,2025,127.5163
"Производство одежды, кроме одежды из меха",14.1,2024,105.2077
"Производство одежды, кроме одежды из меха",14.1,2025,127.5163
Производство спецодежды,14.12,2024,105.2077
Производство спецодежды,14.12,2025,127.5163
Деятельность полиграфическая и копирование носителей информации,18,2017,162.5944
Производство кокса и нефтепродуктов,19,2017,56.689800000000005
Производство кокса и нефтепродуктов,19,2018,59.8015
Производство кокса и нефтепродуктов,19,2019,61.8039
Производство кокса и нефтепродуктов,19,2022,79.7465
Производство кокса и нефтепродуктов,19,2023,93.783
Производство кокса и нефтепродуктов,19,2025,162.1079
Производство нефтепродуктов,19.20,2025,162.1079
Производство химических веществ и химических продуктов,20,2017,712.0511
Производство химических веществ и химических продуктов,20,2018,737.2656
Производство химических веществ и химических продуктов,20,2019,1422.0602
Производство химических веществ и химических продуктов,20,2020,3297.404
Производство химических веществ и химических продуктов,20,2021,2553.3389
Производство химических веществ и химических продуктов,20,2022,2756.5575
Производство химических веществ и химических продуктов,20,2023,2031.0
Производство химических веществ и химических продуктов,20,2024,3635.1119
Производство химических веществ и химических продуктов,20,2025,5109.5987000000005
"Производство химических продуктов, не включенные в другие группировки",20.05.АГ,2017,217.1626
"Производство химических продуктов, не включенных в другие группировки",20.05.АГ,2018,196.9415
"Производство химических продуктов, не включенных в другие группировки",20.05.АГ,2019,365.8118
"Производство химических продуктов, не включенных в другие группировки",20.05.АГ,2020,562.3684000000001
"Производство химических продуктов, не включенных в другие группировки",20.05.АГ,2024,1997.9656
"Производство химических продуктов, не включенных в другие группировки",20.05.АГ,2025,444.4254
"Производство прочих химических продуктов, за исключением взрывчатых веществ",20.09.АГ,2017,102.2653
"Производство прочих химических продуктов, за исключением взрывчатых веществ",20.09.АГ,2018,196.9415
" Производство прочих химических продуктов, за исключением взрывчатых веществ",20.09.АГ,2019,365.8118
" Производство прочих химических продуктов, за исключением взрывчатых веществ",20.09.АГ,2020,562.3684000000001
" Производство прочих химических продуктов, за исключением взрывчатых веществ",20.09.АГ,2021,953.0482
" Производство прочих химических продуктов, за исключением взрывчатых веществ",20.09.АГ,2022,1407.9293
"Производство прочих химических продуктов, за исключением взрывчатых веществ",20.09.АГ,2023,1239.5808
"Производство прочих химических продуктов, за исключением взрывчатых веществ",20.09.АГ,2024,1997.9656
"Производство основных химических веществ, удобрений и азотных соединений, пластмасс и синтетического каучука в первичных формах",20.1,2017,402.6593
"Производство основных химических веществ, удобрений и азотных соединений, пластмасс и синтетического каучука в первичных формах",20.1,2018,406.2011
"Производство основных химических веществ, удобрений и азотных соединений, пластмасс и синтетического каучука в первичных формах",20.1,2019,925.6284
"Производство основных химических веществ, удобрений и азотных соединений, пластмасс и синтетического каучука в первичных формах",20.1,2020,2626.4644
"Производство основных химических веществ, удобрений и азотных соединений, пластмасс и синтетического каучука в первичных формах",20.1,2021,1488.7863
"Производство основных химических веществ, удобрений и азотных соединений, пластмасс и синтетического каучука в первичных формах",20.1,2022,1215.9878
"Производство основных химических веществ, удобрений и азотных соединений, пластмасс и синтетического каучука в первичных формах",20.1,2023,634.8719
"Производство основных химических веществ, удобрений и азотных соединений, пластмасс и синтетического каучука в первичных формах",20.1,2024,1451.485
"Производство основных химических веществ, удобрений и азотных соединений, пластмасс и синтетического каучука в первичных формах",20.1,2025,4439.4957
Производство прочих основных неорганических химических веществ,20.13,2024,464.4709
Производство прочих основных неорганических химических веществ,20.13,2025,3200.4835
Производство прочих основных органических химических веществ,20.14,2024,34.2408
Производство прочих основных органических химических веществ,20.14,2025,120.3184
Производство удобрений и азотных соединений,20.15,2017,65.6628
Производство удобрений и азотных соединений,20.15,2018,61.849
 Производство удобрений и азотных соединений,20.15,2019,64.6059
Производство удобрений и азотных соединений,20.15,2024,79.57339999999999
Производство удобрений и азотных соединений,20.15,2025,95.5009
Производство азотных минеральных или химических удобрений,20.15.3,2025,95.5009
Производство пластмасс и синтетических смол в первичных формах,20.16,2024,777.1941999999999
Производство пластмасс и синтетических смол в первичных формах,20.16,2025,911.4448
Среднетехнологичные высокого уровня виды деятельности,20.27.01.АГ,2024,47448.1269
Среднетехнологичные высокого уровня виды деятельности,20.27.01.АГ,2025,37769.6083
"Производство красок, лаков и аналогичных материалов для нанесения покрытий, полиграфических красок и мастик",20.3,2017,34.1259
"Производство красок, лаков и аналогичных материалов для нанесения покрытий, полиграфических красок и мастик",20.3,2018,37.8646
"Производство красок, лаков и аналогичных материалов для нанесения покрытий, полиграфических красок и мастик",20.3,2019,46.3487
"Производство красок, лаков и аналогичных материалов для нанесения покрытий, полиграфических красок и мастик",20.3,2020,40.3015
"Производство красок, лаков и аналогичных материалов для нанесения покрытий, полиграфических красок и мастик",20.3,2021,38.6362
"Производство красок, лаков и аналогичных материалов для нанесения покрытий, полиграфических красок и мастик",20.3,2022,40.0724
"Производство красок, лаков и аналогичных материалов для нанесения покрытий, полиграфических красок и мастик",20.3,2023,49.9561
"Производство красок, лаков и аналогичных материалов для нанесения покрытий, полиграфических красок и мастик",20.30,2024,72.5589
"Производство красок, лаков и аналогичных материалов для нанесения покрытий, полиграфических красок и мастик",20.30,2025,75.1481
Производство красок и лаков на основе полимеров,20.30.1,2024,35.902300000000004
Производство красок и лаков на основе полимеров,20.30.1,2025,38.4336
"Производство мыла и моющих, чистящих и полирующих средств; парфюмерных и косметических средств",20.4,2017,58.1033
"Производство мыла и моющих, чистящих и полирующих средств; парфюмерных и косметических средств",20.4,2018,81.1927
"Производство мыла и моющих, чистящих и полирующих средств; парфюмерных и косметических средств",20.4,2019,52.2893
"Производство мыла и моющих, чистящих и полирующих средств; парфюмерных и косметических средств",20.4,2020,68.2697
"Производство мыла и моющих, чистящих и полирующих средств; парфюмерных и косметических средств",20.4,2021,72.5543
"Производство мыла и моющих, чистящих и полирующих средств; парфюмерных и косметических средств",20.4,2022,89.9383
"Производство мыла и моющих, чистящих и полирующих средств; парфюмерных и косметических средств",20.4,2023,104.4219
"Производство мыла и моющих, чистящих и полирующих средств; парфюмерных и косметических средств",20.4,2024,111.1066
"Производство мыла и моющих, чистящих и полирующих средств; парфюмерных и косметических средств",20.4,2025,148.3159
"Производство мыла и моющих, чистящих и полирующих средств",20.41,2024,91.579
"Производство мыла и моющих, чистящих и полирующих средств",20.41,2025,118.2263
"Производство органических поверхностно-активных веществ, кроме мыла",20.41.2,2024,19.7805
"Производство мыла и моющих средств, чистящих и полирующих средств",20.41.3,2025,105.8978
Производство прочих химических продуктов,20.5,2017,217.1626
Производство прочих химических продуктов,20.5,2018,196.9415
Производство прочих химических продуктов,20.5,2019,365.8118
Производство прочих химических продуктов,20.5,2020,562.3684000000001
Производство прочих химических продуктов,20.5,2021,953.0482
Производство прочих химических продуктов,20.5,2022,1407.9293
Производство прочих химических продуктов,20.5,2023,1239.5808
Производство прочих химических продуктов,20.5,2024,1997.9656
Производство прочих химических продуктов,20.5,2025,444.4254
"Производство лекарственных средств и материалов, применяемых в медицинских целях",21,2017,1387.7931999999998
"Производство лекарственных средств и материалов, применяемых в медицинских целях",21,2018,646.3906
"Производство лекарственных средств и материалов, применяемых в медицинских целях",21,2019,748.9784000000001
"Производство лекарственных средств и материалов, применяемых в медицинских целях",21,2020,866.2228
"Производство лекарственных средств и материалов, применяемых в медицинских целях",21,2021,1102.4647
"Производство лекарственных средств и материалов, применяемых в медицинских целях",21,2022,1381.4382
"Производство лекарственных средств и материалов, применяемых в медицинских целях и ветеринарии",21,2023,1794.3553
"Производство лекарственных средств и материалов, применяемых в медицинских целях и ветеринарии",21,2024,1996.2012
"Производство лекарственных средств и материалов, применяемых в медицинских целях и ветеринарии",21,2025,2427.1289
Производство фармацевтических субстанций,21.1,2017,151.194
Производство фармацевтических субстанций,21.1,2018,36.665
Производство фармацевтических субстанций,21.10,2022,90.1443
Производство фармацевтических субстанций,21.10,2023,225.9611
Производство фармацевтических субстанций,21.10,2024,192.1237
Производство фармацевтических субстанций,21.10,2025,301.7461
"Производство лекарственных препаратов и материалов, применяемых в медицинских целях",21.2,2017,1236.5992
"Производство лекарственных препаратов и материалов, применяемых в медицинских целях",21.2,2018,609.7256
"Производство лекарственных препаратов и материалов, применяемых в медицинских целях",21.20,2019,748.2078
"Производство лекарственных препаратов и материалов, применяемых в медицинских целях",21.20,2020,855.1668000000001
"Производство лекарственных препаратов и материалов, применяемых в медицинских целях",21.20,2021,1045.5447
"Производство лекарственных препаратов и материалов, применяемых в медицинских целях",21.20,2022,1291.2939
"Производство лекарственных препаратов и материалов, применяемых в медицинских целях и ветеринарии",21.20,2023,1568.3942
"Производство лекарственных препаратов и материалов, применяемых в медицинских целях и ветеринарии",21.20,2024,1804.0775
"Производство лекарственных препаратов и материалов, применяемых в медицинских целях и ветеринарии",21.20,2025,2125.3828
Производство лекарственных препаратов для медицинского применения,21.20.1,2024,1302.8793
Производство лекарственных препаратов для медицинского применения,21.20.1,2025,1801.2451999999998
"Производство материалов, применяемых в медицинских целях",21.20.2,2024,500.8142
"Производство материалов, применяемых в медицинских целях",21.20.2,2025,295.091
Производство лекарственных препаратов для ветеринарного применения,21.20.3,2025,28.5057
Высокотехнологичные виды деятельности,21.26.01.АГ,2024,48790.3826
Высокотехнологичные виды деятельности,21.26.01.АГ,2025,73009.4082
Производство резиновых и пластмассовых изделий,22,2017,95.699
Производство резиновых и пластмассовых изделий,22,2018,71.9551
Производство резиновых и пластмассовых изделий,22,2019,87.5112
Производство резиновых и пластмассовых изделий,22,2020,86.7979
Производство резиновых и пластмассовых изделий,22,2021,89.5499
Производство резиновых и пластмассовых изделий,22,2022,77.4128
Производство резиновых и пластмассовых изделий,22,2023,144.5341
Производство резиновых и пластмассовых изделий,22,2024,215.6956
Производство резиновых и пластмассовых изделий,22,2025,264.64790000000005
Производство резиновых изделий,22.1,2017,63.153
Производство резиновых изделий,22.1,2018,63.964
Производство резиновых изделий,22.1,2019,78.447
Производство резиновых изделий,22.1,2020,79.8502
Производство резиновых изделий,22.1,2021,84.89439999999999
Производство резиновых изделий,22.1,2022,70.9788
Производство резиновых изделий,22.1,2023,105.8265
Производство резиновых изделий,22.1,2024,126.2911
Производство резиновых изделий,22.1,2025,147.89020000000002
Производство прочих резиновых изделий,22.19,2024,126.2079
Производство прочих резиновых изделий,22.19,2025,147.83020000000002
Производство изделий из пластмасс,22.2,2024,89.4045
Производство изделий из пластмасс,22.2,2025,116.7577
"Производство пластмассовых плит, полос, труб и профилей",22.21,2025,21.9166
Производство пластмассовых изделий для упаковывания товаров,22.22,2025,50.0371
Производство прочей неметаллической минеральной продукции,23,2017,334.7321
Производство прочей неметаллической минеральной продукции,23,2018,137.774
Производство прочей неметаллической минеральной продукции,23,2019,676.5287
Производство прочей неметаллической минеральной продукции,23,2020,247.0114
Производство прочей неметаллической минеральной продукции,23,2021,649.8932
Производство прочей неметаллической минеральной продукции,23,2022,590.263
Производство прочей неметаллической минеральной продукции,23,2023,475.0101
Производство прочей неметаллической минеральной продукции,23,2024,365.0252
Производство прочей неметаллической минеральной продукции,23,2025,403.0496
Производство стекла и изделий из стекла,23.1,2024,58.8695
Производство стекла и изделий из стекла,23.1,2025,63.776300000000006
Производство огнеупорных изделий,23.20,2020,36.3674
Производство огнеупорных изделий,23.20,2021,54.6562
Производство огнеупорных изделий,23.20,2024,65.3042
"Производство абразивных и неметаллических минеральных изделий, не включенных в другие группировки",23.9,2025,31.9479
Производство металлургическое,24,2017,975.4407
Производство металлургическое,24,2018,1139.5109
Производство металлургическое,24,2019,1145.1747
Производство металлургическое,24,2020,1049.9948
Производство металлургическое,24,2021,1089.0903999999998
Производство металлургическое,24,2022,1590.3475
Производство металлургическое,24,2023,1797.0233
Производство металлургическое,24,2024,2372.9322
Производство металлургическое,24,2025,4286.2884
Производство прочих цветных металлов; производство ядерного топлива,24.02.АГ,2017,357.6994
Производство прочих цветных металлов; производство ядерного топлива,24.04.АГ,2018,473.9002
Производство прочих цветных металлов; производство ядерного топлива,24.04.АГ,2019,397.7368
Производство прочих цветных металлов; производство ядерного топлива,24.04.АГ,2020,347.2312
Производство прочих цветных металлов; производство ядерного топлива,24.04.АГ,2024,864.455
Производство прочих цветных металлов; производство ядерного топлива,24.04.АГ,2025,2499.0074
"Производство чугуна, стали и ферросплавов",24.1,2017,204.6884
"Производство чугуна, стали и ферросплавов",24.1,2018,288.5492
"Производство чугуна, стали и ферросплавов",24.1,2019,338.4809
"Производство чугуна, стали и ферросплавов",24.1,2020,358.3246
"Производство чугуна, стали и ферросплавов",24.1,2021,389.8059
"Производство чугуна, стали и ферросплавов",24.1,2022,626.351
"Производство чугуна, стали и ферросплавов",24.1,2023,703.5941
"Производство чугуна, стали и ферросплавов",24.10,2024,955.7418
"Производство чугуна, стали и ферросплавов",24.10,2025,1219.1625
"Производство стальных труб, полых профилей и фитингов",24.2,2017,104.8395
"Производство стальных труб, полых профилей и фитингов",24.2,2018,123.7797
"Производство стальных труб, полых профилей и фитингов",24.2,2019,115.887
"Производство стальных труб, полых профилей и фитингов",24.2,2020,136.5137
"Производство стальных труб, полых профилей и фитингов",24.2,2021,141.0312
"Производство стальных труб, полых профилей и фитингов",24.2,2022,315.3566
"Производство стальных труб, полых профилей и фитингов",24.20,2024,311.2811
"Производство стальных труб, полых профилей и фитингов",24.20,2025,388.7513
"Производство основных драгоценных металлов и прочих цветных металлов, производство ядерного топлива",24.4,2017,665.9128000000001
"Производство основных драгоценных металлов и прочих цветных металлов, производство ядерного топлива",24.4,2018,727.182
"Производство основных драгоценных металлов и прочих цветных металлов, производство ядерного топлива",24.4,2019,689.6227
"Производство основных драгоценных металлов и прочих цветных металлов, производство ядерного топлива",24.4,2020,554.0026
"Производство основных драгоценных металлов и прочих цветных металлов, производство ядерного топлива",24.4,2021,556.9884000000001
"Производство основных драгоценных металлов и прочих цветных металлов, производство ядерного топлива",24.4,2022,648.6399
"Производство основных драгоценных металлов и прочих цветных металлов, производство ядерного топлива",24.4,2023,788.3819
"Производство основных драгоценных металлов и прочих цветных металлов, производство ядерного топлива",24.4,2024,1105.9093
"Производство основных драгоценных металлов и прочих цветных металлов, производство ядерного топлива",24.4,2025,2678.3746
Производство драгоценных металлов,24.41,2024,92.4073
"Производство готовых металлических изделий, кроме машин и оборудования",25,2017,8112.2316
"Производство готовых металлических изделий, кроме машин и оборудования",25,2018,8401.598699999999
"Производство готовых металлических изделий, кроме машин и оборудования",25,2019,11521.241300000002
"Производство готовых металлических изделий, кроме машин и оборудования",25,2020,12217.6722
"Производство готовых металлических изделий, кроме машин и оборудования",25,2021,13404.9207
"Производство готовых металлических изделий, кроме машин и оборудования",25,2022,14098.3884
"Производство готовых металлических изделий, кроме машин и оборудования",25,2023,16058.7259
"Производство готовых металлических изделий, кроме машин и оборудования",25,2024,17173.871
"Производство готовых металлических изделий, кроме машин и оборудования",25,2025,17370.3454
"Производство готовых металлических изделий, кроме машин, оборудования, оружия и боеприпасов",25.01.АГ,2024,2309.7346
"Производство готовых металлических изделий, кроме машин, оборудования, оружия и боеприпасов",25.01.АГ,2025,2142.7026
"Производство готовых металлических изделий, не включенных в другие группировки",25.04.АГ,2017,6811.7485
"Производство готовых металлических изделий, не включенных в другие группировки",25.04.АГ,2018,7695.5864
"Производство готовых металлических изделий, не включенных в другие группировки",25.04.АГ,2019,10760.2261
"Производство готовых металлических изделий, не включенных в другие группировки",25.04.АГ,2020,9774.8114
"Производство готовых металлических изделий, не включенных в другие группировки",25.04.АГ,2024,14864.1364
"Производство готовых металлических изделий, не включенных в другие группировки",25.04.АГ,2025,15235.6009
Производство строительных металлических конструкций и изделий,25.1,2025,51.448800000000006
"Производство строительных металлических конструкций, изделий и их частей",25.11,2025,51.448800000000006
"Производство металлических цистерн, резервуаров и прочих емкостей",25.2,2018,51.0292
"Производство металлических цистерн, резервуаров и прочих емкостей",25.2,2019,79.8857
"Производство металлических цистерн, резервуаров и прочих емкостей",25.2,2020,51.8339
"Производство металлических цистерн, резервуаров и прочих емкостей",25.2,2021,117.9339
Обработка металлов и нанесение покрытий на металлы; механическая обработка металлов,25.6,2018,32.1744
Обработка металлов и нанесение покрытий на металлы; механическая обработка металлов,25.6,2019,42.025400000000005
Обработка металлов и нанесение покрытий на металлы; механическая обработка металлов,25.6,2020,1205.1476
Обработка металлов и нанесение покрытий на металлы; механическая обработка металлов,25.6,2021,670.3408000000001
Обработка металлов и нанесение покрытий на металлы; механическая обработка металлов,25.6,2022,889.2353
Обработка металлов и нанесение покрытий на металлы; механическая обработка металлов,25.6,2023,743.5110999999999
Обработка металлов и нанесение покрытий на металлы; механическая обработка металлов,25.6,2024,645.2895
Обработка металлов и нанесение покрытий на металлы; механическая обработка металлов,25.6,2025,695.3874000000001
Обработка металлов и нанесение покрытий на металлы,25.61,2025,679.9524
"Производство ножевых изделий и столовых приборов, инструментов и универсальных скобяных изделий",25.7,2019,13.472
"Производство компьютеров, электронных и оптических изделий",26,2017,10420.908
"Производство компьютеров, электронных и оптических изделий",26,2018,9701.1198
"Производство компьютеров, электронных и оптических изделий",26,2019,10167.4864
"Производство компьютеров, электронных и оптических изделий",26,2020,13089.3193
"Производство компьютеров, электронных и оптических изделий",26,2021,13026.109
"Производство компьютеров, электронных и оптических изделий",26,2022,15858.6944
"Производство компьютеров, электронных и оптических изделий",26,2023,21311.1149
"Производство компьютеров, электронных и оптических изделий",26,2024,30979.2552
"Производство компьютеров, электронных и оптических изделий",26,2025,48427.3611
Производство элементов электронной аппаратуры и печатных схем (плат),26.1,2017,2417.4587
Производство элементов электронной аппаратуры и печатных схем (плат),26.1,2018,1592.0437
Производство элементов электронной аппаратуры и печатных схем (плат),26.1,2019,1513.3922
Производство элементов электронной аппаратуры и печатных схем (плат),26.1,2020,2561.0512000000003
Производство элементов электронной аппаратуры и печатных схем (плат),26.1,2021,1484.1846
Производство элементов электронной аппаратуры и печатных схем (плат),26.1,2022,2103.9367
Производство элементов электронной аппаратуры и печатных схем (плат),26.1,2023,2402.7862
Производство элементов электронной аппаратуры и печатных схем (плат),26.1,2024,3591.5449
Производство элементов электронной аппаратуры и печатных схем (плат),26.1,2025,5140.1873
Производство элементов электронной аппаратуры,26.11,2024,3591.5449
Производство элементов электронной аппаратуры,26.11,2025,4542.4958
Производство электронных вакуумных ламп и трубок и прочих электронных вакуумных приборов,26.11.1,2024,651.0918
Производство электронных вакуумных ламп и трубок и прочих электронных вакуумных приборов,26.11.1,2025,508.41
"Производство диодов, транзисторов и прочих полупроводниковых приборов, включая светоизлучающие диоды, пьезоэлектрические приборы и их части",26.11.2,2024,1012.6171
"Производство диодов, транзисторов и прочих полупроводниковых приборов, включая светоизлучающие диоды, пьезоэлектрические приборы и их части",26.11.2,2025,1512.157
Производство интегральных электронных схем,26.11.3,2024,851.5391
Производство интегральных электронных схем,26.11.3,2025,964.2924
"Производство частей электронных ламп, трубок и прочих электронных компонентов, не включенных в другие группировки",26.11.9,2024,967.2431
"Производство частей электронных ламп, трубок и прочих электронных компонентов, не включенных в другие группировки",26.11.9,2025,1134.8058
Производство электронных печатных плат,26.12,2025,597.6915
Производство компьютеров и периферийного оборудования,26.2,2017,40.9801
 Производство компьютеров и периферийного оборудования,26.20,2020,301.49670000000003
 Производство компьютеров и периферийного оборудования,26.20,2021,170.9504
 Производство компьютеров и периферийного оборудования,26.20,2022,1033.5461
Производство компьютеров и периферийного оборудования,26.20,2023,2954.3784
Производство компьютеров и периферийного оборудования,26.20,2024,2475.384
Производство компьютеров и периферийного оборудования,26.20,2025,4928.2554
"Производство устройств автоматической обработки данных, информационных и телекоммуникационных систем",26.20.04.АГ,2024,556.5677
"Производство устройств автоматической обработки данных, информационных и телекоммуникационных систем",26.20.04.АГ,2025,551.0676
Производство компьютеров,26.20.1,2024,1918.8163
Производство компьютеров,26.20.1,2025,3685.5884
Производство коммуникационного оборудования,26.3,2017,2700.6806
Производство коммуникационного оборудования,26.3,2018,3672.4756
Производство коммуникационного оборудования,26.30,2019,3068.6203
Производство коммуникационного оборудования,26.30,2020,3408.1522
Производство коммуникационного оборудования,26.30,2021,3749.8747
Производство коммуникационного оборудования,26.30,2022,4334.8513
Производство коммуникационного оборудования,26.30,2023,3923.1999
Производство коммуникационного оборудования,26.30,2024,7335.4837
Производство коммуникационного оборудования,26.30,2025,9411.0795
"Производство прочего коммуникационного оборудования, не включенного в другие группировки",26.30.01.АГ,2020,584.0641999999999
"Производство прочего коммуникационного оборудования, не включенного в другие группировки",26.30.01.АГ,2024,1234.774
"Производство прочего коммуникационного оборудования, не включенного в другие группировки",26.30.01.АГ,2025,2717.7565
"Производство коммуникационной аппаратуры, радио- и телевизионной передающей аппаратуры, телевизионных камер",26.30.1,2024,6542.6866
"Производство коммуникационной аппаратуры, радио- и телевизионной передающей аппаратуры, телевизионных камер",26.30.1,2025,9008.2267
"Производство средств связи, выполняющих функцию систем коммутации",26.30.11,2024,2416.3286000000003
"Производство средств связи, выполняющих функцию систем коммутации",26.30.11,2025,3501.7676
Производство радио- и телевизионной передающей аппаратуры,26.30.17,2024,2325.0877
Производство радио- и телевизионной передающей аппаратуры,26.30.17,2025,1815.6149
Производство прочего коммуникационного оборудования,26.30.19,2024,566.4963
Производство прочего коммуникационного оборудования,26.30.19,2025,973.0877
Производство охранно-пожарной сигнализации и аналогичных приборов,26.30.6,2024,93.543
Производство охранно-пожарной сигнализации и аналогичных приборов,26.30.6,2025,66.211
Производство бытовой электроники,26.4,2017,445.4942
Производство бытовой электроники,26.40,2018,143.5517
Производство бытовой электроники,26.40,2019,43.134800000000006
Производство бытовой электроники,26.40,2020,65.457
Производство бытовой электроники,26.40,2021,47.2165
Производство бытовой электроники,26.40,2022,55.4433
Производство бытовой электроники,26.40,2023,98.0571
Производство бытовой электроники,26.40,2024,92.5684
Производство бытовой электроники,26.40,2025,190.8615
Производство электроакустической аппаратуры,26.40.4,2025,30.003400000000003
Производство контрольно-измерительных и навигационных приборов и аппаратов; производство часов,26.5,2017,4103.0586
Производство контрольно-измерительных и навигационных приборов и аппаратов; производство часов,26.5,2018,3814.581
Производство контрольно-измерительных и навигационных приборов и аппаратов; производство часов,26.5,2019,5144.3772
Производство контрольно-измерительных и навигационных приборов и аппаратов; производство часов,26.5,2020,6397.8561
Производство контрольно-измерительных и навигационных приборов и аппаратов; производство часов,26.5,2021,7232.776599999999
Производство контрольно-измерительных и навигационных приборов и аппаратов; производство часов,26.5,2022,7940.1276
Производство контрольно-измерительных и навигационных приборов и аппаратов; производство часов,26.5,2023,11354.6557
Производство контрольно-измерительных и навигационных приборов и аппаратов; производство часов,26.5,2024,16701.1959
Производство контрольно-измерительных и навигационных приборов и аппаратов; производство часов,26.5,2025,27606.2776
"Производство инструментов и приборов для измерения, тестирования и навигации",26.51,2024,16701.1959
"Производство инструментов и приборов для измерения, тестирования и навигации",26.51,2025,27606.2776
"Производство прочих инструментов и приборов для измерения, тестирования и навигации",26.51.02.АГ,2017,2653.2264
"Производство прочих инструментов и приборов для измерения, тестирования и навигации",26.51.02.АГ,2018,2382.012
"Производство прочих инструментов и приборов для измерения, тестирования и навигации",26.51.02.АГ,2019,3106.3516
"Производство прочих инструментов и приборов для измерения, тестирования и навигации",26.51.02.АГ,2020,4091.7358
"Производство прочих инструментов и приборов для измерения, тестирования и навигации",26.51.02.АГ,2024,12406.4205
"Производство прочих инструментов и приборов для измерения, тестирования и навигации",26.51.02.АГ,2025,20416.923
"Производство навигационных, метеорологических, геодезических, геофизических и аналогичного типа приборов, аппаратуры и инструментов",26.51.1,2024,3110.9989
"Производство навигационных, метеорологических, геодезических, геофизических и аналогичного типа приборов, аппаратуры и инструментов",26.51.1,2025,4153.5536
Производство приборов и аппаратуры для измерения электрических величин или ионизирующих излучений,26.51.4,2024,177.8433
Производство приборов и аппаратуры для измерения электрических величин или ионизирующих излучений,26.51.4,2025,131.7945
Производство приборов для контроля прочих физических величин,26.51.5,2024,380.3238
Производство приборов для контроля прочих физических величин,26.51.5,2025,419.0935
"Производство прочих приборов, датчиков, аппаратуры и инструментов для измерения, контроля и испытаний",26.51.6,2024,595.8272
"Производство прочих приборов, датчиков, аппаратуры и инструментов для измерения, контроля и испытаний",26.51.6,2025,2484.913
"Производство облучающего и электротерапевтического оборудования, применяемого в медицинских целях",26.6,2017,115.9625
"Производство облучающего и электротерапевтического оборудования, применяемого в медицинских целях",26.6,2018,139.2316
"Производство облучающего и электротерапевтического оборудования, применяемого в медицинских целях",26.6,2019,151.4654
"Производство облучающего и электротерапевтического оборудования, применяемого в медицинских целях",26.6,2020,76.159
"Производство облучающего и электротерапевтического оборудования, применяемого в медицинских целях",26.6,2021,98.8812
"Производство облучающего и электротерапевтического оборудования, применяемого в медицинских целях",26.6,2022,144.6496
"Производство облучающего и электротерапевтического оборудования, применяемого в медицинских целях",26.6,2023,289.2148
"Производство облучающего и электротерапевтического оборудования, применяемого в медицинских целях",26.60,2024,334.7599
"Производство облучающего и электротерапевтического оборудования, применяемого в медицинских целях",26.60,2025,571.75
"Производство аппаратов, применяемых в медицинских целях, основанных на использовании рентгеновского, альфа-, бета- и гамма-излучений",26.60.1,2024,113.7989
"Производство аппаратов, применяемых в медицинских целях, основанных на использовании рентгеновского, альфа-, бета- и гамма-излучений",26.60.1,2025,249.1276
"Производство диагностического и терапевтического оборудования, применяемого в медицинских целях",26.60.5,2024,220.961
"Производство оптических приборов, фото- и кинооборудования",26.7,2017,597.2733000000001
"Производство оптических приборов, фото- и кинооборудования",26.7,2018,300.05409999999995
"Производство оптических приборов, фото- и кинооборудования",26.7,2019,206.1607
"Производство оптических приборов, фото- и кинооборудования",26.7,2020,279.1471
"Производство оптических приборов, фото- и кинооборудования",26.7,2021,242.225
"Производство оптических приборов, фото- и кинооборудования",26.7,2022,246.1398
"Производство оптических приборов, фото- и кинооборудования",26.7,2023,288.8228
"Производство оптических приборов, фото- и кинооборудования",26.70,2024,448.3184
"Производство оптических приборов, фото- и кинооборудования",26.70,2025,578.9498000000001
Производство фото- и кинооборудования,26.70.1,2024,68.4519
Производство оптических прицелов и приборов определения координат целей,26.70.6,2024,107.2365
Производство оптических прицелов и приборов определения координат целей,26.70.6,2025,113.6052
Производство электрического оборудования,27,2017,1168.8872
Производство электрического оборудования,27,2018,1058.3173000000002
Производство электрического оборудования,27,2019,1185.5384
Производство электрического оборудования,27,2020,755.2835
Производство электрического оборудования,27,2021,1070.1567
Производство электрического оборудования,27,2022,1227.2994
Производство электрического оборудования,27,2023,2021.9393
Производство электрического оборудования,27,2024,3069.994
Производство электрического оборудования,27,2025,2634.2617
"Производство электродвигателей, генераторов, трансформаторов и распределительных устройств, а также контрольно-измерительной аппаратуры",27.1,2017,667.724
"Производство электродвигателей, генераторов, трансформаторов и распределительных устройств, а также контрольно-измерительной аппаратуры",27.1,2018,388.8443
"Производство электродвигателей, генераторов, трансформаторов и распределительных устройств, а также контрольно-измерительной аппаратуры",27.1,2019,664.6902
"Производство электродвигателей, генераторов, трансформаторов и распределительных устройств, а также контрольно-измерительной аппаратуры",27.1,2020,535.562
"Производство электродвигателей, генераторов, трансформаторов и распределительных устройств, а также контрольно-измерительной аппаратуры",27.1,2021,541.5267
"Производство электродвигателей, генераторов, трансформаторов и распределительных устройств, а также контрольно-измерительной аппаратуры",27.1,2022,805.5709
"Производство электродвигателей, генераторов, трансформаторов и распределительных устройств, а также контрольно-измерительной аппаратуры",27.1,2023,1476.2719
"Производство электродвигателей, генераторов, трансформаторов и распределительных устройств, а также контрольно-измерительной аппаратуры",27.1,2024,2070.6371
"Производство электродвигателей, генераторов, трансформаторов и распределительных устройств, а также контрольно-измерительной аппаратуры",27.1,2025,1471.3183
"Производство электродвигателей, электрогенераторов и трансформаторов",27.11,2024,512.3749
"Производство электродвигателей, электрогенераторов и трансформаторов",27.11,2025,547.0159
"Производство электродвигателей, генераторов и трансформаторов, кроме ремонта",27.11.1,2024,512.3749
"Производство электродвигателей, генераторов и трансформаторов, кроме ремонта",27.11.1,2025,392.5519000000001
Производство электродвигателей,27.11.11,2024,450.4833
Производство электродвигателей,27.11.11,2025,307.9735
Производство электрической распределительной и регулирующей аппаратуры,27.12,2024,1558.2622
Производство электрической распределительной и регулирующей аппаратуры,27.12,2025,924.3024
Производство электрических аккумуляторов и аккумуляторных батарей,27.2,2017,128.7213
Производство электрических аккумуляторов и аккумуляторных батарей,27.2,2018,166.51520000000002
Производство электрических аккумуляторов и аккумуляторных батарей,27.2,2019,118.1868
Производство электрических аккумуляторов и аккумуляторных батарей,27.2,2020,112.8312
Производство электрических аккумуляторов и аккумуляторных батарей,27.2,2021,326.9696
Производство электрических аккумуляторов и аккумуляторных батарей,27.2,2022,123.2544
Производство электрических аккумуляторов и аккумуляторных батарей,27.2,2023,235.6087
Производство электрических аккумуляторов и аккумуляторных батарей,27.20,2024,216.7381
Производство электрических аккумуляторов и аккумуляторных батарей,27.20,2025,238.511
"Производство первичных элементов, батарей первичных элементов и их частей",27.20.1,2024,138.519
"Производство аккумуляторов, в том числе для автомобилей, аккумуляторных батарей и их составных частей",27.20.2,2024,78.21910000000001
"Производство аккумуляторов, в том числе для автомобилей, аккумуляторных батарей и их составных частей",27.20.2,2025,142.3342
Производство аккумуляторных батарей и их частей,27.20.22,2025,84.0123
Производство кабелей и кабельной арматуры,27.3,2017,247.6312
Производство кабелей и кабельной арматуры,27.3,2018,210.1943
Производство кабелей и кабельной арматуры,27.3,2020,17.302599999999998
Производство кабелей и кабельной арматуры,27.3,2021,19.4483
Производство кабелей и кабельной арматуры,27.3,2022,180.6448
Производство кабелей и кабельной арматуры,27.3,2023,135.6831
Производство кабелей и кабельной арматуры,27.3,2024,479.0063
Производство кабелей и кабельной арматуры,27.3,2025,484.1414
Производство прочих проводов и кабелей для электронного и электрического оборудования,27.32,2024,345.2531
Производство прочих проводов и кабелей для электронного и электрического оборудования,27.32,2025,388.1333
Производство силовых кабелей,27.32.2,2024,120.6291
Производство электроустановочных изделий,27.33,2024,133.58120000000002
Производство электроустановочных изделий,27.33,2025,95.8821
Производство электрических ламп и осветительного оборудования,27.4,2022,43.843
Производство электрических ламп и осветительного оборудования,27.4,2023,59.1415
Производство электрических ламп и осветительного оборудования,27.40,2024,69.606
Производство электрических ламп и осветительного оборудования,27.40,2025,50.6104
Производство прочего электрического оборудования,27.9,2017,109.7917
Производство прочего электрического оборудования,27.9,2018,274.3355
Производство прочего электрического оборудования,27.9,2019,176.8549
Производство прочего электрического оборудования,27.9,2020,62.2247
Производство прочего электрического оборудования,27.9,2021,132.32410000000002
Производство прочего электрического оборудования,27.9,2022,59.505300000000005
Производство прочего электрического оборудования,27.9,2023,115.2341
Производство прочего электрического оборудования,27.90,2024,234.0065
Производство прочего электрического оборудования,27.90,2025,386.5526
"Производство электрического оборудования прочего, не включенного в другие группировки",27.90.9,2024,234.0065
"Производство электрического оборудования прочего, не включенного в другие группировки",27.90.9,2025,370.6433
"Производство машин и оборудования, не включенных в другие группировки",28,2017,2148.3611
"Производство машин и оборудования, не включенных в другие группировки",28,2018,1562.1115
"Производство машин и оборудования, не включенных в другие группировки",28,2019,2485.1374
"Производство машин и оборудования, не включенных в другие группировки",28,2020,3265.3385
"Производство машин и оборудования, не включенных в другие группировки",28,2021,5431.6934
"Производство машин и оборудования, не включенных в другие группировки",28,2022,5717.284
"Производство машин и оборудования, не включенных в другие группировки",28,2023,6924.7924
"Производство машин и оборудования, не включенных в другие группировки",28,2024,11543.3449
"Производство машин и оборудования, не включенных в другие группировки",28,2025,7414.9317
Производство машин и оборудования общего назначения,28.1,2017,867.7391
Производство машин и оборудования общего назначения,28.1,2018,854.7678000000001
Производство машин и оборудования общего назначения,28.1,2019,461.4891
Производство машин и оборудования общего назначения,28.1,2020,404.066
Производство машин и оборудования общего назначения,28.1,2021,428.0985
Производство машин и оборудования общего назначения,28.1,2022,945.7618
Производство машин и оборудования общего назначения,28.1,2023,1072.0002
Производство машин и оборудования общего назначения,28.1,2024,3414.5345
Производство машин и оборудования общего назначения,28.1,2025,1430.5919
"Производство двигателей и турбин, кроме авиационных, автомобильных и мотоциклетных двигателей",28.11,2024,426.8736
"Производство двигателей и турбин, кроме авиационных, автомобильных и мотоциклетных двигателей",28.11,2025,504.2843
"Производство двигателей, кроме авиационных, автомобильных и мотоциклетных",28.11.1,2024,145.4582
"Производство двигателей, кроме авиационных, автомобильных и мотоциклетных",28.11.1,2025,120.6149
Производство гидравлического и пневматического силового оборудования,28.12,2024,136.2454
Производство гидравлических и пневматических силовых установок и двигателей,28.12.1,2024,135.6157
Производство прочих насосов и компрессоров,28.13,2024,2764.6924
Производство прочих насосов и компрессоров,28.13,2025,641.3155
Производство прочих машин и оборудования общего назначения,28.2,2017,158.314
Производство прочих машин и оборудования общего назначения,28.2,2019,276.3203
Производство прочих машин и оборудования общего назначения,28.2,2020,146.37439999999998
Производство прочих машин и оборудования общего назначения,28.2,2021,178.7311
Производство прочих машин и оборудования общего назначения,28.2,2022,155.7318
Производство прочих машин и оборудования общего назначения,28.2,2023,248.8951
Производство прочих машин и оборудования общего назначения,28.2,2024,290.439
Производство прочих машин и оборудования общего назначения,28.2,2025,435.0134000000001
Производство промышленного холодильного и вентиляционного оборудования,28.25,2024,270.9025
Производство промышленного холодильного и вентиляционного оборудования,28.25,2025,258.8885
"Производство теплообменных устройств, оборудования для кондиционирования воздуха промышленного холодильного и морозильного оборудования, производство оборудования для фильтрования и очистки газов",28.25.1,2024,270.9025
"Производство теплообменных устройств, оборудования для кондиционирования воздуха промышленного холодильного и морозильного оборудования, производство оборудования для фильтрования и очистки газов",28.25.1,2025,258.8885
"Производство прочих машин и оборудования общего назначения, не включенного в другие группировки",28.29,2025,41.2004
Производство машин и оборудования для сельского и лесного хозяйства,28.3,2017,15.2686
Производство машин и оборудования для сельского и лесного хозяйства,28.3,2023,31.1862
Производство прочих машин специального назначения,28.9,2017,1103.7871
Производство прочих машин специального назначения,28.9,2018,645.3378
Производство прочих машин специального назначения,28.9,2019,1736.4411
Производство прочих машин специального назначения,28.9,2020,2660.4181
Производство прочих машин специального назначения,28.9,2021,4803.4472000000005
Производство прочих машин специального назначения,28.9,2022,4588.3385
Производство прочих машин специального назначения,28.9,2023,5559.1062
Производство прочих машин специального назначения,28.9,2024,7407.0105
Производство прочих машин специального назначения,28.9,2025,5363.387
Производство машин и оборудования для добычи полезных ископаемых и строительства,28.92,2024,2905.8453
Производство машин и оборудования для добычи полезных ископаемых и строительства,28.92,2025,371.2344000000001
"Производство машин и оборудования для производства пищевых продуктов, напитков и табачных изделий",28.93,2024,30.563
"Производство машин и оборудования для производства пищевых продуктов, напитков и табачных изделий",28.93,2025,37.7961
"Производство прочих машин и оборудования специального назначения, не включенных в другие группировки",28.99,2024,4470.6022
"Производство прочих машин и оборудования специального назначения, не включенных в другие группировки",28.99,2025,4954.3565
"Производство прочего оборудования специального назначения,  не включенных в другие группировки",28.99.03.АГ,2017,937.6036
"Производство прочего оборудования специального назначения, не включенного в другие группировки",28.99.03.АГ,2018,566.8012
"Производство прочего оборудования специального назначения, не включенного в другие группировки",28.99.03.АГ,2019,473.2205
"Производство прочего оборудования специального назначения, не включенного в другие группировки",28.99.03.АГ,2020,1068.0323
"Производство прочего оборудования специального назначения, не включенного в другие группировки",28.99.03.АГ,2024,4470.6022
"Производство прочего оборудования специального назначения, не включенного в другие группировки",28.99.03.АГ,2025,4954.3565
"Производство автотранспортных средств, прицепов и полуприцепов",29,2017,857.8813
"Производство автотранспортных средств, прицепов и полуприцепов",29,2018,1544.5488
"Производство автотранспортных средств, прицепов и полуприцепов",29,2019,2403.0347
"Производство автотранспортных средств, прицепов и полуприцепов",29,2020,2783.6665
"Производство автотранспортных средств, прицепов и полуприцепов",29,2021,2791.0283
"Производство автотранспортных средств, прицепов и полуприцепов",29,2022,7929.1766
"Производство автотранспортных средств, прицепов и полуприцепов",29,2023,3583.9238
"Производство автотранспортных средств, прицепов и полуприцепов",29,2024,13622.664
"Производство автотранспортных средств, прицепов и полуприцепов",29,2025,6533.5441
Производство автотранспортных средств,29.10,2017,857.6723000000001
Производство автотранспортных средств,29.10,2018,1514.404
Производство автотранспортных средств,29.10,2019,2328.1133
Производство автотранспортных средств,29.10,2020,2714.8415
Производство автотранспортных средств,29.10,2021,2765.4048
Производство автотранспортных средств,29.10,2022,7841.6515
Производство автотранспортных средств,29.10,2023,3428.3961
Производство автотранспортных средств,29.10,2024,13344.5824
Производство автотранспортных средств,29.10,2025,5983.150799999999
Производство грузовых автомобилей,29.10.4,2025,1358.1043
Производство автомобилей специального назначения,29.10.5,2024,262.0932
Производство автомобилей специального назначения,29.10.5,2025,152.5529
Производство комплектующих и принадлежностей для автотранспортных средств,29.3,2019,74.92139999999999
Производство комплектующих и принадлежностей для автотранспортных средств,29.3,2020,68.825
Производство комплектующих и принадлежностей для автотранспортных средств,29.3,2021,25.6235
Производство комплектующих и принадлежностей для автотранспортных средств,29.3,2022,66.9321
Производство комплектующих и принадлежностей для автотранспортных средств,29.3,2023,134.3529
Производство комплектующих и принадлежностей для автотранспортных средств,29.3,2024,106.1446
Производство комплектующих и принадлежностей для автотранспортных средств,29.3,2025,431.4173
Производство электрического и электронного оборудования для автотранспортных средств,29.31,2025,100.5508
Производство прочих комплектующих и принадлежностей для автотранспортных средств,29.32,2024,41.4534
Производство прочих комплектующих и принадлежностей для автотранспортных средств,29.32,2025,330.8665
"Производство частей и принадлежностей для автотранспортных средств, не включенных в другие группировки",29.32.3,2024,18.1346
"Производство частей и принадлежностей для автотранспортных средств, не включенных в другие группировки",29.32.3,2025,330.8665
Производство прочих транспортных средств и оборудования,30,2017,6561.349200000001
Производство прочих транспортных средств и оборудования,30,2018,6425.626
Производство прочих транспортных средств и оборудования,30,2019,8745.7186
Производство прочих транспортных средств и оборудования,30,2020,10070.7628
Производство прочих транспортных средств и оборудования,30,2021,9997.422
Производство прочих транспортных средств и оборудования,30,2022,10365.5982
Производство прочих транспортных средств и оборудования,30,2023,11077.5969
Производство прочих транспортных средств и оборудования,30,2024,16537.653
Производство прочих транспортных средств и оборудования,30,2025,23031.8524
"Производство прочих транспортных средств, не включенных в другие группировки",30.01.АГ,2017,325.07640000000004
"Производство прочих транспортных средств, не включенных в другие группировки",30.01.АГ,2018,204.1896
"Производство прочих транспортных средств, не включенных в другие группировки",30.01.АГ,2019,198.3468
"Производство прочих транспортных средств, не включенных в другие группировки",30.01.АГ,2020,128.5588
"Производство прочих транспортных средств, не включенных в другие группировки",30.01.АГ,2024,126.4995
"Производство прочих транспортных средств, не включенных в другие группировки",30.01.АГ,2025,214.3959
Производство железнодорожных локомотивов и подвижного состава,30.20,2017,628.1777
Производство железнодорожных локомотивов и подвижного состава,30.20,2018,546.6878
Производство железнодорожных локомотивов и подвижного состава,30.20,2019,409.9148
Производство железнодорожных локомотивов и подвижного состава,30.20,2020,356.088
Производство железнодорожных локомотивов и подвижного состава,30.20,2021,373.1931
Производство железнодорожных локомотивов и подвижного состава,30.20,2022,396.9748
Производство железнодорожных локомотивов и подвижного состава,30.20,2023,459.0458
Производство железнодорожных локомотивов и подвижного состава,30.20,2024,596.2273
Производство железнодорожных локомотивов и подвижного состава,30.20,2025,662.5383
Производство прочего подвижного состава,30.20.3,2024,166.0051
Производство прочего подвижного состава,30.20.3,2025,174.8401
"Производство несамоходных железнодорожных, трамвайных и прочих вагонов для перевозки грузов",30.20.33,2024,166.0051
"Производство несамоходных железнодорожных, трамвайных и прочих вагонов для перевозки грузов",30.20.33,2025,174.8401
"Производство частей железнодорожных локомотивов, трамвайных и прочих моторных вагонов и подвижного состава; производство путевого оборудования и устройств для железнодорожных, трамвайных и прочих путей, механического и электромеханического оборудования для управления движением",30.20.4,2025,130.1498
"Производство летательных аппаратов, включая космические, и соответствующего оборудования",30.3,2017,5608.0951
"Производство летательных аппаратов, включая космические, и соответствующего оборудования",30.3,2018,5674.7486
"Производство летательных аппаратов, включая космические, и соответствующего оборудования",30.3,2019,8137.457
"Производство летательных аппаратов, включая космические, и соответствующего оборудования",30.3,2020,9586.116
"Производство летательных аппаратов, включая космические, и соответствующего оборудования",30.3,2021,9469.5737
"Производство летательных аппаратов, включая космические, и соответствующего оборудования",30.3,2022,9889.1222
"Производство летательных аппаратов, включая космические, и соответствующего оборудования",30.3,2023,10487.384300000002
"Производство летательных аппаратов, включая космические, и соответствующего оборудования",30.30,2024,15814.9262
"Производство летательных аппаратов, включая космические, и соответствующего оборудования",30.30,2025,22154.9182
"Производство силовых установок и двигателей для летательных аппаратов, включая космические; наземных тренажеров для летного состава; их частей",30.30.1,2024,6235.5813
"Производство силовых установок и двигателей для летательных аппаратов, включая космические; наземных тренажеров для летного состава; их частей",30.30.1,2025,6252.7673
Производство двигателей летательных аппаратов с искровым зажиганием и их частей,30.30.11,2024,1824.6013
Производство двигателей летательных аппаратов с искровым зажиганием и их частей,30.30.11,2025,2201.5004
Производство турбореактивных и турбовинтовых двигателей и их частей,30.30.12,2024,4016.6005
Производство турбореактивных и турбовинтовых двигателей и их частей,30.30.12,2025,3885.7043
"Производство вертолетов, самолетов и прочих летательных аппаратов",30.30.3,2024,3599.0634
"Производство вертолетов, самолетов и прочих летательных аппаратов",30.30.3,2025,9341.5423
Производство самолетов,30.30.32,2024,893.7249
Производство самолетов,30.30.32,2025,4357.8215
Производство частей и принадлежностей летательных и космических аппаратов,30.30.5,2024,4274.0686
Производство частей и принадлежностей летательных и космических аппаратов,30.30.5,2025,4679.0618
Производство прочих готовых изделий,32,2017,5.163399999999999
Производство прочих готовых изделий,32,2018,50.9208
Производство прочих готовых изделий,32,2019,68.10560000000001
Производство прочих готовых изделий,32,2020,130.3526
Производство прочих готовых изделий,32,2021,111.0257
Производство прочих готовых изделий,32,2022,122.2545
Производство прочих готовых изделий,32,2023,231.2115
Производство прочих готовых изделий,32,2024,276.46520000000004
Производство прочих готовых изделий,32,2025,281.5561
Производство медицинских инструментов и оборудования,32.5,2018,50.1861
Производство медицинских инструментов и оборудования,32.5,2019,18.1898
Производство медицинских инструментов и оборудования,32.5,2020,63.1261
Производство медицинских инструментов и оборудования,32.5,2021,44.1927
Производство медицинских инструментов и оборудования,32.5,2022,52.0538
Производство медицинских инструментов и оборудования,32.5,2023,216.1494
Производство медицинских инструментов и оборудования,32.50,2024,268.493
Производство медицинских инструментов и оборудования,32.50,2025,244.7186
"Производство изделий, не включенных в другие группировки",32.9,2024,3.46
"Производство прочих готовых изделий, не включенных в другие группировки",32.99,2024,3.46
Производство головных защитных уборов и прочих средств защиты,32.99.1,2024,3.46
Ремонт и монтаж машин и оборудования,33,2017,209.1086
 Ремонт и монтаж машин и оборудования,33,2018,158.3458
Ремонт и монтаж машин и оборудования,33,2019,334.232
Ремонт и монтаж машин и оборудования,33,2020,240.9499
Ремонт и монтаж машин и оборудования,33,2021,147.7632
Ремонт и монтаж машин и оборудования,33,2022,1601.7498999999998
Ремонт и монтаж машин и оборудования,33,2023,3360.9774
Ремонт и монтаж машин и оборудования,33,2024,3942.6507
Ремонт и монтаж машин и оборудования,33,2025,712.0406999999999
"Ремонт и монтаж металлических изделий, машин и оборудования",33.1,2024,3932.7552
"Ремонт и монтаж металлических изделий, машин и оборудования",33.1,2025,704.6501999999999
Ремонт электронного и оптического оборудования,33.13,2025,69.97489999999999
"Обеспечение электрической энергией, газом и паром; кондиционирование воздуха",35,2024,601.2796999999999
"Обеспечение электрической энергией, газом и паром; кондиционирование воздуха",35,2025,932.9867
"Производство, передача и распределение электроэнергии",35.1,2017,17.8993
"Производство, передача и распределение электроэнергии",35.1,2018,18.4547
"Сбор, обработка и утилизация отходов; обработка вторичного сырья",38,2018,129.6146
"Сбор, обработка и утилизация отходов; обработка вторичного сырья",38,2019,136.9419
"Торговля оптовая, кроме оптовой торговли автотранспортными средствами и мотоциклами",46,2017,609.0051
"Торговля оптовая, кроме оптовой торговли автотранспортными средствами и мотоциклами",46,2018,707.1293000000001
"Торговля оптовая, кроме оптовой торговли автотранспортными средствами и мотоциклами",46,2019,617.553
"Торговля оптовая, кроме оптовой торговли автотранспортными средствами и мотоциклами",46,2020,184.5027
"Торговля оптовая, кроме оптовой торговли автотранспортными средствами и мотоциклами",46,2021,223.5061
"Торговля оптовая, кроме оптовой торговли автотранспортными средствами и мотоциклами",46,2022,622.6744
"Торговля оптовая, кроме оптовой торговли автотранспортными средствами и мотоциклами",46,2023,879.7545
"Торговля оптовая, кроме оптовой торговли автотранспортными средствами и мотоциклами",46,2024,907.0616
"Торговля оптовая, кроме оптовой торговли автотранспортными средствами и мотоциклами",46,2025,1594.6175
Торговля оптовая непродовольственными потребительскими товарами,46.4,2025,24.8666
Торговля оптовая фармацевтической продукцией,46.46,2025,24.8666
Торговля оптовая информационным и коммуникационным оборудованием,46.5,2024,688.7315
Торговля оптовая информационным и коммуникационным оборудованием,46.5,2025,1221.2513
"Торговля оптовая компьютерами, периферийными устройствами к компьютерам и программным обеспечением",46.51,2024,625.6665
"Торговля оптовая прочими машинами, оборудованием и принадлежностями",46.6,2024,158.7928
"Торговля оптовая прочими машинами, оборудованием и принадлежностями",46.6,2025,288.8135
Торговля оптовая прочими машинами и оборудованием,46.69,2024,158.7928
Торговля оптовая прочими машинами и оборудованием,46.69,2025,286.8047
"Торговля оптовая прочими машинами, приборами, аппаратурой и оборудованием общепромышленного и специального назначения",46.69.9,2024,30.5748
Торговля оптовая специализированная прочая,46.7,2025,13.5129
Торговля оптовая неспециализированная,46.90,2024,37.157
Торговля оптовая неспециализированная,46.90,2025,43.9382
Деятельность сухопутного и трубопроводного транспорта,49,2017,88.0137
Деятельность сухопутного и трубопроводного транспорта,49,2018,96.192
Деятельность почтовой связи и курьерская деятельность,53,2018,3.356
Деятельность в сфере телекоммуникаций,61,2018,12.1749
Деятельность в сфере телекоммуникаций,61,2022,171.0581
Деятельность в области связи на базе проводных технологий,61.1,2018,12.1749
"Разработка компьютерного программного обеспечения, консультационные услуги в данной области и другие сопутствующие услуги",62,2017,3706.3042
"Разработка компьютерного программного обеспечения, консультационные услуги в данной области и другие сопутствующие услуги",62,2018,4438.0238
"Разработка компьютерного программного обеспечения, консультационные услуги в данной области и другие сопутствующие услуги",62,2019,4632.4305
"Разработка компьютерного программного обеспечения, консультационные услуги в данной области и другие сопутствующие услуги",62,2020,7059.268599999999
"Разработка компьютерного программного обеспечения, консультационные услуги в данной области и другие сопутствующие услуги",62,2021,6837.641799999999
"Разработка компьютерного программного обеспечения, консультационные услуги в данной области и другие сопутствующие услуги",62,2022,9447.1711
"Разработка компьютерного программного обеспечения, консультационные услуги в данной области и другие сопутствующие услуги",62,2023,9247.722
"Разработка компьютерного программного обеспечения, консультационные услуги в данной области и другие сопутствующие услуги",62.0,2024,8564.9897
"Разработка компьютерного программного обеспечения, консультационные услуги в данной области и другие сопутствующие услуги",62.0,2025,9867.5365
Разработка компьютерного программного обеспечения,62.01,2018,3660.7865
Разработка компьютерного программного обеспечения,62.01,2019,3588.2544
Разработка компьютерного программного обеспечения,62.01,2020,5149.2093
Разработка компьютерного программного обеспечения,62.01,2021,6306.7988
Разработка компьютерного программного обеспечения,62.01,2022,9303.0047
Разработка компьютерного программного обеспечения,62.01,2023,6173.3155
Разработка компьютерного программного обеспечения,62.01,2024,6613.1763
Разработка компьютерного программного обеспечения,62.01,2025,6705.8984
Деятельность консультативная и работы в области компьютерных технологий,62.02,2018,212.1565
Деятельность консультативная и работы в области компьютерных технологий,62.02,2019,8.0498
Деятельность консультативная и работы в области компьютерных технологий,62.02,2020,22.3696
Деятельность консультативная и работы в области компьютерных технологий,62.02,2021,6.9525
Деятельность консультативная и работы в области компьютерных технологий,62.02,2022,2.6702
Деятельность консультативная и работы в области компьютерных технологий,62.02,2023,6.7775
Деятельность консультативная и работы в области компьютерных технологий,62.02,2024,1651.8194
Деятельность консультативная и работы в области компьютерных технологий,62.02,2025,1675.6913
"Деятельность по планированию, проектированию компьютерных систем",62.02.1,2025,70.9548
Деятельность консультативная в области компьютерных технологий прочая,62.02.9,2025,222.993
"Деятельность, связанная с использованием вычислительной техники и информационных технологий, прочая",62.09,2018,565.0808000000001
"Деятельность, связанная с использованием вычислительной техники и информационных технологий, прочая",62.09,2019,1036.1263
"Деятельность, связанная с использованием вычислительной техники и информационных технологий, прочая",62.09,2020,1887.6897
"Деятельность, связанная с использованием вычислительной техники и информационных технологий, прочая",62.09,2021,523.8905
"Деятельность, связанная с использованием вычислительной техники и информационных технологий, прочая",62.09,2022,141.49620000000002
"Деятельность, связанная с использованием вычислительной техники и информационных технологий, прочая",62.09,2023,3067.629
"Деятельность, связанная с использованием вычислительной техники и информационных технологий, прочая",62.09,2024,295.16
"Деятельность, связанная с использованием вычислительной техники и информационных технологий, прочая",62.09,2025,1473.4038
Деятельность в области информационных технологий,63,2017,347.0333
Деятельность в области информационных технологий,63,2018,183.2905
Деятельность в области информационных технологий,63,2019,270.7908
Деятельность в области информационных технологий,63,2020,258.4587
Деятельность в области информационных технологий,63,2021,217.6552
Деятельность в области информационных технологий,63,2022,204.8546
Деятельность в области информационных технологий,63,2023,232.9059
Деятельность в области информационных технологий,63,2024,144.8057
Деятельность в области информационных технологий,63,2025,257.0152
"Деятельность по обработке данных, предоставление услуг по размещению информации, деятельность порталов в информационно-коммуникационной сети Интернет",63.1,2017,347.0333
"Деятельность по обработке данных, предоставление услуг по размещению информации, деятельность порталов в информационно-коммуникационной сети Интернет",63.1,2018,178.4705
"Деятельность по обработке данных, предоставление услуг по размещению информации, деятельность порталов в информационно-коммуникационной сети Интернет",63.1,2019,264.2708
"Деятельность по обработке данных, предоставление услуг по размещению информации, деятельность порталов в информационно-коммуникационной сети Интернет",63.1,2020,252.3337
"Деятельность по обработке данных, предоставление услуг по размещению информации, деятельность порталов в информационно-коммуникационной сети Интернет",63.1,2021,210.4222
"Деятельность по обработке данных, предоставление услуг по размещению информации, деятельность порталов в информационно-коммуникационной сети Интернет",63.1,2022,196.4786
"Деятельность по обработке данных, предоставление услуг по размещению информации, деятельность порталов в информационно-коммуникационной сети Интернет",63.1,2023,216.5189
"Деятельность по обработке данных, предоставление услуг по размещению информации, деятельность порталов в информационно-коммуникационной сети Интернет",63.1,2024,127.0437
"Деятельность по обработке данных, предоставление услуг по размещению информации, деятельность порталов в информационно-коммуникационной сети Интернет",63.1,2025,141.8126
"Деятельность по обработке данных, предоставление услуг по размещению информации и связанная с этим деятельность",63.11,2019,264.2708
"Деятельность по обработке данных, предоставление услуг по размещению информации и связанная с этим деятельность",63.11,2020,252.3337
"Деятельность по обработке данных, предоставление услуг по размещению информации и связанная с этим деятельность",63.11,2021,210.4222
"Деятельность по обработке данных, предоставление услуг по размещению информации и связанная с этим деятельность",63.11,2022,196.4786
"Деятельность по обработке данных, предоставление услуг по размещению информации и связанная с этим деятельность",63.11,2023,216.5189
"Деятельность по обработке данных, предоставление услуг по размещению информации и связанная с этим деятельность",63.11,2024,127.0437
"Деятельность по обработке данных, предоставление услуг по размещению информации и связанная с этим деятельность",63.11,2025,141.8126
Деятельность по созданию и использованию баз данных и информационных ресурсов,63.11.1,2024,106.0541
Деятельность по созданию и использованию баз данных и информационных ресурсов,63.11.1,2025,112.4683
Деятельность в области информационных услуг прочая,63.9,2025,115.2026
"Деятельность по предоставлению финансовых услуг, кроме услуг по страхованию и пенсионному обеспечению",64,2017,19.4198
"Деятельность по предоставлению финансовых услуг, кроме услуг по страхованию и пенсионному обеспечению",64,2023,2.1879
"Деятельность по предоставлению финансовых услуг, кроме услуг по страхованию и пенсионному обеспечению",64,2024,2.2023
"Деятельность по предоставлению финансовых услуг, кроме услуг по страхованию и пенсионному обеспечению",64,2025,8.7275
"Деятельность по предоставлению прочих финансовых услуг, кроме услуг по страхованию и пенсионному обеспечению",64.9,2024,1.6415
"Деятельность по предоставлению прочих финансовых услуг, кроме услуг по страхованию и пенсионному обеспечению",64.9,2025,8.7275
"Предоставление прочих финансовых услуг, кроме услуг по страхованию и пенсионному обеспечению, не включенных в другие группировки",64.99,2024,1.6415
"Предоставление прочих финансовых услуг, кроме услуг по страхованию и пенсионному обеспечению, не включенных в другие группировки",64.99,2025,8.7275
Операции с недвижимым имуществом,68,2024,33.1992
Операции с недвижимым имуществом,68,2025,243.8027
Аренда и управление собственным или арендованным недвижимым имуществом,68.20,2024,33.139199999999995
Аренда и управление собственным или арендованным недвижимым имуществом,68.20,2025,243.8027
Аренда и управление собственным или арендованным нежилым недвижимым имуществом,68.20.2,2024,33.139199999999995
Аренда и управление собственным или арендованным нежилым недвижимым имуществом,68.20.2,2025,243.8027
Аренда и управление собственным или арендованным прочим нежилым недвижимым имуществом,68.20.29,2024,33.139199999999995
Аренда и управление собственным или арендованным прочим нежилым недвижимым имуществом,68.20.29,2025,243.8027
Деятельность головных офисов; консультирование по вопросам управления,70,2017,5.666
Деятельность головных офисов; консультирование по вопросам управления,70,2018,14.5405
Деятельность головных офисов; консультирование по вопросам управления,70,2019,32.5168
Деятельность головных офисов; консультирование по вопросам управления,70,2020,81.17869999999999
Деятельность головных офисов; консультирование по вопросам управления,70,2021,45.2067
Деятельность головных офисов; консультирование по вопросам управления,70,2022,386.3932
Деятельность головных офисов; консультирование по вопросам управления,70,2023,404.3832
Деятельность головных офисов; консультирование по вопросам управления,70,2024,905.9222
Деятельность головных офисов; консультирование по вопросам управления,70,2025,2238.7351
Деятельность головных офисов,70.1,2020,33.905
Деятельность головных офисов,70.1,2022,112.6002
Деятельность головных офисов,70.1,2023,202.3605
Деятельность головных офисов,70.10,2024,693.6076999999999
Деятельность головных офисов,70.10,2025,2122.6156
Консультирование по вопросам управления,70.2,2017,4.494
Консультирование по вопросам управления,70.2,2019,24.672
Консультирование по вопросам управления,70.2,2020,47.2737
Консультирование по вопросам управления,70.2,2021,27.6977
Консультирование по вопросам управления,70.2,2022,273.793
Консультирование по вопросам управления,70.2,2023,202.0227
Консультирование по вопросам управления,70.2,2024,212.3145
Консультирование по вопросам управления,70.2,2025,116.1195
Консультирование по вопросам коммерческой деятельности и управления,70.22,2024,212.3145
Консультирование по вопросам коммерческой деятельности и управления,70.22,2025,116.1195
"Деятельность в области архитектуры и инженерно-технического проектирования; технических испытаний, исследований и анализа",71,2017,4130.5799
"Деятельность в области архитектуры и инженерно-технического проектирования; технических испытаний, исследований и анализа",71,2018,3829.6011
"Деятельность в области архитектуры и инженерно-технического проектирования; технических испытаний, исследований и анализа",71,2019,11909.9811
"Деятельность в области архитектуры и инженерно-технического проектирования; технических испытаний, исследований и анализа",71,2020,7113.1399
"Деятельность в области архитектуры и инженерно-технического проектирования; технических испытаний, исследований и анализа",71,2021,4238.2042
"Деятельность в области архитектуры и инженерно-технического проектирования; технических испытаний, исследований и анализа",71,2022,5174.080599999999
"Деятельность в области архитектуры и инженерно-технического проектирования; технических испытаний, исследований и анализа",71,2023,8710.6001
"Деятельность в области архитектуры и инженерно-технического проектирования; технических испытаний, исследований и анализа",71,2024,8311.4297
"Деятельность в области архитектуры и инженерно-технического проектирования; технических испытаний, исследований и анализа",71,2025,19304.6221
"Деятельность в области архитектуры, инженерных изысканий и предоставление технических консультаций в этих областях",71.1,2017,3605.1097
"Деятельность в области архитектуры, инженерных изысканий и предоставление технических консультаций в этих областях",71.1,2018,3243.1311
"Деятельность в области архитектуры, инженерных изысканий и предоставление технических консультаций в этих областях",71.1,2019,6566.4936
"Деятельность в области архитектуры, инженерных изысканий и предоставление технических консультаций в этих областях",71.1,2020,5731.7445
"Деятельность в области архитектуры, инженерных изысканий и предоставление технических консультаций в этих областях",71.1,2021,2959.7678
"Деятельность в области архитектуры, инженерных изысканий и предоставление технических консультаций в этих областях",71.1,2022,4064.9125
"Деятельность в области архитектуры, инженерных изысканий и предоставление технических консультаций в этих областях",71.1,2023,5304.178400000001
"Деятельность в области архитектуры, инженерных изысканий и предоставление технических консультаций в этих областях",71.1,2024,6926.6184
"Деятельность в области архитектуры, инженерных изысканий и предоставление технических консультаций в этих областях",71.1,2025,7920.228700000001
Деятельность в области архитектуры,71.11,2024,1653.0658
Деятельность в области архитектуры,71.11,2025,1031.1758
"Деятельность в области архитектуры, связанная с созданием архитектурного объекта",71.11.1,2024,1459.847
"Деятельность в области архитектуры, связанная с созданием архитектурного объекта",71.11.1,2025,798.329
"Деятельность в области инженерных изысканий, инженерно-технического проектирования, управления проектами строительства, выполнения строительного контроля и авторского надзора, предоставление технических консультаций в этих областях",71.12,2024,5273.5526
"Деятельность в области инженерных изысканий, инженерно-технического проектирования, управления проектами строительства, выполнения строительного контроля и авторского надзора, предоставление технических консультаций в этих областях",71.12,2025,6889.052900000001
"Деятельность, связанная с инженерно-техническим проектированием, управлением проектами строительства, выполнением строительного контроля и авторского надзора",71.12.1,2019,1258.5032
"Деятельность, связанная с инженерно-техническим проектированием, управлением проектами строительства, выполнением строительного контроля и авторского надзора",71.12.1,2020,979.0309
"Деятельность, связанная с инженерно-техническим проектированием, управлением проектами строительства, выполнением строительного контроля и авторского надзора",71.12.1,2021,1048.5307
"Деятельность, связанная с инженерно-техническим проектированием, управлением проектами строительства, выполнением строительного контроля и авторского надзора",71.12.1,2022,1613.4933
"Деятельность, связанная с инженерно-техническим проектированием, управлением проектами строительства, выполнением строительного контроля и авторского надзора",71.12.1,2023,1795.4451
"Деятельность, связанная с инженерно-техническим проектированием, управлением проектами строительства, выполнением строительного контроля и авторского надзора",71.12.1,2024,1931.9451
"Деятельность, связанная с инженерно-техническим проектированием, управлением проектами строительства, выполнением строительного контроля и авторского надзора",71.12.1,2025,2298.4276
"Разработка проектов промышленных процессов и производств, относящихся к электротехнике, электронной технике, горному делу, химической технологии, машиностроению, а также в области промышленного строительства, системотехники и техники безопасности",71.12.12,2019,897.9737
"Разработка проектов промышленных процессов и производств, относящихся к электротехнике, электронной технике, горному делу, химической технологии, машиностроению, а также в области промышленного строительства, системотехники и техники безопасности",71.12.12,2020,908.6451
"Разработка проектов промышленных процессов и производств, относящихся к электротехнике, электронной технике, горному делу, химической технологии, машиностроению, а также в области промышленного строительства, системотехники и техники безопасности",71.12.12,2021,978.5054
"Разработка проектов промышленных процессов и производств, относящихся к электротехнике, электронной технике, горному делу, химической технологии, машиностроению, а также в области промышленного строительства, системотехники и техники безопасности",71.12.12,2022,1514.0333999999998
"Разработка проектов промышленных процессов и производств, относящихся к электротехнике, электронной технике, горному делу, химической технологии, машиностроению, а также в области промышленного строительства, системотехники и техники безопасности",71.12.12,2023,1528.3681
"Разработка проектов промышленных процессов и производств, относящихся к электротехнике, электронной технике, горному делу, химической технологии, машиностроению, а также в области промышленного строительства, системотехники и техники безопасности",71.12.12,2024,1529.1586000000002
"Разработка проектов промышленных процессов и производств, относящихся к электротехнике, электронной технике, горному делу, химической технологии, машиностроению, а также в области промышленного строительства, системотехники и техники безопасности",71.12.12,2025,1876.8345
"Деятельность заказчика-застройщика, генерального подрядчика",71.12.2,2023,327.997
"Работы геолого-разведочные, геофизические и геохимические в области изучения недр и воспроизводства минерально-сырьевой базы",71.12.3,2024,1527.866
"Работы геолого-разведочные, геофизические и геохимические в области изучения недр и воспроизводства минерально-сырьевой базы",71.12.3,2025,1731.4848
Деятельность геодезическая и картографическая,71.12.4,2024,590.8773
"Деятельность в области гидрометеорологии и смежных с ней областях, мониторинга состояния окружающей среды, ее загрязнения",71.12.5,2024,212.2106
"Деятельность в области гидрометеорологии и смежных с ней областях, мониторинга состояния окружающей среды, ее загрязнения",71.12.5,2025,295.881
"Деятельность в области технического регулирования, стандартизации, метрологии, аккредитации, каталогизации продукции",71.12.6,2024,365.2082
"Деятельность в области технического регулирования, стандартизации, метрологии, аккредитации, каталогизации продукции",71.12.6,2025,945.1593
Деятельность в области метрологии,71.12.62,2025,524.5511
"Технические испытания, исследования, анализ и сертификация",71.2,2017,525.4702
"Технические испытания, исследования, анализ и сертификация",71.2,2018,586.47
"Технические испытания, исследования, анализ и сертификация",71.2,2019,5343.4875
"Технические испытания, исследования, анализ и сертификация",71.2,2020,1381.3954
"Технические испытания, исследования, анализ и сертификация",71.2,2021,1278.4363999999998
"Технические испытания, исследования, анализ и сертификация",71.2,2022,1109.1681
"Технические испытания, исследования, анализ и сертификация",71.2,2023,3406.4217000000003
"Технические испытания, исследования, анализ и сертификация",71.20,2024,1384.8113
"Технические испытания, исследования, анализ и сертификация",71.20,2025,11384.3934
Судебно-экспертная деятельность,71.20.2,2025,4.524100000000001
"Сертификация продукции, услуг и организаций",71.20.8,2025,10046.0109
"Деятельность по техническому контролю, испытаниям и анализу прочая",71.20.9,2025,549.0205
Научные исследования и разработки,72,2017,339366.9791
Научные исследования и разработки,72,2018,353472.6191
 Научные исследования и разработки,72,2019,370918.075
 Научные исследования и разработки,72,2020,378540.3606
 Научные исследования и разработки,72,2021,416947.9446000001
 Научные исследования и разработки,72,2022,453618.3098
Научные исследования и разработки,72,2023,509425.1557
Научные исследования и разработки,72,2024,554244.0056
Научные исследования и разработки,72,2025,612537.4031
Научные исследования и разработки в области естественных и технических наук,72.1,2017,332805.4276
Научные исследования и разработки в области естественных и технических наук,72.1,2018,343032.67789999995
Научные исследования и разработки в области естественных и технических наук,72.1,2019,356829.1159
Научные исследования и разработки в области естественных и технических наук,72.1,2020,364404.8737
Научные исследования и разработки в области естественных и технических наук,72.1,2021,403322.5505
Научные исследования и разработки в области естественных и технических наук,72.1,2022,436054.3242
Научные исследования и разработки в области естественных и технических наук,72.1,2023,492407.0338
Научные исследования и разработки в области естественных и технических наук,72.1,2024,533822.1075
Научные исследования и разработки в области естественных и технических наук,72.1,2025,589488.9959
Научные исследования и разработки в области биотехнологии,72.11,2017,393.3479
Научные исследования и разработки в области биотехнологии,72.11,2018,237.2635
Научные исследования и разработки в области биотехнологии,72.11,2019,1326.2915
Научные исследования и разработки в области биотехнологии,72.11,2020,2251.6823
Научные исследования и разработки в области биотехнологии,72.11,2021,3433.6934
Научные исследования и разработки в области биотехнологии,72.11,2022,2990.0041
Научные исследования и разработки в области биотехнологии,72.11,2023,3807.3187
Научные исследования и разработки в области биотехнологии,72.11,2024,3927.5316
Научные исследования и разработки в области биотехнологии,72.11,2025,4571.716
Научные исследования и разработки в области естественных и технических наук прочие,72.19,2017,332401.6767
Научные исследования и разработки в области естественных и технических наук прочие,72.19,2018,342795.41439999995
Научные исследования и разработки в области естественных и технических наук прочие,72.19,2019,355502.8244
Научные исследования и разработки в области естественных и технических наук прочие,72.19,2020,362153.1914
Научные исследования и разработки в области естественных и технических наук прочие,72.19,2021,399888.8571
Научные исследования и разработки в области естественных и технических наук прочие,72.19,2022,433064.3201
Научные исследования и разработки в области естественных и технических наук прочие,72.19,2023,488599.7151
Научные исследования и разработки в области естественных и технических наук прочие,72.19,2024,529894.5758999999
Научные исследования и разработки в области естественных и технических наук прочие,72.19,2025,584917.2799
Научные исследования и разработки в области общественных и гуманитарных наук,72.2,2017,6561.5515
Научные исследования и разработки в области общественных и гуманитарных наук,72.2,2018,10439.9412
Научные исследования и разработки в области общественных и гуманитарных наук,72.2,2019,14088.9591
Научные исследования и разработки в области общественных и гуманитарных наук,72.2,2020,14135.4869
Научные исследования и разработки в области общественных и гуманитарных наук,72.2,2021,13625.3941
Научные исследования и разработки в области общественных и гуманитарных наук,72.2,2022,17563.9856
Научные исследования и разработки в области общественных и гуманитарных наук,72.2,2023,17018.1219
Научные исследования и разработки в области общественных и гуманитарных наук,72.20,2024,20421.8981
Научные исследования и разработки в области общественных и гуманитарных наук,72.20,2025,23048.4072
Научные исследования и разработки в области общественных наук,72.20.1,2017,200.6803
Научные исследования и разработки в области общественных наук,72.20.1,2018,208.7833
Научные исследования и разработки в области общественных наук,72.20.1,2019,646.9753000000001
Научные исследования и разработки в области общественных наук,72.20.1,2020,913.4105
Научные исследования и разработки в области общественных наук,72.20.1,2021,973.6074
Научные исследования и разработки в области общественных наук,72.20.1,2022,3218.4296
Научные исследования и разработки в области общественных наук,72.20.1,2023,1798.2349
Научные исследования и разработки в области общественных наук,72.20.1,2024,3090.9808
Научные исследования и разработки в области общественных наук,72.20.1,2025,2392.6029
Научные исследования и разработки в области общественных наук прочие,72.20.19,2024,1292.8362
Научные исследования и разработки в области общественных наук прочие,72.20.19,2025,164.9964
Научные исследования и разработки в области гуманитарных наук,72.20.2,2017,521.2279
Научные исследования и разработки в области гуманитарных наук,72.20.2,2018,543.5538
Научные исследования и разработки в области гуманитарных наук,72.20.2,2019,554.0717
Научные исследования и разработки в области гуманитарных наук,72.20.2,2020,499.2831
Научные исследования и разработки в области гуманитарных наук,72.20.2,2021,386.9403
Научные исследования и разработки в области гуманитарных наук,72.20.2,2022,427.8239
Научные исследования и разработки в области гуманитарных наук,72.20.2,2023,524.9725999999999
Научные исследования и разработки в области гуманитарных наук,72.20.2,2024,715.8016
Научные исследования и разработки в области гуманитарных наук,72.20.2,2025,1375.9307
Деятельность рекламная и исследование конъюнктуры рынка,73,2017,4.7169
Деятельность рекламная и исследование конъюнктуры рынка,73,2018,101.3145
Деятельность рекламная и исследование конъюнктуры рынка,73,2019,8.561
Деятельность рекламная и исследование конъюнктуры рынка,73,2020,77.66669999999999
Деятельность рекламная и исследование конъюнктуры рынка,73,2021,19.8762
Деятельность рекламная и исследование конъюнктуры рынка,73,2025,18.532
Исследование конъюнктуры рынка и изучение общественного мнения,73.2,2017,4.7169
Исследование конъюнктуры рынка и изучение общественного мнения,73.2,2018,101.3145
Исследование конъюнктуры рынка и изучение общественного мнения,73.2,2019,8.561
Исследование конъюнктуры рынка и изучение общественного мнения,73.2,2020,77.66669999999999
Исследование конъюнктуры рынка и изучение общественного мнения,73.2,2021,7.8267
Деятельность профессиональная научная и техническая прочая,74,2019,214.5056
Деятельность профессиональная научная и техническая прочая,74,2020,396.2263
Деятельность профессиональная научная и техническая прочая,74,2021,430.7565
Деятельность профессиональная научная и техническая прочая,74,2022,465.2399
Деятельность профессиональная научная и техническая прочая,74,2023,97.0563
Деятельность профессиональная научная и техническая прочая,74,2024,520.4815
Деятельность профессиональная научная и техническая прочая,74,2025,279.1967
"Деятельность профессиональная, научная и техническая прочая, не включенная в другие группировки",74.9,2019,214.5056
"Деятельность профессиональная, научная и техническая прочая, не включенная в другие группировки",74.9,2020,396.2263
"Деятельность профессиональная, научная и техническая прочая, не включенная в другие группировки",74.9,2021,430.7565
"Деятельность профессиональная, научная и техническая прочая, не включенная в другие группировки",74.9,2022,465.2399
"Деятельность профессиональная, научная и техническая прочая, не включенная в другие группировки",74.9,2023,97.0563
"Деятельность профессиональная, научная и техническая прочая, не включенная в другие группировки",74.90,2024,520.4815
"Деятельность профессиональная, научная и техническая прочая, не включенная в другие группировки",74.90,2025,272.5406
Деятельность иная в области защиты информации,74.90.09.АГ,2024,509.1845
Деятельность иная в области защиты информации,74.90.09.АГ,2025,170.4023
Деятельность в области защиты информации и обеспечения безопасности критической информационной инфраструктуры,74.90.9,2024,509.1845
Деятельность в области защиты информации и обеспечения безопасности критической информационной инфраструктуры,74.90.9,2025,170.4023
"Деятельность административно-хозяйственная, вспомогательная деятельность по обеспечению функционирования организации, деятельность по предоставлению прочих вспомогательных услуг для бизнеса",82,2017,25.2765
"Деятельность административно-хозяйственная, вспомогательная деятельность по обеспечению функционирования организации, деятельность по предоставлению прочих вспомогательных услуг для бизнеса",82,2018,30.9948
"Деятельность административно-хозяйственная, вспомогательная деятельность по обеспечению функционирования организации, деятельность по предоставлению прочих вспомогательных услуг для бизнеса",82,2019,49.9776
"Деятельность административно-хозяйственная, вспомогательная деятельность по обеспечению функционирования организации, деятельность по предоставлению прочих вспомогательных услуг для бизнеса",82,2020,900.1075999999999
"Деятельность административно-хозяйственная, вспомогательная деятельность по обеспечению функционирования организации, деятельность по предоставлению прочих вспомогательных услуг для бизнеса",82,2021,431.8407
"Деятельность административно-хозяйственная, вспомогательная деятельность по обеспечению функционирования организации, деятельность по предоставлению прочих вспомогательных услуг для бизнеса",82,2022,1324.3638
"Деятельность административно-хозяйственная, вспомогательная деятельность по обеспечению функционирования организации, деятельность по предоставлению прочих вспомогательных услуг для бизнеса",82,2023,256.4505
"Деятельность административно-хозяйственная, вспомогательная деятельность по обеспечению функционирования организации, деятельность по предоставлению прочих вспомогательных услуг для бизнеса",82,2024,255.5856
"Деятельность административно-хозяйственная, вспомогательная деятельность по обеспечению функционирования организации, деятельность по предоставлению прочих вспомогательных услуг для бизнеса",82,2025,239.1898
Деятельность по организации конференций и выставок,82.30,2024,5.649
"Деятельность по предоставлению вспомогательных услуг для бизнеса, не включенная в другие группировки",82.9,2025,232.8596
"Деятельность по предоставлению прочих вспомогательных услуг для бизнеса, не включенная в другие группировки",82.99,2025,232.8596
"Деятельность органов государственного управления по обеспечению военной безопасности, обязательному социальному обеспечению",84,2024,742.891
"Деятельность органов государственного управления по обеспечению военной безопасности, обязательному социальному обеспечению",84,2025,735.2710999999999
"Предоставление государственных услуг обществу, не включенные в другие группировки",84.02.АГ,2018,889.6852
"Предоставление государственных услуг обществу, не включенные в другие группировки",84.02.АГ,2020,558.5326
"Предоставление государственных услуг обществу, не включенные в другие группировки",84.02.АГ,2024,695.2078
"Предоставление государственных услуг обществу, не включенные в другие группировки",84.02.АГ,2025,708.5125
Предоставление государственных услуг обществу,84.2,2024,711.5735999999999
Предоставление государственных услуг обществу,84.2,2025,727.8439000000001
Образование,85,2024,106010.5108
Образование,85,2025,112608.4932
Образование профессиональное,85.2,2017,50021.0139
Образование профессиональное,85.2,2018,56049.8195
Образование профессиональное,85.2,2019,62543.5043
Образование профессиональное,85.2,2020,63405.4263
Образование профессиональное,85.2,2021,70069.0661
Образование профессиональное,85.2,2022,81235.8594
Образование профессиональное,85.2,2023,91049.5512
Образование профессиональное,85.2,2024,104556.1898
Образование профессиональное,85.2,2025,112138.1876
Образование профессиональное среднее,85.21,2017,28.4905
Образование профессиональное среднее,85.21,2018,35.0952
Образование профессиональное среднее,85.21,2019,21.2604
Образование профессиональное среднее,85.21,2020,15.8734
Образование профессиональное среднее,85.21,2021,16.8047
Образование профессиональное среднее,85.21,2022,16.4743
Образование профессиональное среднее,85.21,2023,16.014200000000002
Образование профессиональное среднее,85.21,2024,14.737
Образование профессиональное среднее,85.21,2025,14.0767
Образование высшее,85.22,2017,49609.9009
Образование высшее,85.22,2018,55629.5983
Образование высшее,85.22,2019,61153.079
Образование высшее,85.22,2020,63151.0736
Образование высшее,85.22,2021,69801.4552
Образование высшее,85.22,2022,81033.7805
Образование высшее,85.22,2023,90871.2156
Образование высшее,85.22,2024,104337.8991
Образование высшее,85.22,2025,111982.914
Образование высшее - бакалавриат,85.22.1,2024,4698.285900000001
Образование высшее - бакалавриат,85.22.1,2025,4566.8733
Образование высшее - специалитет,85.22.2,2024,503.1279
Образование высшее - специалитет,85.22.2,2025,1154.0361
Образование высшее - магистратура,85.22.3,2024,2770.9462000000003
Образование высшее - магистратура,85.22.3,2025,3491.2308
Подготовка кадров высшей квалификации,85.23,2017,382.6225
Подготовка кадров высшей квалификации,85.23,2018,385.126
Подготовка кадров высшей квалификации,85.23,2019,1369.1649
Подготовка кадров высшей квалификации,85.23,2020,238.4793
Подготовка кадров высшей квалификации,85.23,2021,250.8062
Подготовка кадров высшей квалификации,85.23,2022,185.6046
Подготовка кадров высшей квалификации,85.23,2023,162.32139999999998
Подготовка кадров высшей квалификации,85.23,2024,203.5537
Подготовка кадров высшей квалификации,85.23,2025,141.1969
Образование дополнительное,85.4,2017,100.9642
Образование дополнительное,85.4,2018,93.7794
Образование дополнительное,85.4,2019,90.1245
Образование дополнительное,85.4,2020,141.4171
Образование дополнительное,85.4,2021,269.8883
Образование дополнительное,85.4,2022,363.8438
Образование дополнительное,85.4,2023,485.7023
Образование дополнительное,85.4,2024,1446.3442
Образование дополнительное,85.4,2025,462.4209
Образование дополнительное детей и взрослых,85.41,2024,255.722
Образование дополнительное детей и взрослых,85.41,2025,198.495
Образование профессиональное дополнительное,85.42,2024,1190.6222
Образование профессиональное дополнительное,85.42,2025,263.9259
"Деятельность по дополнительному профессиональному образованию прочая, не включенная в другие группировки",85.42.9,2024,1021.2852
"Деятельность по дополнительному профессиональному образованию прочая, не включенная в другие группировки",85.42.9,2025,43.8213
Деятельность в области здравоохранения,86,2017,2089.603
Деятельность в области здравоохранения,86,2018,2780.3157
Деятельность в области здравоохранения,86,2019,2938.5898
Деятельность в области здравоохранения,86,2020,3612.9255
Деятельность в области здравоохранения,86,2021,3449.3448
Деятельность в области здравоохранения,86,2022,3102.2178
Деятельность в области здравоохранения,86,2023,3161.7554
Деятельность в области здравоохранения,86,2024,3897.4981
Деятельность в области здравоохранения,86,2025,4262.469599999999
Деятельность больничных организаций,86.10,2024,2545.4158
Деятельность больничных организаций,86.10,2025,2835.1056
Медицинская и стоматологическая практика,86.2,2024,191.2326
Медицинская и стоматологическая практика,86.2,2025,205.9097
Общая врачебная практика,86.21,2025,204.3861
Деятельность в области медицины прочая,86.90,2024,1160.8497
Деятельность в области медицины прочая,86.90,2025,1221.4543
Деятельность организаций санитарно-эпидемиологической службы,86.90.1,2024,994.0509
Деятельность организаций санитарно-эпидемиологической службы,86.90.1,2025,1132.8693999999998
"Деятельность творческая, деятельность в области искусства и организации развлечений",90,2023,13.0223
"Деятельность творческая, деятельность в области искусства и организации развлечений",90.0,2024,15.9837
"Деятельность творческая, деятельность в области искусства и организации развлечений",90.0,2025,20.2115
"Деятельность библиотек, архивов, музеев и прочих объектов культуры",91,2017,1567.3529
"Деятельность библиотек, архивов, музеев и прочих объектов культуры",91,2018,1471.6364
"Деятельность библиотек, архивов, музеев и прочих объектов культуры",91,2019,1353.6707
"Деятельность библиотек, архивов, музеев и прочих объектов культуры",91,2020,1669.77
"Деятельность библиотек, архивов, музеев и прочих объектов культуры",91,2021,1716.0165
"Деятельность библиотек, архивов, музеев и прочих объектов культуры",91,2022,1682.5104
"Деятельность библиотек, архивов, музеев и прочих объектов культуры",91,2023,1838.1743
"Деятельность библиотек, архивов, музеев и прочих объектов культуры",91.0,2024,2199.7411
"Деятельность библиотек, архивов, музеев и прочих объектов культуры",91.0,2025,1906.8581
Деятельность библиотек и архивов,91.01,2024,615.9327
Деятельность библиотек и архивов,91.01,2025,365.253
Деятельность музеев,91.02,2024,1092.4365
Деятельность музеев,91.02,2025,921.7069
"Деятельность по охране исторических мест и зданий, памятников культуры",91.03,2024,28.0452
"Деятельность по охране исторических мест и зданий, памятников культуры",91.03,2025,45.913
"Деятельность ботанических садов, зоопарков, государственных природных заповедников и национальных парков",91.04,2024,463.3267
"Деятельность ботанических садов, зоопарков, государственных природных заповедников и национальных парков",91.04,2025,573.9852
Деятельность государственных природных заповедников (в том числе биосферных),91.04.2,2024,73.19069999999999
Деятельность государственных природных заповедников (в том числе биосферных),91.04.2,2025,129.9754
Деятельность национальных парков,91.04.3,2024,29.5113
Деятельность национальных парков,91.04.3,2025,37.359300000000005
Деятельность общественных организаций,94,2017,36.6095
Деятельность общественных организаций,94,2019,34.4298
Деятельность общественных организаций,94,2020,33.284699999999994
Деятельность общественных организаций,94,2021,269.365
Деятельность общественных организаций,94,2022,73.77239999999999
Деятельность общественных и прочих некоммерческих организаций,94,2023,76.9344
Деятельность общественных и прочих некоммерческих организаций,94,2024,57.0512
Деятельность общественных и прочих некоммерческих организаций,94,2025,91.0482
Деятельность предпринимательских и профессиональных членских некоммерческих организаций,94.1,2024,32.6988
Деятельность предпринимательских и профессиональных членских некоммерческих организаций,94.1,2025,70.599
Деятельность профессиональных членских организаций,94.12,2024,20.2198
Деятельность профессиональных членских организаций,94.12,2025,26.773
Деятельность прочих общественных и некоммерческих организаций,94.9,2024,24.352400000000003
Деятельность прочих общественных и некоммерческих организаций,94.9,2025,20.4492
"Деятельность прочих общественных организаций и некоммерческих организаций, кроме религиозных и политических организаций",94.99,2024,23.6321
"Деятельность прочих общественных организаций и некоммерческих организаций, кроме религиозных и политических организаций",94.99,2025,19.6318
"Ремонт компьютеров, предметов личного потребления и хозяйственно-бытового назначения",95,2018,113.1941
Ремонт коммуникационного оборудования,95.12,2018,97.161
"СЕЛЬСКОЕ, ЛЕСНОЕ ХОЗЯЙСТВО, ОХОТА, РЫБОЛОВСТВО И РЫБОВОДСТВО",A,2017,220.0267
"СЕЛЬСКОЕ, ЛЕСНОЕ ХОЗЯЙСТВО, ОХОТА, РЫБОЛОВСТВО И РЫБОВОДСТВО",A,2018,140.691
"СЕЛЬСКОЕ, ЛЕСНОЕ ХОЗЯЙСТВО, ОХОТА, РЫБОЛОВСТВО И РЫБОВОДСТВО",A,2019,154.9414
"СЕЛЬСКОЕ, ЛЕСНОЕ ХОЗЯЙСТВО, ОХОТА, РЫБОЛОВСТВО И РЫБОВОДСТВО",A,2020,250.2569
"СЕЛЬСКОЕ, ЛЕСНОЕ ХОЗЯЙСТВО, ОХОТА, РЫБОЛОВСТВО И РЫБОВОДСТВО",A,2021,231.4175
"СЕЛЬСКОЕ, ЛЕСНОЕ ХОЗЯЙСТВО, ОХОТА, РЫБОЛОВСТВО И РЫБОВОДСТВО",A,2022,250.3236
"СЕЛЬСКОЕ, ЛЕСНОЕ ХОЗЯЙСТВО, ОХОТА, РЫБОЛОВСТВО И РЫБОВОДСТВО",A,2023,212.8601
"СЕЛЬСКОЕ, ЛЕСНОЕ ХОЗЯЙСТВО, ОХОТА, РЫБОЛОВСТВО И РЫБОВОДСТВО",A,2024,251.8467
"СЕЛЬСКОЕ, ЛЕСНОЕ ХОЗЯЙСТВО, ОХОТА, РЫБОЛОВСТВО И РЫБОВОДСТВО",A,2025,257.6693
ДОБЫЧА ПОЛЕЗНЫХ ИСКОПАЕМЫХ,B,2017,499.3573
ДОБЫЧА ПОЛЕЗНЫХ ИСКОПАЕМЫХ,B,2018,549.993
ДОБЫЧА ПОЛЕЗНЫХ ИСКОПАЕМЫХ,B,2019,595.6761
ДОБЫЧА ПОЛЕЗНЫХ ИСКОПАЕМЫХ,B,2020,636.7571999999999
ДОБЫЧА ПОЛЕЗНЫХ ИСКОПАЕМЫХ,B,2021,82.1197
ДОБЫЧА ПОЛЕЗНЫХ ИСКОПАЕМЫХ,B,2022,88.3606
ДОБЫЧА ПОЛЕЗНЫХ ИСКОПАЕМЫХ,B,2023,231.2167
ДОБЫЧА ПОЛЕЗНЫХ ИСКОПАЕМЫХ,B,2024,134.36010000000002
ДОБЫЧА ПОЛЕЗНЫХ ИСКОПАЕМЫХ,B,2025,149.8174
ОБРАБАТЫВАЮЩИЕ ПРОИЗВОДСТВА,C,2017,33357.927
ОБРАБАТЫВАЮЩИЕ ПРОИЗВОДСТВА,C,2018,31967.0255
ОБРАБАТЫВАЮЩИЕ ПРОИЗВОДСТВА,C,2019,41191.0768
ОБРАБАТЫВАЮЩИЕ ПРОИЗВОДСТВА,C,2020,48294.8727
ОБРАБАТЫВАЮЩИЕ ПРОИЗВОДСТВА,C,2021,51772.118
ОБРАБАТЫВАЮЩИЕ ПРОИЗВОДСТВА,C,2022,63645.6181
ОБРАБАТЫВАЮЩИЕ ПРОИЗВОДСТВА,C,2023,71293.32209999999
ОБРАБАТЫВАЮЩИЕ ПРОИЗВОДСТВА,C,2024,106286.4941
ОБРАБАТЫВАЮЩИЕ ПРОИЗВОДСТВА,C,2025,119853.5446
"ОБЕСПЕЧЕНИЕ ЭЛЕКТРИЧЕСКОЙ ЭНЕРГИЕЙ, ГАЗОМ И ПАРОМ; КОНДИЦИОНИРОВАНИЕ ВОЗДУХА",D,2017,17.8993
"ОБЕСПЕЧЕНИЕ ЭЛЕКТРИЧЕСКОЙ ЭНЕРГИЕЙ, ГАЗОМ И ПАРОМ; КОНДИЦИОНИРОВАНИЕ ВОЗДУХА",D,2018,18.4547
"ОБЕСПЕЧЕНИЕ ЭЛЕКТРИЧЕСКОЙ ЭНЕРГИЕЙ, ГАЗОМ И ПАРОМ; КОНДИЦИОНИРОВАНИЕ ВОЗДУХА",D,2024,601.2796999999999
"ОБЕСПЕЧЕНИЕ ЭЛЕКТРИЧЕСКОЙ ЭНЕРГИЕЙ, ГАЗОМ И ПАРОМ; КОНДИЦИОНИРОВАНИЕ ВОЗДУХА",D,2025,932.9867
"ВОДОСНАБЖЕНИЕ; ВОДООТВЕДЕНИЕ, ОРГАНИЗАЦИЯ СБОРА И УТИЛИЗАЦИИ ОТХОДОВ, ДЕЯТЕЛЬНОСТЬ ПО ЛИКВИДАЦИИ ЗАГРЯЗНЕНИЙ",E,2018,129.6146
"ВОДОСНАБЖЕНИЕ; ВОДООТВЕДЕНИЕ, ОРГАНИЗАЦИЯ СБОРА И УТИЛИЗАЦИИ ОТХОДОВ, ДЕЯТЕЛЬНОСТЬ ПО ЛИКВИДАЦИИ ЗАГРЯЗНЕНИЙ",E,2019,136.9419
"ВОДОСНАБЖЕНИЕ; ВОДООТВЕДЕНИЕ, ОРГАНИЗАЦИЯ СБОРА И УТИЛИЗАЦИИ ОТХОДОВ, ДЕЯТЕЛЬНОСТЬ ПО ЛИКВИДАЦИИ ЗАГРЯЗНЕНИЙ",E,2024,799.0535
СТРОИТЕЛЬСТВО,F,2017,35.5265
СТРОИТЕЛЬСТВО,F,2022,30.105
ТОРГОВЛЯ ОПТОВАЯ И РОЗНИЧНАЯ; РЕМОНТ АВТОТРАНСПОРТНЫХ СРЕДСТВ И МОТОЦИКЛОВ,G,2017,609.0051
ТОРГОВЛЯ ОПТОВАЯ И РОЗНИЧНАЯ; РЕМОНТ АВТОТРАНСПОРТНЫХ СРЕДСТВ И МОТОЦИКЛОВ,G,2018,707.1293000000001
ТОРГОВЛЯ ОПТОВАЯ И РОЗНИЧНАЯ; РЕМОНТ АВТОТРАНСПОРТНЫХ СРЕДСТВ И МОТОЦИКЛОВ,G,2019,617.553
ТОРГОВЛЯ ОПТОВАЯ И РОЗНИЧНАЯ; РЕМОНТ АВТОТРАНСПОРТНЫХ СРЕДСТВ И МОТОЦИКЛОВ,G,2020,187.1035
ТОРГОВЛЯ ОПТОВАЯ И РОЗНИЧНАЯ; РЕМОНТ АВТОТРАНСПОРТНЫХ СРЕДСТВ И МОТОЦИКЛОВ,G,2021,224.7671
ТОРГОВЛЯ ОПТОВАЯ И РОЗНИЧНАЯ; РЕМОНТ АВТОТРАНСПОРТНЫХ СРЕДСТВ И МОТОЦИКЛОВ,G,2022,644.2338000000001
ТОРГОВЛЯ ОПТОВАЯ И РОЗНИЧНАЯ; РЕМОНТ АВТОТРАНСПОРТНЫХ СРЕДСТВ И МОТОЦИКЛОВ,G,2023,902.6093
ТОРГОВЛЯ ОПТОВАЯ И РОЗНИЧНАЯ; РЕМОНТ АВТОТРАНСПОРТНЫХ СРЕДСТВ И МОТОЦИКЛОВ,G,2024,922.1772
ТОРГОВЛЯ ОПТОВАЯ И РОЗНИЧНАЯ; РЕМОНТ АВТОТРАНСПОРТНЫХ СРЕДСТВ И МОТОЦИКЛОВ,G,2025,1604.0838
ТРАНСПОРТИРОВКА И ХРАНЕНИЕ,H,2017,91.0237
ТРАНСПОРТИРОВКА И ХРАНЕНИЕ,H,2018,99.548
ТРАНСПОРТИРОВКА И ХРАНЕНИЕ,H,2019,1775.9463999999998
ТРАНСПОРТИРОВКА И ХРАНЕНИЕ,H,2021,3538.4919
ДЕЯТЕЛЬНОСТЬ В ОБЛАСТИ ИНФОРМАЦИИ И СВЯЗИ,J,2017,4228.5762
ДЕЯТЕЛЬНОСТЬ В ОБЛАСТИ ИНФОРМАЦИИ И СВЯЗИ,J,2018,4636.6367
 ДЕЯТЕЛЬНОСТЬ В ОБЛАСТИ ИНФОРМАЦИИ И СВЯЗИ,J,2019,4920.322700000001
 ДЕЯТЕЛЬНОСТЬ В ОБЛАСТИ ИНФОРМАЦИИ И СВЯЗИ,J,2020,7368.2898
 ДЕЯТЕЛЬНОСТЬ В ОБЛАСТИ ИНФОРМАЦИИ И СВЯЗИ,J,2021,7216.549
 ДЕЯТЕЛЬНОСТЬ В ОБЛАСТИ ИНФОРМАЦИИ И СВЯЗИ,J,2022,9834.1461
ДЕЯТЕЛЬНОСТЬ В ОБЛАСТИ ИНФОРМАЦИИ И СВЯЗИ,J,2023,9667.7895
ДЕЯТЕЛЬНОСТЬ В ОБЛАСТИ ИНФОРМАЦИИ И СВЯЗИ,J,2024,8903.374800000001
ДЕЯТЕЛЬНОСТЬ В ОБЛАСТИ ИНФОРМАЦИИ И СВЯЗИ,J,2025,10197.711
ДЕЯТЕЛЬНОСТЬ ФИНАНСОВАЯ И СТРАХОВАЯ,K,2017,19.4198
ДЕЯТЕЛЬНОСТЬ ФИНАНСОВАЯ И СТРАХОВАЯ,K,2023,2.1879
ДЕЯТЕЛЬНОСТЬ ФИНАНСОВАЯ И СТРАХОВАЯ,K,2024,2.2023
ДЕЯТЕЛЬНОСТЬ ФИНАНСОВАЯ И СТРАХОВАЯ,K,2025,8.7275
ДЕЯТЕЛЬНОСТЬ ПО ОПЕРАЦИЯМ С НЕДВИЖИМЫМ ИМУЩЕСТВОМ,L,2017,537.252
 ДЕЯТЕЛЬНОСТЬ ПО ОПЕРАЦИЯМ С НЕДВИЖИМЫМ ИМУЩЕСТВОМ,L,2018,120.2846
ДЕЯТЕЛЬНОСТЬ ПО ОПЕРАЦИЯМ С НЕДВИЖИМЫМ ИМУЩЕСТВОМ,L,2019,424.6752
ДЕЯТЕЛЬНОСТЬ ПО ОПЕРАЦИЯМ С НЕДВИЖИМЫМ ИМУЩЕСТВОМ,L,2020,179.467
ДЕЯТЕЛЬНОСТЬ ПО ОПЕРАЦИЯМ С НЕДВИЖИМЫМ ИМУЩЕСТВОМ,L,2021,220.1418
ДЕЯТЕЛЬНОСТЬ ПО ОПЕРАЦИЯМ С НЕДВИЖИМЫМ ИМУЩЕСТВОМ,L,2022,91.7165
ДЕЯТЕЛЬНОСТЬ ПО ОПЕРАЦИЯМ С НЕДВИЖИМЫМ ИМУЩЕСТВОМ,L,2023,57.4054
ДЕЯТЕЛЬНОСТЬ ПО ОПЕРАЦИЯМ С НЕДВИЖИМЫМ ИМУЩЕСТВОМ,L,2024,33.1992
ДЕЯТЕЛЬНОСТЬ ПО ОПЕРАЦИЯМ С НЕДВИЖИМЫМ ИМУЩЕСТВОМ,L,2025,243.8027
"ДЕЯТЕЛЬНОСТЬ ПРОФЕССИОНАЛЬНАЯ, НАУЧНАЯ И ТЕХНИЧЕСКАЯ",M,2017,343508.903
"ДЕЯТЕЛЬНОСТЬ ПРОФЕССИОНАЛЬНАЯ, НАУЧНАЯ И ТЕХНИЧЕСКАЯ",M,2018,357418.825
"ДЕЯТЕЛЬНОСТЬ ПРОФЕССИОНАЛЬНАЯ, НАУЧНАЯ И ТЕХНИЧЕСКАЯ",M,2019,383129.5759
"ДЕЯТЕЛЬНОСТЬ ПРОФЕССИОНАЛЬНАЯ, НАУЧНАЯ И ТЕХНИЧЕСКАЯ",M,2020,386302.8073
"ДЕЯТЕЛЬНОСТЬ ПРОФЕССИОНАЛЬНАЯ, НАУЧНАЯ И ТЕХНИЧЕСКАЯ",M,2021,421995.1465
"ДЕЯТЕЛЬНОСТЬ ПРОФЕССИОНАЛЬНАЯ, НАУЧНАЯ И ТЕХНИЧЕСКАЯ",M,2022,459773.3334
"ДЕЯТЕЛЬНОСТЬ ПРОФЕССИОНАЛЬНАЯ, НАУЧНАЯ И ТЕХНИЧЕСКАЯ",M,2023,519016.1623
"ДЕЯТЕЛЬНОСТЬ ПРОФЕССИОНАЛЬНАЯ, НАУЧНАЯ И ТЕХНИЧЕСКАЯ",M,2024,564161.7292000001
"ДЕЯТЕЛЬНОСТЬ ПРОФЕССИОНАЛЬНАЯ, НАУЧНАЯ И ТЕХНИЧЕСКАЯ",M,2025,634540.9386
ДЕЯТЕЛЬНОСТЬ АДМИНИСТРАТИВНАЯ И СОПУТСТВУЮЩИЕ ДОПОЛНИТЕЛЬНЫЕ УСЛУГИ,N,2017,25.2765
ДЕЯТЕЛЬНОСТЬ АДМИНИСТРАТИВНАЯ И СОПУТСТВУЮЩИЕ ДОПОЛНИТЕЛЬНЫЕ УСЛУГИ,N,2018,38.634800000000006
ДЕЯТЕЛЬНОСТЬ АДМИНИСТРАТИВНАЯ И СОПУТСТВУЮЩИЕ ДОПОЛНИТЕЛЬНЫЕ УСЛУГИ,N,2019,146.3771
ДЕЯТЕЛЬНОСТЬ АДМИНИСТРАТИВНАЯ И СОПУТСТВУЮЩИЕ ДОПОЛНИТЕЛЬНЫЕ УСЛУГИ,N,2020,910.6694
ДЕЯТЕЛЬНОСТЬ АДМИНИСТРАТИВНАЯ И СОПУТСТВУЮЩИЕ ДОПОЛНИТЕЛЬНЫЕ УСЛУГИ,N,2021,433.5579
ДЕЯТЕЛЬНОСТЬ АДМИНИСТРАТИВНАЯ И СОПУТСТВУЮЩИЕ ДОПОЛНИТЕЛЬНЫЕ УСЛУГИ,N,2022,1528.9345
ДЕЯТЕЛЬНОСТЬ АДМИНИСТРАТИВНАЯ И СОПУТСТВУЮЩИЕ ДОПОЛНИТЕЛЬНЫЕ УСЛУГИ,N,2023,256.4505
ДЕЯТЕЛЬНОСТЬ АДМИНИСТРАТИВНАЯ И СОПУТСТВУЮЩИЕ ДОПОЛНИТЕЛЬНЫЕ УСЛУГИ,N,2024,392.3232
ДЕЯТЕЛЬНОСТЬ АДМИНИСТРАТИВНАЯ И СОПУТСТВУЮЩИЕ ДОПОЛНИТЕЛЬНЫЕ УСЛУГИ,N,2025,809.9831999999999
ГОСУДАРСТВЕННОЕ УПРАВЛЕНИЕ И ОБЕСПЕЧЕНИЕ ВОЕННОЙ БЕЗОПАСНОСТИ; СОЦИАЛЬНОЕ ОБЕСПЕЧЕНИЕ,O,2018,893.7485
ГОСУДАРСТВЕННОЕ УПРАВЛЕНИЕ И ОБЕСПЕЧЕНИЕ ВОЕННОЙ БЕЗОПАСНОСТИ; СОЦИАЛЬНОЕ ОБЕСПЕЧЕНИЕ,O,2019,537.8776
ГОСУДАРСТВЕННОЕ УПРАВЛЕНИЕ И ОБЕСПЕЧЕНИЕ ВОЕННОЙ БЕЗОПАСНОСТИ; СОЦИАЛЬНОЕ ОБЕСПЕЧЕНИЕ,O,2020,592.7739
ГОСУДАРСТВЕННОЕ УПРАВЛЕНИЕ И ОБЕСПЕЧЕНИЕ ВОЕННОЙ БЕЗОПАСНОСТИ; СОЦИАЛЬНОЕ ОБЕСПЕЧЕНИЕ,O,2021,582.0913
ГОСУДАРСТВЕННОЕ УПРАВЛЕНИЕ И ОБЕСПЕЧЕНИЕ ВОЕННОЙ БЕЗОПАСНОСТИ; СОЦИАЛЬНОЕ ОБЕСПЕЧЕНИЕ,O,2022,638.9022
ГОСУДАРСТВЕННОЕ УПРАВЛЕНИЕ И ОБЕСПЕЧЕНИЕ ВОЕННОЙ БЕЗОПАСНОСТИ; СОЦИАЛЬНОЕ ОБЕСПЕЧЕНИЕ,O,2023,539.4548000000001
ГОСУДАРСТВЕННОЕ УПРАВЛЕНИЕ И ОБЕСПЕЧЕНИЕ ВОЕННОЙ БЕЗОПАСНОСТИ; СОЦИАЛЬНОЕ ОБЕСПЕЧЕНИЕ,O,2024,742.891
ГОСУДАРСТВЕННОЕ УПРАВЛЕНИЕ И ОБЕСПЕЧЕНИЕ ВОЕННОЙ БЕЗОПАСНОСТИ; СОЦИАЛЬНОЕ ОБЕСПЕЧЕНИЕ,O,2025,735.2710999999999
ОБРАЗОВАНИЕ,P,2017,50125.4211
ОБРАЗОВАНИЕ,P,2018,56145.1835
ОБРАЗОВАНИЕ,P,2019,62636.7846
ОБРАЗОВАНИЕ,P,2020,63561.7822
ОБРАЗОВАНИЕ,P,2021,70345.9109
ОБРАЗОВАНИЕ,P,2022,81607.8382
ОБРАЗОВАНИЕ,P,2023,91543.1563
ОБРАЗОВАНИЕ,P,2024,106010.5108
ОБРАЗОВАНИЕ,P,2025,112608.4932
ДЕЯТЕЛЬНОСТЬ В ОБЛАСТИ ЗДРАВООХРАНЕНИЯ И СОЦИАЛЬНЫХ УСЛУГ,Q,2017,2089.603
ДЕЯТЕЛЬНОСТЬ В ОБЛАСТИ ЗДРАВООХРАНЕНИЯ И СОЦИАЛЬНЫХ УСЛУГ,Q,2018,2780.3157
ДЕЯТЕЛЬНОСТЬ В ОБЛАСТИ ЗДРАВООХРАНЕНИЯ И СОЦИАЛЬНЫХ УСЛУГ,Q,2019,2938.5898
ДЕЯТЕЛЬНОСТЬ В ОБЛАСТИ ЗДРАВООХРАНЕНИЯ И СОЦИАЛЬНЫХ УСЛУГ,Q,2020,3617.1452
ДЕЯТЕЛЬНОСТЬ В ОБЛАСТИ ЗДРАВООХРАНЕНИЯ И СОЦИАЛЬНЫХ УСЛУГ,Q,2021,3449.9867000000004
ДЕЯТЕЛЬНОСТЬ В ОБЛАСТИ ЗДРАВООХРАНЕНИЯ И СОЦИАЛЬНЫХ УСЛУГ,Q,2022,3103.8332
ДЕЯТЕЛЬНОСТЬ В ОБЛАСТИ ЗДРАВООХРАНЕНИЯ И СОЦИАЛЬНЫХ УСЛУГ,Q,2023,3162.3072
ДЕЯТЕЛЬНОСТЬ В ОБЛАСТИ ЗДРАВООХРАНЕНИЯ И СОЦИАЛЬНЫХ УСЛУГ,Q,2024,3901.9952
ДЕЯТЕЛЬНОСТЬ В ОБЛАСТИ ЗДРАВООХРАНЕНИЯ И СОЦИАЛЬНЫХ УСЛУГ,Q,2025,4267.4145
"ДЕЯТЕЛЬНОСТЬ В ОБЛАСТИ КУЛЬТУРЫ, СПОРТА, ОРГАНИЗАЦИИ ДОСУГА И РАЗВЛЕЧЕНИЙ",R,2017,1567.3529
"ДЕЯТЕЛЬНОСТЬ В ОБЛАСТИ КУЛЬТУРЫ, СПОРТА, ОРГАНИЗАЦИИ ДОСУГА И РАЗВЛЕЧЕНИЙ",R,2018,1471.6364
"ДЕЯТЕЛЬНОСТЬ В ОБЛАСТИ КУЛЬТУРЫ, СПОРТА, ОРГАНИЗАЦИИ ДОСУГА И РАЗВЛЕЧЕНИЙ",R,2019,1784.1038
"ДЕЯТЕЛЬНОСТЬ В ОБЛАСТИ КУЛЬТУРЫ, СПОРТА, ОРГАНИЗАЦИИ ДОСУГА И РАЗВЛЕЧЕНИЙ",R,2020,1703.9813
"ДЕЯТЕЛЬНОСТЬ В ОБЛАСТИ КУЛЬТУРЫ, СПОРТА, ОРГАНИЗАЦИИ ДОСУГА И РАЗВЛЕЧЕНИЙ",R,2021,1749.5187
"ДЕЯТЕЛЬНОСТЬ В ОБЛАСТИ КУЛЬТУРЫ, СПОРТА, ОРГАНИЗАЦИИ ДОСУГА И РАЗВЛЕЧЕНИЙ",R,2022,1690.1259
"ДЕЯТЕЛЬНОСТЬ В ОБЛАСТИ КУЛЬТУРЫ, СПОРТА, ОРГАНИЗАЦИИ ДОСУГА И РАЗВЛЕЧЕНИЙ",R,2023,1852.0335
"ДЕЯТЕЛЬНОСТЬ В ОБЛАСТИ КУЛЬТУРЫ, СПОРТА, ОРГАНИЗАЦИИ ДОСУГА И РАЗВЛЕЧЕНИЙ",R,2024,2602.5841
"ДЕЯТЕЛЬНОСТЬ В ОБЛАСТИ КУЛЬТУРЫ, СПОРТА, ОРГАНИЗАЦИИ ДОСУГА И РАЗВЛЕЧЕНИЙ",R,2025,1928.6499
ПРЕДОСТАВЛЕНИЕ ПРОЧИХ ВИДОВ УСЛУГ,S,2017,133.1068
94 - Деятельность общественных организаций,S,2018,138.9291
ПРЕДОСТАВЛЕНИЕ ПРОЧИХ ВИДОВ УСЛУГ,S,2019,122.8138
ПРЕДОСТАВЛЕНИЕ ПРОЧИХ ВИДОВ УСЛУГ,S,2020,109.6497
ПРЕДОСТАВЛЕНИЕ ПРОЧИХ ВИДОВ УСЛУГ,S,2021,302.63
ПРЕДОСТАВЛЕНИЕ ПРОЧИХ ВИДОВ УСЛУГ,S,2022,104.6214
ПРЕДОСТАВЛЕНИЕ ПРОЧИХ ВИДОВ УСЛУГ,S,2023,76.9344
ПРЕДОСТАВЛЕНИЕ ПРОЧИХ ВИДОВ УСЛУГ,S,2024,509.6672
ПРЕДОСТАВЛЕНИЕ ПРОЧИХ ВИДОВ УСЛУГ,S,2025,91.225
