sector,okved2,year,researchers_s
"Растениеводство и животноводство, охота и предоставление соответствующих услуг в этих областях",01,2018,402.0
"Растениеводство и животноводство, охота и предоставление соответствующих услуг в этих областях",01,2019,360.0
"Растениеводство и животноводство, охота и предоставление соответствующих услуг в этих областях",01,2020,520.0
"Растениеводство и животноводство, охота и предоставление соответствующих услуг в этих областях",01,2021,469.0
"Растениеводство и животноводство, охота и предоставление соответствующих услуг в этих областях",01,2022,434.0
"Растениеводство и животноводство, охота и предоставление соответствующих услуг в этих областях",01,2023,301.0
"Растениеводство и животноводство, охота и предоставление соответствующих услуг в этих областях",01,2024,420.0
"Растениеводство и животноводство, охота и предоставление соответствующих услуг в этих областях",01,2025,371.0
Выращивание однолетних культур,01.1,2024,71.0
Выращивание однолетних культур,01.1,2025,48.0
Деятельность вспомогательная в области производства сельскохозяйственных культур и послеуборочной обработки сельхозпродукции,01.6,2024,190.0
Деятельность вспомогательная в области производства сельскохозяйственных культур и послеуборочной обработки сельхозпродукции,01.6,2025,176.0
Предоставление услуг в области растениеводства,01.61,2024,145.0
Предоставление услуг в области растениеводства,01.61,2025,132.0
Добыча нефти и природного газа,06,2020,432.0
Предоставление услуг в области добычи полезных ископаемых,09,2019,39.0
Предоставление услуг в области добычи полезных ископаемых,09,2020,36.0
Предоставление услуг в области добычи полезных ископаемых,09,2021,116.0
Предоставление услуг в области добычи полезных ископаемых,09,2022,74.0
Предоставление услуг в области добычи полезных ископаемых,09,2023,100.0
Предоставление услуг в области добычи полезных ископаемых,09,2024,75.0
Предоставление услуг в области добычи полезных ископаемых,09,2025,104.0
Предоставление услуг в области добычи нефти и природного газа,09.10,2024,75.0
Предоставление услуг в области добычи нефти и природного газа,09.10,2025,104.0
Предоставление прочих услуг в области добычи нефти и природного газа,09.10.9,2025,93.0
"Растениеводство и животноводство, охота и предоставление соответствующих услуг в этих областях",1,2017,685.0
Производство пищевых продуктов,10,2017,187.0
Производство пищевых продуктов,10,2018,79.0
Производство пищевых продуктов,10,2019,201.0
Производство пищевых продуктов,10,2020,194.0
Производство пищевых продуктов,10,2021,226.0
Производство пищевых продуктов,10,2022,279.0
Производство пищевых продуктов,10,2023,186.0
Производство пищевых продуктов,10,2024,281.0
Производство пищевых продуктов,10,2025,184.0
Производство прочих пищевых продуктов,10.8,2024,226.0
Производство прочих пищевых продуктов,10.8,2025,155.0
"Производство прочих пищевых продуктов, не включенных в другие группировки",10.89,2024,226.0
"Производство прочих пищевых продуктов, не включенных в другие группировки",10.89,2025,133.0
Производство биологически активных добавок к пище,10.89.8,2020,49.0
Производство биологически активных добавок к пище,10.89.8,2021,53.0
"Производство прочих продуктов питания, не включенных в другие группировки",10.89.9,2024,6.0
"Производство кормового микробиологического белка, премиксов, кормовых витаминов, антибиотиков, аминокислот и ферментов",10.91.3,2021,32.0
Всего по обследуемым видам экономической деятельности,101.АГ,2017,707887.0
Всего по обследуемым видам экономической деятельности,101.АГ,2018,682580.0
Всего по обследуемым видам экономической деятельности,101.АГ,2019,682464.0
Всего по обследуемым видам экономической деятельности,101.АГ,2020,679333.0
Всего по обследуемым видам экономической деятельности,101.АГ,2021,662702.0
Всего по обследуемым видам экономической деятельности,101.АГ,2022,669870.0
Всего по обследуемым видам экономической деятельности,101.АГ,2023,670614.0
Всего по обследуемым видам экономической деятельности,101.АГ,2024,675696.0
Всего по обследуемым видам экономической деятельности,101.АГ,2025,673639.0
Промышленное производство (промышленность),102.АГ,2017,71342.0
Промышленное производство (промышленность),102.АГ,2018,70268.0
Производство напитков,11,2017,5.0
Производство напитков,11,2020,2.0
"Перегонка, очистка и смешивание спиртов",11.01,2018,5.0
"Перегонка, очистка и смешивание спиртов",11.01,2020,2.0
Производство текстильных изделий,13,2017,15.0
Производство текстильных изделий,13,2018,59.0
Производство текстильных изделий,13,2019,60.0
Производство текстильных изделий,13,2020,84.0
Производство текстильных изделий,13,2021,268.0
Производство текстильных изделий,13,2022,263.0
Производство текстильных изделий,13,2023,230.0
Производство текстильных изделий,13,2024,193.0
Производство текстильных изделий,13,2025,36.0
Производство текстильных тканей,13.20,2020,5.0
Производство прочих текстильных изделий,13.9,2024,151.0
Производство прочих текстильных изделий,13.9,2025,36.0
Собирательная классификационная группировка видов экономической деятельности в области деятельности творческих (креативных) индустрий на основе Общероссийского классификатора видов экономической деятельности (ОКВЭД2) ОК 029-2014 (КДЕС Ред. 2),13210000.029.02,2024,6347.0
Собирательная классификационная группировка видов экономической деятельности в области деятельности творческих (креативных) индустрий на основе Общероссийского классификатора видов экономической деятельности (ОКВЭД2) ОК 029-2014 (КДЕС Ред. 2),13210000.029.02,2025,4260.0
Сектор инжиниринговых услуг и промышленного дизайна,1323500.029.12,2017,783.0
Сектор инжиниринговых услуг и промышленного дизайна,1323500.029.12,2018,1143.0
Сектор инжиниринговых услуг и промышленного дизайна,1323500.029.12,2019,1059.0
Сектор инжиниринговых услуг и промышленного дизайна,1323500.029.12,2020,950.0
Сектор инжиниринговых услуг и промышленного дизайна,1323500.029.12,2021,981.0
Сектор инжиниринговых услуг и промышленного дизайна,1323500.029.12,2022,1880.0
Сектор инжиниринговых услуг и промышленного дизайна,1323500.029.12,2023,2129.0
Сектор инжиниринговых услуг и промышленного дизайна,1323500.029.12,2024,1726.0
Сектор инжиниринговых услуг и промышленного дизайна,1323500.029.12,2025,1669.0
"Собирательная классификационная группировка видов экономической деятельности ""Промышленность"" на основе ОКВЭД2 (КДЕС Ред. 2)",1323500.029.31,2019,87067.0
"Собирательная классификационная группировка видов экономической деятельности ""Промышленность"" на основе ОКВЭД2 (КДЕС Ред. 2)",1323500.029.31,2020,94524.0
"Собирательная классификационная группировка видов экономической деятельности ""Промышленность"" на основе ОКВЭД2 (КДЕС Ред. 2)",1323500.029.31,2021,91639.0
"Собирательная классификационная группировка видов экономической деятельности ""Промышленность"" на основе ОКВЭД2 (КДЕС Ред. 2)",1323500.029.31,2022,102902.0
"Собирательная классификационная группировка видов экономической деятельности ""Промышленность"" на основе ОКВЭД2 (КДЕС Ред. 2)",1323500.029.31,2023,107031.0
"Собирательная классификационная группировка видов экономической деятельности ""Промышленность"" на основе ОКВЭД2 (КДЕС Ред. 2)",1323500.029.31,2024,127683.0
"Собирательная классификационная группировка видов экономической деятельности ""Промышленность"" на основе ОКВЭД2 (КДЕС Ред. 2)",1323500.029.31,2025,127122.0
Виды экономической деятельности в области промышленности строительных материалов,1323500.029.33,2018,378.0
Виды экономической деятельности в области промышленности строительных материалов,1323500.029.33,2019,628.0
Виды экономической деятельности в области промышленности строительных материалов,1323500.029.33,2020,609.0
Виды экономической деятельности в области промышленности строительных материалов,1323500.029.33,2021,590.0
Виды экономической деятельности в области промышленности строительных материалов,1323500.029.33,2022,494.0
Виды экономической деятельности в области промышленности строительных материалов,1323500.029.33,2023,465.0
Виды экономической деятельности в области промышленности строительных материалов,1323500.029.33,2024,489.0
Виды экономической деятельности в области промышленности строительных материалов,1323500.029.33,2025,414.0
"Собирательная классификационная группировка видов экономической деятельности в области лазерных, оптических и оптоэлектронных технологий (фотоники) на основе Общероссийского классификатора видов экономической деятельности (ОКВЭД 2) ОК 029-2014 (КДЕС Ред.2)",1323500.029.36,2024,845.0
"Собирательная классификационная группировка видов экономической деятельности в области лазерных, оптических и оптоэлектронных технологий (фотоники) на основе Общероссийского классификатора видов экономической деятельности (ОКВЭД 2) ОК 029-2014 (КДЕС Ред.2)",1323500.029.36,2025,2274.0
Сектор информационно-коммуникационных технологий,1324500.029.01,2017,16743.0
Сектор информационно,1324500.029.01,2018,16567.0
Сектор информационно,1324500.029.01,2019,14820.0
Сектор информационно-коммуникационных технологий,1324500.029.01,2020,20272.0
Сектор информационно-коммуникационных технологий,1324500.029.01,2021,16930.0
Сектор информационно-коммуникационных технологий,1324500.029.01,2022,20580.0
Сектор информационно-коммуникационных технологий,1324500.029.01,2023,17933.0
Сектор информационно-коммуникационных технологий,1324500.029.01,2024,25310.0
Сектор информационно-коммуникационных технологий,1324500.029.01,2025,25208.0
Сектор контента и средств массовой информации,1324500.029.02,2020,21.0
Сектор контента и средств массовой информации,1324500.029.02,2021,26.0
Сектор контента и средств массовой информации,1324500.029.02,2022,14.0
Сектор контента и средств массовой информации,1324500.029.02,2023,30.0
Сектор контента и средств массовой информации,1324500.029.02,2025,37.0
Собирательная классификация группировка видов экономической деятельности «Отрасль информационных технологий» на основе Общероссийского классификатора видов экономической деятельности (ОКВЭД2) ОК 029-2014 (КДЕС Ред. 2),1324500.029.11,2017,2320.0
Отрасль информационных технологий,1324500.029.11,2018,2282.0
Отрасль информационных технологий,1324500.029.11,2019,2805.0
Отрасль информационных технологий,1324500.029.11,2020,4812.0
Отрасль информационных технологий,1324500.029.11,2021,3030.0
Отрасль информационных технологий,1324500.029.11,2022,3072.0
Отрасль информационных технологий,1324500.029.11,2023,3416.0
Отрасль информационных технологий,1324500.029.11,2024,5349.0
Отрасль информационных технологий,1324500.029.11,2025,4419.0
Собирательная классификационная группировка видов экономической деятельности 'Агропромышленный комплекс' на основе Общероссийского классификатора видов экономической деятельности (ОКВЭД2) ОК 029-2014 (КДЕС Ред.2),1325000.029.01,2017,550135.0
"Собирательная классификационная группировка видов экономической деятельности ""Агропромышленный комплекс"" на основе Общероссийского классификатора видов экономической деятельности (ОКВЭД2) ОК 029",1325000.029.01,2018,523168.0
"Собирательная классификационная группировка видов экономической деятельности ""Агропромышленный комплекс"" на основе Общероссийского классификатора видов экономической деятельности (ОКВЭД2) ОК 029",1325000.029.01,2019,489266.0
"Собирательная классификационная группировка видов экономической деятельности ""Агропромышленный комплекс"" на основе Общероссийского классификатора видов экономической деятельности (ОКВЭД2) ОК 029-2014 (КДЕС Ред.2)",1325000.029.01,2020,483247.0
"Собирательная классификационная группировка видов экономической деятельности ""Агропромышленный комплекс"" на основе Общероссийского классификатора видов экономической деятельности (ОКВЭД2) ОК 029-2014 (КДЕС Ред.2)",1325000.029.01,2021,471405.0
"Собирательная классификационная группировка видов экономической деятельности ""Агропромышленный комплекс"" на основе Общероссийского классификатора видов экономической деятельности (ОКВЭД2) ОК 029-2014 (КДЕС Ред.2)",1325000.029.01,2022,465640.0
"Собирательная классификационная группировка видов экономической деятельности ""Агропромышленный комплекс"" на основе Общероссийского классификатора видов экономической деятельности (ОКВЭД2) ОК 029-2014 (КДЕС Ред.2)",1325000.029.01,2023,464463.0
"Собирательная классификационная группировка видов экономической деятельности ""Агропромышленный комплекс"" на основе Общероссийского классификатора видов экономической деятельности (ОКВЭД2) ОК 029-2014 (КДЕС Ред.2)",1325000.029.01,2024,448946.0
Наукоемкие виды экономической деятельности.,136.АГ,2024,545794.0
Наукоемкие виды экономической деятельности.,136.АГ,2025,544508.0
Производство одежды,14,2021,105.0
Производство одежды,14,2024,206.0
Производство одежды,14,2025,192.0
"Производство одежды, кроме одежды из меха",14.1,2021,105.0
"Производство одежды, кроме одежды из меха",14.1,2024,206.0
"Производство одежды, кроме одежды из меха",14.1,2025,192.0
Производство спецодежды,14.12,2024,206.0
Производство спецодежды,14.12,2025,192.0
Производство бумаги и бумажных изделий,17,2021,2.0
Деятельность полиграфическая и копирование носителей информации,18,2017,559.0
Деятельность полиграфическая и копирование носителей информации,18,2020,11.0
Деятельность полиграфическая и копирование носителей информации,18,2021,14.0
Производство кокса и нефтепродуктов,19,2017,75.0
Производство кокса и нефтепродуктов,19,2018,80.0
Производство кокса и нефтепродуктов,19,2019,76.0
Производство кокса и нефтепродуктов,19,2020,70.0
Производство кокса и нефтепродуктов,19,2021,67.0
Производство кокса и нефтепродуктов,19,2022,83.0
Производство кокса и нефтепродуктов,19,2023,82.0
Производство кокса и нефтепродуктов,19,2025,109.0
Производство нефтепродуктов,19.20,2025,109.0
Производство прочих нефтепродуктов,19.20.9,2021,25.0
Производство химических веществ и химических продуктов,20,2017,1704.0
Производство химических веществ и химических продуктов,20,2018,1748.0
Производство химических веществ и химических продуктов,20,2019,2753.0
Производство химических веществ и химических продуктов,20,2020,5035.0
Производство химических веществ и химических продуктов,20,2021,3822.0
Производство химических веществ и химических продуктов,20,2022,2998.0
Производство химических веществ и химических продуктов,20,2023,2125.0
Производство химических веществ и химических продуктов,20,2024,3723.0
Производство химических веществ и химических продуктов,20,2025,4440.0
"Производство химических продуктов, не включенные в другие группировки",20.05.АГ,2017,422.0
"Производство химических продуктов, не включенных в другие группировки",20.05.АГ,2018,351.0
"Производство химических продуктов, не включенных в другие группировки",20.05.АГ,2019,696.0
"Производство химических продуктов, не включенных в другие группировки",20.05.АГ,2020,1082.0
"Производство химических продуктов, не включенных в другие группировки",20.05.АГ,2024,1697.0
"Производство химических продуктов, не включенных в другие группировки",20.05.АГ,2025,497.0
"Производство прочих химических продуктов, за исключением взрывчатых веществ",20.09.АГ,2017,265.0
"Производство прочих химических продуктов, за исключением взрывчатых веществ",20.09.АГ,2018,351.0
"Производство прочих химических продуктов, за исключением взрывчатых веществ",20.09.АГ,2019,696.0
"Производство прочих химических продуктов, за исключением взрывчатых веществ",20.09.АГ,2020,1082.0
"Производство прочих химических продуктов, за исключением взрывчатых веществ",20.09.АГ,2021,1178.0
"Производство прочих химических продуктов, за исключением взрывчатых веществ",20.09.АГ,2022,1400.0
"Производство прочих химических продуктов, за исключением взрывчатых веществ",20.09.АГ,2023,884.0
"Производство прочих химических продуктов, за исключением взрывчатых веществ",20.09.АГ,2024,1697.0
"Производство основных химических веществ, удобрений и азотных соединений, пластмасс и синтетического каучука в первичных формах",20.1,2017,1072.0
"Производство основных химических веществ, удобрений и азотных соединений, пластмасс и синтетического каучука в первичных формах",20.1,2018,1141.0
"Производство основных химических веществ, удобрений и азотных соединений, пластмасс и синтетического каучука в первичных формах",20.1,2019,1791.0
"Производство основных химических веществ, удобрений и азотных соединений, пластмасс и синтетического каучука в первичных формах",20.1,2020,3727.0
"Производство основных химических веществ, удобрений и азотных соединений, пластмасс и синтетического каучука в первичных формах",20.1,2021,2445.0
"Производство основных химических веществ, удобрений и азотных соединений, пластмасс и синтетического каучука в первичных формах",20.1,2022,1388.0
"Производство основных химических веществ, удобрений и азотных соединений, пластмасс и синтетического каучука в первичных формах",20.1,2023,1034.0
"Производство основных химических веществ, удобрений и азотных соединений, пластмасс и синтетического каучука в первичных формах",20.1,2024,1781.0
"Производство основных химических веществ, удобрений и азотных соединений, пластмасс и синтетического каучука в первичных формах",20.1,2025,3713.0
Производство прочих основных неорганических химических веществ,20.13,2024,815.0
Производство прочих основных неорганических химических веществ,20.13,2025,2651.0
Производство прочих основных органических химических веществ,20.14,2024,39.0
Производство прочих основных органических химических веществ,20.14,2025,126.0
Производство прочих химических органических основных веществ,20.14.7,2020,54.0
Производство прочих химических органических основных веществ,20.14.7,2021,42.0
Производство удобрений и азотных соединений,20.15,2017,168.0
Производство удобрений и азотных соединений,20.15,2018,172.0
Производство удобрений и азотных соединений,20.15,2019,130.0
Производство удобрений и азотных соединений,20.15,2020,79.0
Производство удобрений и азотных соединений,20.15,2021,76.0
Производство удобрений и азотных соединений,20.15,2024,93.0
Производство удобрений и азотных соединений,20.15,2025,98.0
Производство азотных минеральных или химических удобрений,20.15.3,2025,98.0
Производство пластмасс и синтетических смол в первичных формах,20.16,2024,755.0
Производство пластмасс и синтетических смол в первичных формах,20.16,2025,774.0
Среднетехнологичные высокого уровня виды деятельности,20.27.01.АГ,2024,53109.0
Среднетехнологичные высокого уровня виды деятельности,20.27.01.АГ,2025,46115.0
"Производство красок, лаков и аналогичных материалов для нанесения покрытий, полиграфических красок и мастик",20.3,2017,99.0
"Производство красок, лаков и аналогичных материалов для нанесения покрытий, полиграфических красок и мастик",20.3,2018,108.0
"Производство красок, лаков и аналогичных материалов для нанесения покрытий, полиграфических красок и мастик",20.3,2019,119.0
"Производство красок, лаков и аналогичных материалов для нанесения покрытий, полиграфических красок и мастик",20.3,2020,116.0
"Производство красок, лаков и аналогичных материалов для нанесения покрытий, полиграфических красок и мастик",20.3,2021,99.0
"Производство красок, лаков и аналогичных материалов для нанесения покрытий, полиграфических красок и мастик",20.3,2022,98.0
"Производство красок, лаков и аналогичных материалов для нанесения покрытий, полиграфических красок и мастик",20.3,2023,95.0
"Производство красок, лаков и аналогичных материалов для нанесения покрытий, полиграфических красок и мастик",20.30,2024,98.0
"Производство красок, лаков и аналогичных материалов для нанесения покрытий, полиграфических красок и мастик",20.30,2025,95.0
Производство красок и лаков на основе полимеров,20.30.1,2024,71.0
Производство красок и лаков на основе полимеров,20.30.1,2025,68.0
"Производство мыла и моющих, чистящих и полирующих средств; парфюмерных и косметических средств",20.4,2017,111.0
"Производство мыла и моющих, чистящих и полирующих средств; парфюмерных и косметических средств",20.4,2018,131.0
"Производство мыла и моющих, чистящих и полирующих средств; парфюмерных и косметических средств",20.4,2019,130.0
"Производство мыла и моющих, чистящих и полирующих средств; парфюмерных и косметических средств",20.4,2020,110.0
"Производство мыла и моющих, чистящих и полирующих средств; парфюмерных и косметических средств",20.4,2021,97.0
"Производство мыла и моющих, чистящих и полирующих средств; парфюмерных и косметических средств",20.4,2022,109.0
"Производство мыла и моющих, чистящих и полирующих средств; парфюмерных и косметических средств",20.4,2023,109.0
"Производство мыла и моющих, чистящих и полирующих средств; парфюмерных и косметических средств",20.4,2024,141.0
"Производство мыла и моющих, чистящих и полирующих средств; парфюмерных и косметических средств",20.4,2025,130.0
"Производство мыла и моющих, чистящих и полирующих средств",20.41,2024,126.0
"Производство мыла и моющих, чистящих и полирующих средств",20.41,2025,110.0
"Производство органических поверхностно-активных веществ, кроме мыла",20.41.2,2024,60.0
"Производство мыла и моющих средств, чистящих и полирующих средств",20.41.3,2025,77.0
Производство прочих химических продуктов,20.5,2017,422.0
Производство прочих химических продуктов,20.5,2018,351.0
Производство прочих химических продуктов,20.5,2019,696.0
Производство прочих химических продуктов,20.5,2020,1082.0
Производство прочих химических продуктов,20.5,2021,1178.0
Производство прочих химических продуктов,20.5,2022,1400.0
Производство прочих химических продуктов,20.5,2023,884.0
Производство прочих химических продуктов,20.5,2024,1697.0
Производство прочих химических продуктов,20.5,2025,497.0
Производство химических волокон,20.6,2021,3.0
"Производство лекарственных средств и материалов, применяемых в медицинских целях",21,2017,887.0
"Производство лекарственных средств и материалов, применяемых в медицинских целях",21,2018,751.0
"Производство лекарственных средств и материалов, применяемых в медицинских целях",21,2019,879.0
"Производство лекарственных средств и материалов, применяемых в медицинских целях",21,2020,875.0
"Производство лекарственных средств и материалов, применяемых в медицинских целях",21,2021,1268.0
"Производство лекарственных средств и материалов, применяемых в медицинских целях и ветеринарии",21,2022,1255.0
"Производство лекарственных средств и материалов, применяемых в медицинских целях и ветеринарии",21,2023,1306.0
"Производство лекарственных средств и материалов, применяемых в медицинских целях и ветеринарии",21,2024,1458.0
"Производство лекарственных средств и материалов, применяемых в медицинских целях и ветеринарии",21,2025,1854.0
Производство фармацевтических субстанций,21.1,2017,50.0
Производство фармацевтических субстанций,21.1,2018,53.0
Производство фармацевтических субстанций,21.10,2020,21.0
Производство фармацевтических субстанций,21.10,2021,36.0
Производство фармацевтических субстанций,21.10,2022,103.0
Производство фармацевтических субстанций,21.10,2023,190.0
Производство фармацевтических субстанций,21.10,2024,83.0
Производство фармацевтических субстанций,21.10,2025,183.0
"Производство лекарственных препаратов и материалов, применяемых в медицинских целях",21.2,2017,837.0
"Производство лекарственных препаратов и материалов, применяемых в медицинских целях",21.2,2018,698.0
"Производство лекарственных препаратов и материалов, применяемых в медицинских целях",21.20,2019,877.0
"Производство лекарственных препаратов и материалов, применяемых в медицинских целях",21.20,2020,854.0
"Производство лекарственных препаратов и материалов, применяемых в медицинских целях",21.20,2021,1232.0
"Производство лекарственных препаратов и материалов, применяемых в медицинских целях и ветеринарии",21.20,2022,1152.0
"Производство лекарственных препаратов и материалов, применяемых в медицинских целях и ветеринарии",21.20,2023,1116.0
"Производство лекарственных препаратов и материалов, применяемых в медицинских целях и ветеринарии",21.20,2024,1375.0
"Производство лекарственных препаратов и материалов, применяемых в медицинских целях и ветеринарии",21.20,2025,1671.0
Производство лекарственных препаратов для медицинского применения,21.20.1,2024,1195.0
Производство лекарственных препаратов для медицинского применения,21.20.1,2025,1497.0
"Производство материалов, применяемых в медицинских целях",21.20.2,2024,180.0
"Производство материалов, применяемых в медицинских целях",21.20.2,2025,164.0
Производство лекарственных препаратов для ветеринарного применения,21.20.3,2025,10.0
Высокотехнологичные виды деятельности,21.26.01.АГ,2024,64182.0
Высокотехнологичные виды деятельности,21.26.01.АГ,2025,68626.0
Производство резиновых и пластмассовых изделий,22,2017,251.0
Производство резиновых и пластмассовых изделий,22,2018,197.0
Производство резиновых и пластмассовых изделий,22,2019,239.0
Производство резиновых и пластмассовых изделий,22,2020,229.0
Производство резиновых и пластмассовых изделий,22,2021,207.0
Производство резиновых и пластмассовых изделий,22,2022,208.0
Производство резиновых и пластмассовых изделий,22,2023,287.0
Производство резиновых и пластмассовых изделий,22,2024,292.0
Производство резиновых и пластмассовых изделий,22,2025,268.0
Производство резиновых изделий,22.1,2017,172.0
Производство резиновых изделий,22.1,2018,169.0
Производство резиновых изделий,22.1,2019,212.0
Производство резиновых изделий,22.1,2020,203.0
Производство резиновых изделий,22.1,2021,194.0
Производство резиновых изделий,22.1,2022,182.0
Производство резиновых изделий,22.1,2023,218.0
Производство резиновых изделий,22.1,2024,207.0
Производство резиновых изделий,22.1,2025,196.0
Производство прочих резиновых изделий,22.19,2024,204.0
Производство прочих резиновых изделий,22.19,2025,193.0
Производство изделий из пластмасс,22.2,2024,85.0
Производство изделий из пластмасс,22.2,2025,72.0
"Производство пластмассовых плит, полос, труб и профилей",22.21,2025,23.0
"Производство пластмассовых изделий, используемых в строительстве",22.23,2021,12.0
Производство прочей неметаллической минеральной продукции,23,2017,556.0
Производство прочей неметаллической минеральной продукции,23,2018,259.0
Производство прочей неметаллической минеральной продукции,23,2019,1275.0
Производство прочей неметаллической минеральной продукции,23,2020,552.0
Производство прочей неметаллической минеральной продукции,23,2021,1250.0
Производство прочей неметаллической минеральной продукции,23,2022,1138.0
Производство прочей неметаллической минеральной продукции,23,2023,1180.0
Производство прочей неметаллической минеральной продукции,23,2024,2638.0
Производство прочей неметаллической минеральной продукции,23,2025,2586.0
Производство стекла и изделий из стекла,23.1,2024,227.0
Производство листового стекла,23.11,2020,6.0
Производство листового стекла,23.11,2021,4.0
"Производство листового узорчатого, прокатного (но не обработанного другим способом): армированного стекла",23.11.3,2020,6.0
"Производство листового узорчатого, прокатного (но не обработанного другим способом): армированного стекла",23.11.3,2021,4.0
Формирование и обработка листового стекла,23.12,2020,76.0
Формирование и обработка листового стекла,23.12,2021,75.0
Производство упрочненного (в том числе термически упрочненного и закаленного) стекла,23.12.1,2020,76.0
Производство упрочненного (в том числе термически упрочненного и закаленного) стекла,23.12.1,2021,75.0
Производство стекловолокна,23.14,2020,310.0
Производство стекловолокна,23.14,2021,304.0
Производство огнеупорных изделий,23.20,2020,99.0
Производство огнеупорных изделий,23.20,2021,104.0
Производство огнеупорных изделий,23.20,2024,143.0
"Производство огнеупорных кирпичей, блоков, плиток",23.20.1,2020,61.0
"Производство огнеупорных кирпичей, блоков, плиток",23.20.1,2021,63.0
Производство прочих огнеупорных керамических изделий,23.20.9,2020,38.0
Производство прочих огнеупорных керамических изделий,23.20.9,2021,41.0
Производство керамических изоляторов и изолирующей арматуры,23.43,2020,9.0
Производство керамических изоляторов и изолирующей арматуры,23.43,2021,2.0
"Производство абразивных и неметаллических минеральных изделий, не включенных в другие группировки",23.9,2025,33.0
"Производство прочей неметаллической минеральной продукции, не включенной в другие группировки",23.99,2020,52.0
"Производство прочей неметаллической минеральной продукции, не включенной в другие группировки",23.99,2021,27.0
Производство металлургическое,24,2017,1679.0
Производство металлургическое,24,2018,1765.0
Производство металлургическое,24,2019,1758.0
Производство металлургическое,24,2020,1562.0
Производство металлургическое,24,2021,1579.0
Производство металлургическое,24,2022,1552.0
Производство металлургическое,24,2023,1478.0
Производство металлургическое,24,2024,1638.0
Производство металлургическое,24,2025,3841.0
Производство прочих цветных металлов; производство ядерного топлива,24.04.АГ,2017,606.0
Производство прочих цветных металлов; производство ядерного топлива,24.04.АГ,2018,1013.0
Производство прочих цветных металлов; производство ядерного топлива,24.04.АГ,2019,946.0
Производство прочих цветных металлов; производство ядерного топлива,24.04.АГ,2020,728.0
Производство прочих цветных металлов; производство ядерного топлива,24.04.АГ,2024,661.0
Производство прочих цветных металлов; производство ядерного топлива,24.04.АГ,2025,3015.0
"Производство чугуна, стали и ферросплавов",24.1,2017,237.0
"Производство чугуна, стали и ферросплавов",24.1,2018,234.0
"Производство чугуна, стали и ферросплавов",24.1,2019,258.0
"Производство чугуна, стали и ферросплавов",24.1,2020,267.0
"Производство чугуна, стали и ферросплавов",24.1,2021,323.0
"Производство чугуна, стали и ферросплавов",24.1,2022,326.0
"Производство чугуна, стали и ферросплавов",24.1,2023,330.0
"Производство чугуна, стали и ферросплавов",24.10,2024,387.0
"Производство чугуна, стали и ферросплавов",24.10,2025,514.0
"Производство стальных труб, полых профилей и фитингов",24.2,2017,162.0
"Производство стальных труб, полых профилей и фитингов",24.2,2018,154.0
"Производство стальных труб, полых профилей и фитингов",24.2,2019,186.0
"Производство стальных труб, полых профилей и фитингов",24.2,2020,159.0
"Производство стальных труб, полых профилей и фитингов",24.2,2021,117.0
"Производство стальных труб, полых профилей и фитингов",24.2,2022,135.0
Производство бесшовных труб и пустотелых профилей,24.20.1,2020,51.0
Производство бесшовных труб и пустотелых профилей,24.20.1,2021,33.0
"Производство основных драгоценных металлов и прочих цветных металлов, производство ядерного топлива",24.4,2017,1280.0
"Производство основных драгоценных металлов и прочих цветных металлов, производство ядерного топлива",24.4,2018,1377.0
"Производство основных драгоценных металлов и прочих цветных металлов, производство ядерного топлива",24.4,2019,1309.0
"Производство основных драгоценных металлов и прочих цветных металлов, производство ядерного топлива",24.4,2020,1130.0
"Производство основных драгоценных металлов и прочих цветных металлов, производство ядерного топлива",24.4,2021,1133.0
"Производство основных драгоценных металлов и прочих цветных металлов, производство ядерного топлива",24.4,2022,1091.0
"Производство основных драгоценных металлов и прочих цветных металлов, производство ядерного топлива",24.4,2023,999.0
"Производство основных драгоценных металлов и прочих цветных металлов, производство ядерного топлива",24.4,2024,1099.0
"Производство основных драгоценных металлов и прочих цветных металлов, производство ядерного топлива",24.4,2025,3168.0
Производство драгоценных металлов,24.41,2024,307.0
Литье металлов,24.5,2020,6.0
Литье металлов,24.5,2021,6.0
"Производство готовых металлических изделий, кроме машин и оборудования",25,2017,19303.0
"Производство готовых металлических изделий, кроме машин и оборудования",25,2018,19109.0
"Производство готовых металлических изделий, кроме машин и оборудования",25,2019,28562.0
"Производство готовых металлических изделий, кроме машин и оборудования",25,2020,27561.0
"Производство готовых металлических изделий, кроме машин и оборудования",25,2021,23811.0
"Производство готовых металлических изделий, кроме машин и оборудования",25,2022,26856.0
"Производство готовых металлических изделий, кроме машин и оборудования",25,2023,29504.0
"Производство готовых металлических изделий, кроме машин и оборудования",25,2024,31052.0
"Производство готовых металлических изделий, кроме машин и оборудования",25,2025,27565.0
"Производство готовых металлических изделий, кроме машин, оборудования, оружия и боеприпасов",25.01.АГ,2024,1831.0
"Производство готовых металлических изделий, кроме машин, оборудования, оружия и боеприпасов",25.01.АГ,2025,1893.0
"Производство готовых металлических изделий, не включенных в другие группировки",25.04.АГ,2017,17824.0
"Производство готовых металлических изделий, не включенных в другие группировки",25.04.АГ,2018,17570.0
"Производство готовых металлических изделий, не включенных в другие группировки",25.04.АГ,2019,26453.0
"Производство готовых металлических изделий, не включенных в другие группировки",25.04.АГ,2020,23964.0
"Производство готовых металлических изделий, не включенных в другие группировки",25.04.АГ,2024,29221.0
"Производство готовых металлических изделий, не включенных в другие группировки",25.04.АГ,2025,25685.0
Производство строительных металлических конструкций и изделий,25.1,2020,6.0
Производство строительных металлических конструкций и изделий,25.1,2021,2.0
Производство строительных металлических конструкций и изделий,25.1,2025,65.0
"Производство строительных металлических конструкций, изделий и их частей",25.11,2020,6.0
"Производство строительных металлических конструкций, изделий и их частей",25.11,2021,2.0
"Производство строительных металлических конструкций, изделий и их частей",25.11,2025,65.0
"Производство металлических цистерн, резервуаров и прочих емкостей",25.2,2018,144.0
"Производство металлических цистерн, резервуаров и прочих емкостей",25.2,2019,648.0
"Производство металлических цистерн, резервуаров и прочих емкостей",25.2,2020,642.0
"Производство металлических цистерн, резервуаров и прочих емкостей",25.2,2021,265.0
"Производство паровых котлов, кроме котлов центрального отопления",25.3,2020,831.0
"Производство паровых котлов, кроме котлов центрального отопления",25.3,2021,1362.0
Обработка металлов и нанесение покрытий на металлы; механическая обработка металлов,25.6,2018,70.0
Обработка металлов и нанесение покрытий на металлы; механическая обработка металлов,25.6,2019,71.0
Обработка металлов и нанесение покрытий на металлы; механическая обработка металлов,25.6,2020,2096.0
Обработка металлов и нанесение покрытий на металлы; механическая обработка металлов,25.6,2021,287.0
Обработка металлов и нанесение покрытий на металлы; механическая обработка металлов,25.6,2022,445.0
Обработка металлов и нанесение покрытий на металлы; механическая обработка металлов,25.6,2023,338.0
Обработка металлов и нанесение покрытий на металлы; механическая обработка металлов,25.6,2024,237.0
Обработка металлов и нанесение покрытий на металлы; механическая обработка металлов,25.6,2025,277.0
Обработка металлов и нанесение покрытий на металлы,25.61,2025,253.0
"Производство ножевых изделий и столовых приборов, инструментов и универсальных скобяных изделий",25.7,2019,54.0
"Производство ножевых изделий и столовых приборов, инструментов и универсальных скобяных изделий",25.7,2020,22.0
"Производство ножевых изделий и столовых приборов, инструментов и универсальных скобяных изделий",25.7,2021,28.0
"Производство компьютеров, электронных и оптических изделий",26,2017,21861.0
"Производство компьютеров, электронных и оптических изделий",26,2018,21082.0
"Производство компьютеров, электронных и оптических изделий",26,2019,21042.0
"Производство компьютеров, электронных и оптических изделий",26,2020,26408.0
"Производство компьютеров, электронных и оптических изделий",26,2021,25501.0
"Производство компьютеров, электронных и оптических изделий",26,2022,31867.0
"Производство компьютеров, электронных и оптических изделий",26,2023,33066.0
"Производство компьютеров, электронных и оптических изделий",26,2024,41119.0
"Производство компьютеров, электронных и оптических изделий",26,2025,47991.0
Производство элементов электронной аппаратуры и печатных схем (плат),26.1,2017,4635.0
Производство элементов электронной аппаратуры и печатных схем (плат),26.1,2018,3673.0
Производство элементов электронной аппаратуры и печатных схем (плат),26.1,2019,3924.0
Производство элементов электронной аппаратуры и печатных схем (плат),26.1,2020,4600.0
Производство элементов электронной аппаратуры и печатных схем (плат),26.1,2021,4086.0
Производство элементов электронной аппаратуры и печатных схем (плат),26.1,2022,4914.0
Производство элементов электронной аппаратуры и печатных схем (плат),26.1,2023,5441.0
Производство элементов электронной аппаратуры и печатных схем (плат),26.1,2024,7692.0
Производство элементов электронной аппаратуры и печатных схем (плат),26.1,2025,7475.0
Производство элементов электронной аппаратуры,26.11,2024,7692.0
Производство элементов электронной аппаратуры,26.11,2025,7281.0
Производство электронных вакуумных ламп и трубок и прочих электронных вакуумных приборов,26.11.1,2024,1262.0
Производство электронных вакуумных ламп и трубок и прочих электронных вакуумных приборов,26.11.1,2025,1926.0
"Производство диодов, транзисторов и прочих полупроводниковых приборов, включая светоизлучающие диоды, пьезоэлектрические приборы и их части",26.11.2,2024,3345.0
"Производство диодов, транзисторов и прочих полупроводниковых приборов, включая светоизлучающие диоды, пьезоэлектрические приборы и их части",26.11.2,2025,2383.0
Производство интегральных электронных схем,26.11.3,2024,677.0
Производство интегральных электронных схем,26.11.3,2025,539.0
"Производство частей электронных ламп, трубок и прочих электронных компонентов, не включенных в другие группировки",26.11.9,2024,2174.0
"Производство частей электронных ламп, трубок и прочих электронных компонентов, не включенных в другие группировки",26.11.9,2025,2304.0
Производство электронных печатных плат,26.12,2025,194.0
Производство компьютеров и периферийного оборудования,26.2,2017,48.0
Производство компьютеров и периферийного оборудования,26.20,2020,210.0
Производство компьютеров и периферийного оборудования,26.20,2021,380.0
Производство компьютеров и периферийного оборудования,26.20,2022,1080.0
Производство компьютеров и периферийного оборудования,26.20,2023,1663.0
Производство компьютеров и периферийного оборудования,26.20,2024,2617.0
Производство компьютеров и периферийного оборудования,26.20,2025,3999.0
"Производство устройств автоматической обработки данных, информационных и телекоммуникационных систем",26.20.04.АГ,2020,38.0
"Производство устройств автоматической обработки данных, информационных и телекоммуникационных систем",26.20.04.АГ,2024,1079.0
"Производство устройств автоматической обработки данных, информационных и телекоммуникационных систем",26.20.04.АГ,2025,1128.0
Производство компьютеров,26.20.1,2024,1538.0
Производство компьютеров,26.20.1,2025,2696.0
Производство коммуникационного оборудования,26.3,2017,7679.0
Производство коммуникационного оборудования,26.3,2018,8910.0
Производство коммуникационного оборудования,26.30,2019,5968.0
Производство коммуникационного оборудования,26.30,2020,8027.0
Производство коммуникационного оборудования,26.30,2021,7879.0
Производство коммуникационного оборудования,26.30,2022,9986.0
Производство коммуникационного оборудования,26.30,2023,5870.0
Производство коммуникационного оборудования,26.30,2024,8721.0
Производство коммуникационного оборудования,26.30,2025,7701.0
"Производство прочего коммуникационного оборудования, не включенного в другие группировки",26.30.01.АГ,2020,2183.0
"Производство прочего коммуникационного оборудования, не включенного в другие группировки",26.30.01.АГ,2024,3115.0
"Производство прочего коммуникационного оборудования, не включенного в другие группировки",26.30.01.АГ,2025,2388.0
"Производство коммуникационной аппаратуры, радио- и телевизионной передающей аппаратуры, телевизионных камер",26.30.1,2024,7888.0
"Производство коммуникационной аппаратуры, радио- и телевизионной передающей аппаратуры, телевизионных камер",26.30.1,2025,7323.0
"Производство средств связи, выполняющих функцию систем коммутации",26.30.11,2024,2578.0
"Производство средств связи, выполняющих функцию систем коммутации",26.30.11,2025,2968.0
Производство радио- и телевизионной передающей аппаратуры,26.30.17,2024,1893.0
Производство радио- и телевизионной передающей аппаратуры,26.30.17,2025,1527.0
Производство прочего коммуникационного оборудования,26.30.19,2024,302.0
Производство прочего коммуникационного оборудования,26.30.19,2025,440.0
Производство охранно-пожарной сигнализации и аналогичных приборов,26.30.6,2024,83.0
Производство охранно-пожарной сигнализации и аналогичных приборов,26.30.6,2025,84.0
Производство бытовой электроники,26.4,2017,602.0
Производство бытовой электроники,26.40,2018,280.0
Производство бытовой электроники,26.40,2019,197.0
Производство бытовой электроники,26.40,2020,259.0
Производство бытовой электроники,26.40,2021,248.0
Производство бытовой электроники,26.40,2022,248.0
Производство бытовой электроники,26.40,2023,142.0
Производство бытовой электроники,26.40,2024,212.0
Производство бытовой электроники,26.40,2025,254.0
Производство электроакустической аппаратуры,26.40.4,2025,150.0
Производство контрольно-измерительных и навигационных приборов и аппаратов; производство часов,26.5,2017,7417.0
Производство контрольно,26.5,2018,7314.0
Производство контрольно,26.5,2019,10351.0
Производство контрольно-измерительных и навигационных приборов и аппаратов; производство часов,26.5,2020,12412.0
Производство контрольно-измерительных и навигационных приборов и аппаратов; производство часов,26.5,2021,12045.0
Производство контрольно-измерительных и навигационных приборов и аппаратов; производство часов,26.5,2022,14631.0
Производство контрольно-измерительных и навигационных приборов и аппаратов; производство часов,26.5,2023,18875.0
Производство контрольно-измерительных и навигационных приборов и аппаратов; производство часов,26.5,2024,20725.0
Производство контрольно-измерительных и навигационных приборов и аппаратов; производство часов,26.5,2025,25948.0
"Производство инструментов и приборов для измерения, тестирования и навигации",26.51,2024,20725.0
"Производство инструментов и приборов для измерения, тестирования и навигации",26.51,2025,25948.0
"Производство прочих инструментов и приборов для измерения, тестирования и навигации",26.51.02.АГ,2017,5186.0
"Производство прочих инструментов и приборов для измерения, тестирования и навигации",26.51.02.АГ,2018,4393.0
"Производство прочих инструментов и приборов для измерения, тестирования и навигации",26.51.02.АГ,2019,5356.0
"Производство прочих инструментов и приборов для измерения, тестирования и навигации",26.51.02.АГ,2020,7274.0
"Производство прочих инструментов и приборов для измерения, тестирования и навигации",26.51.02.АГ,2024,15704.0
"Производство прочих инструментов и приборов для измерения, тестирования и навигации",26.51.02.АГ,2025,19891.0
"Производство навигационных, метеорологических, геодезических, геофизических и аналогичного типа приборов, аппаратуры и инструментов",26.51.1,2024,3739.0
"Производство навигационных, метеорологических, геодезических, геофизических и аналогичного типа приборов, аппаратуры и инструментов",26.51.1,2025,3551.0
Производство приборов и аппаратуры для измерения электрических величин или ионизирующих излучений,26.51.4,2024,144.0
Производство приборов и аппаратуры для измерения электрических величин или ионизирующих излучений,26.51.4,2025,200.0
Производство приборов для контроля прочих физических величин,26.51.5,2024,446.0
Производство приборов для контроля прочих физических величин,26.51.5,2025,444.0
"Производство прочих приборов, датчиков, аппаратуры и инструментов для измерения, контроля и испытаний",26.51.6,2024,658.0
"Производство прочих приборов, датчиков, аппаратуры и инструментов для измерения, контроля и испытаний",26.51.6,2025,1862.0
"Производство облучающего и электротерапевтического оборудования, применяемого в медицинских целях",26.6,2017,338.0
"Производство облучающего и электротерапевтического оборудования, применяемого в медицинских целях",26.6,2018,335.0
"Производство облучающего и электротерапевтического оборудования, применяемого в медицинских целях",26.6,2019,166.0
"Производство облучающего и электротерапевтического оборудования, применяемого в медицинских целях",26.6,2020,122.0
"Производство облучающего и электротерапевтического оборудования, применяемого в медицинских целях",26.6,2021,140.0
"Производство облучающего и электротерапевтического оборудования, применяемого в медицинских целях",26.6,2022,208.0
"Производство облучающего и электротерапевтического оборудования, применяемого в медицинских целях",26.6,2023,299.0
"Производство облучающего и электротерапевтического оборудования, применяемого в медицинских целях",26.60,2024,309.0
"Производство облучающего и электротерапевтического оборудования, применяемого в медицинских целях",26.60,2025,342.0
"Производство аппаратов, применяемых в медицинских целях, основанных на использовании рентгеновского, альфа-, бета- и гамма-излучений",26.60.1,2024,148.0
"Производство аппаратов, применяемых в медицинских целях, основанных на использовании рентгеновского, альфа-, бета- и гамма-излучений",26.60.1,2025,137.0
"Производство диагностического и терапевтического оборудования, применяемого в медицинских целях",26.60.5,2024,161.0
"Производство оптических приборов, фото- и кинооборудования",26.7,2017,1142.0
"Производство оптических приборов, фото",26.7,2018,523.0
"Производство оптических приборов, фото",26.7,2019,389.0
"Производство оптических приборов, фото- и кинооборудования",26.7,2020,778.0
"Производство оптических приборов, фото- и кинооборудования",26.7,2021,723.0
"Производство оптических приборов, фото- и кинооборудования",26.7,2022,800.0
"Производство оптических приборов, фото- и кинооборудования",26.7,2023,776.0
"Производство оптических приборов, фото- и кинооборудования",26.70,2024,843.0
"Производство оптических приборов, фото- и кинооборудования",26.70,2025,2272.0
Производство фото- и кинооборудования,26.70.1,2024,67.0
Производство оптических прицелов и приборов определения координат целей,26.70.6,2024,621.0
Производство оптических прицелов и приборов определения координат целей,26.70.6,2025,653.0
Производство электрического оборудования,27,2017,2623.0
Производство электрического оборудования,27,2018,3093.0
Производство электрического оборудования,27,2019,2328.0
Производство электрического оборудования,27,2020,2608.0
Производство электрического оборудования,27,2021,2866.0
Производство электрического оборудования,27,2022,2246.0
Производство электрического оборудования,27,2023,2978.0
Производство электрического оборудования,27,2024,3336.0
Производство электрического оборудования,27,2025,3196.0
"Производство электродвигателей, генераторов, трансформаторов и распределительных устройств, а также контрольно-измерительной аппаратуры",27.1,2017,1556.0
"Производство электродвигателей, генераторов, трансформаторов и распределительных устройств, а также контрольно",27.1,2018,1613.0
"Производство электродвигателей, генераторов, трансформаторов и распределительных устройств, а также контрольно",27.1,2019,1317.0
"Производство электродвигателей, генераторов, трансформаторов и распределительных устройств, а также контрольно-измерительной аппаратуры",27.1,2020,2106.0
"Производство электродвигателей, генераторов, трансформаторов и распределительных устройств, а также контрольно-измерительной аппаратуры",27.1,2021,1426.0
"Производство электродвигателей, генераторов, трансформаторов и распределительных устройств, а также контрольно-измерительной аппаратуры",27.1,2022,1502.0
"Производство электродвигателей, генераторов, трансформаторов и распределительных устройств, а также контрольно-измерительной аппаратуры",27.1,2023,1936.0
"Производство электродвигателей, генераторов, трансформаторов и распределительных устройств, а также контрольно-измерительной аппаратуры",27.1,2024,2077.0
"Производство электродвигателей, генераторов, трансформаторов и распределительных устройств, а также контрольно-измерительной аппаратуры",27.1,2025,1899.0
"Производство электродвигателей, электрогенераторов и трансформаторов",27.11,2024,592.0
"Производство электродвигателей, электрогенераторов и трансформаторов",27.11,2025,838.0
"Производство электродвигателей, генераторов и трансформаторов, кроме ремонта",27.11.1,2024,592.0
"Производство электродвигателей, генераторов и трансформаторов, кроме ремонта",27.11.1,2025,523.0
Производство электродвигателей,27.11.11,2024,434.0
Производство электродвигателей,27.11.11,2025,369.0
Производство электрической распределительной и регулирующей аппаратуры,27.12,2024,1485.0
Производство электрической распределительной и регулирующей аппаратуры,27.12,2025,1061.0
Производство электрических аккумуляторов и аккумуляторных батарей,27.2,2017,267.0
Производство электрических аккумуляторов и аккумуляторных батарей,27.2,2018,277.0
Производство электрических аккумуляторов и аккумуляторных батарей,27.2,2019,260.0
Производство электрических аккумуляторов и аккумуляторных батарей,27.2,2020,251.0
Производство электрических аккумуляторов и аккумуляторных батарей,27.2,2021,1151.0
Производство электрических аккумуляторов и аккумуляторных батарей,27.2,2022,244.0
Производство электрических аккумуляторов и аккумуляторных батарей,27.2,2023,276.0
Производство электрических аккумуляторов и аккумуляторных батарей,27.20,2024,294.0
Производство электрических аккумуляторов и аккумуляторных батарей,27.20,2025,294.0
"Производство первичных элементов, батарей первичных элементов и их частей",27.20.1,2024,196.0
"Производство аккумуляторов, в том числе для автомобилей, аккумуляторных батарей и их составных частей",27.20.2,2024,98.0
"Производство аккумуляторов, в том числе для автомобилей, аккумуляторных батарей и их составных частей",27.20.2,2025,154.0
Производство аккумуляторных батарей и их частей,27.20.22,2025,101.0
Производство кабелей и кабельной арматуры,27.3,2017,403.0
Производство кабелей и кабельной арматуры,27.3,2018,390.0
Производство кабелей и кабельной арматуры,27.3,2020,36.0
Производство кабелей и кабельной арматуры,27.3,2021,71.0
Производство кабелей и кабельной арматуры,27.3,2022,306.0
Производство кабелей и кабельной арматуры,27.3,2023,555.0
Производство кабелей и кабельной арматуры,27.3,2024,417.0
Производство кабелей и кабельной арматуры,27.3,2025,367.0
Производство прочих проводов и кабелей для электронного и электрического оборудования,27.32,2024,274.0
Производство прочих проводов и кабелей для электронного и электрического оборудования,27.32,2025,262.0
Производство силовых кабелей,27.32.2,2024,106.0
Производство электроустановочных изделий,27.33,2024,141.0
Производство электроустановочных изделий,27.33,2025,103.0
Производство электрических ламп и осветительного оборудования,27.4,2020,60.0
Производство электрических ламп и осветительного оборудования,27.4,2021,62.0
Производство электрических ламп и осветительного оборудования,27.4,2022,70.0
Производство электрических ламп и осветительного оборудования,27.4,2023,81.0
Производство электрических ламп и осветительного оборудования,27.40,2024,74.0
Производство электрических ламп и осветительного оборудования,27.40,2025,67.0
Производство бытовых приборов,27.5,2021,7.0
Производство прочего электрического оборудования,27.9,2017,355.0
Производство прочего электрического оборудования,27.9,2018,766.0
Производство прочего электрического оборудования,27.9,2019,367.0
Производство прочего электрического оборудования,27.9,2020,155.0
Производство прочего электрического оборудования,27.9,2021,149.0
Производство прочего электрического оборудования,27.9,2022,123.0
Производство прочего электрического оборудования,27.9,2023,130.0
Производство прочего электрического оборудования,27.90,2024,474.0
Производство прочего электрического оборудования,27.90,2025,568.0
"Производство электрического оборудования прочего, не включенного в другие группировки",27.90.9,2024,474.0
"Производство электрического оборудования прочего, не включенного в другие группировки",27.90.9,2025,501.0
"Производство машин и оборудования, не включенных в другие группировки",28,2017,6017.0
"Производство машин и оборудования, не включенных в другие группировки",28,2018,5249.0
"Производство машин и оборудования, не включенных в другие группировки",28,2019,6471.0
"Производство машин и оборудования, не включенных в другие группировки",28,2020,3883.0
"Производство машин и оборудования, не включенных в другие группировки",28,2021,5259.0
"Производство машин и оборудования, не включенных в другие группировки",28,2022,5500.0
"Производство машин и оборудования, не включенных в другие группировки",28,2023,6058.0
"Производство машин и оборудования, не включенных в другие группировки",28,2024,6878.0
"Производство машин и оборудования, не включенных в другие группировки",28,2025,5675.0
Производство машин и оборудования общего назначения,28.1,2017,3266.0
Производство машин и оборудования общего назначения,28.1,2018,3528.0
Производство машин и оборудования общего назначения,28.1,2019,3548.0
Производство машин и оборудования общего назначения,28.1,2020,1032.0
Производство машин и оборудования общего назначения,28.1,2021,1125.0
Производство машин и оборудования общего назначения,28.1,2022,1585.0
Производство машин и оборудования общего назначения,28.1,2023,1562.0
Производство машин и оборудования общего назначения,28.1,2024,1767.0
Производство машин и оборудования общего назначения,28.1,2025,1495.0
"Производство двигателей и турбин, кроме авиационных, автомобильных и мотоциклетных двигателей",28.11,2024,470.0
"Производство двигателей и турбин, кроме авиационных, автомобильных и мотоциклетных двигателей",28.11,2025,414.0
"Производство двигателей, кроме авиационных, автомобильных и мотоциклетных",28.11.1,2024,145.0
"Производство двигателей, кроме авиационных, автомобильных и мотоциклетных",28.11.1,2025,130.0
Производство гидравлического и пневматического силового оборудования,28.12,2024,113.0
Производство гидравлических и пневматических силовых установок и двигателей,28.12.1,2024,112.0
Производство прочих насосов и компрессоров,28.13,2024,859.0
Производство прочих насосов и компрессоров,28.13,2025,612.0
Производство прочих машин и оборудования общего назначения,28.2,2017,354.0
Производство прочих машин и оборудования общего назначения,28.2,2019,759.0
Производство прочих машин и оборудования общего назначения,28.2,2020,541.0
Производство прочих машин и оборудования общего назначения,28.2,2021,410.0
Производство прочих машин и оборудования общего назначения,28.2,2022,457.0
Производство прочих машин и оборудования общего назначения,28.2,2023,508.0
Производство прочих машин и оборудования общего назначения,28.2,2024,389.0
Производство прочих машин и оборудования общего назначения,28.2,2025,277.0
Производство промышленного холодильного и вентиляционного оборудования,28.25,2024,315.0
Производство промышленного холодильного и вентиляционного оборудования,28.25,2025,232.0
"Производство теплообменных устройств, оборудования для кондиционирования воздуха промышленного холодильного и морозильного оборудования, производство оборудования для фильтрования и очистки газов",28.25.1,2024,315.0
"Производство теплообменных устройств, оборудования для кондиционирования воздуха промышленного холодильного и морозильного оборудования, производство оборудования для фильтрования и очистки газов",28.25.1,2025,232.0
"Производство прочих машин и оборудования общего назначения, не включенного в другие группировки",28.29,2025,24.0
Производство машин и оборудования для сельского и лесного хозяйства,28.3,2017,73.0
Производство машин и оборудования для сельского и лесного хозяйства,28.3,2020,10.0
Производство машин и оборудования для сельского и лесного хозяйства,28.3,2021,27.0
Производство машин и оборудования для сельского и лесного хозяйства,28.3,2023,66.0
"Производство станков, машин и оборудования для обработки металлов и прочих твердых материалов",28.4,2020,15.0
"Производство станков, машин и оборудования для обработки металлов и прочих твердых материалов",28.4,2021,5.0
Производство металлообрабатывающего оборудования,28.41,2020,15.0
Производство металлообрабатывающего оборудования,28.41,2021,5.0
Производство прочих машин специального назначения,28.9,2017,2314.0
Производство прочих машин специального назначения,28.9,2018,1339.0
Производство прочих машин специального назначения,28.9,2019,2132.0
Производство прочих машин специального назначения,28.9,2020,2285.0
Производство прочих машин специального назначения,28.9,2021,3692.0
Производство прочих машин специального назначения,28.9,2022,3411.0
Производство прочих машин специального назначения,28.9,2023,3914.0
Производство прочих машин специального назначения,28.9,2024,4097.0
Производство прочих машин специального назначения,28.9,2025,3656.0
Производство машин и оборудования для добычи полезных ископаемых и строительства,28.92,2024,991.0
Производство машин и оборудования для добычи полезных ископаемых и строительства,28.92,2025,410.0
"Производство машин и оборудования для производства пищевых продуктов, напитков и табачных изделий",28.93,2024,70.0
"Производство машин и оборудования для производства пищевых продуктов, напитков и табачных изделий",28.93,2025,76.0
"Производство прочих машин и оборудования специального назначения, не включенных в другие группировки",28.99,2024,3036.0
"Производство прочих машин и оборудования специального назначения, не включенных в другие группировки",28.99,2025,3170.0
"Производство прочего оборудования специального назначения,  не включенных в другие группировки",28.99.03.АГ,2017,1837.0
"Производство прочего оборудования специального назначения, не включенного в другие группировки",28.99.03.АГ,2018,1127.0
"Производство прочего оборудования специального назначения, не включенного в другие группировки",28.99.03.АГ,2019,1313.0
"Производство прочего оборудования специального назначения, не включенного в другие группировки",28.99.03.АГ,2020,1408.0
"Производство прочего оборудования специального назначения, не включенного в другие группировки",28.99.03.АГ,2024,3036.0
"Производство прочего оборудования специального назначения, не включенного в другие группировки",28.99.03.АГ,2025,3170.0
"Производство автотранспортных средств, прицепов и полуприцепов",29,2017,2670.0
"Производство автотранспортных средств, прицепов и полуприцепов",29,2018,3207.0
"Производство автотранспортных средств, прицепов и полуприцепов",29,2019,3252.0
"Производство автотранспортных средств, прицепов и полуприцепов",29,2020,3723.0
"Производство автотранспортных средств, прицепов и полуприцепов",29,2021,4092.0
"Производство автотранспортных средств, прицепов и полуприцепов",29,2022,7357.0
"Производство автотранспортных средств, прицепов и полуприцепов",29,2023,4352.0
"Производство автотранспортных средств, прицепов и полуприцепов",29,2024,8809.0
"Производство автотранспортных средств, прицепов и полуприцепов",29,2025,5859.0
Производство автотранспортных средств,29.1,2017,2651.0
Производство автотранспортных средств,29.10,2018,3097.0
Производство автотранспортных средств,29.10,2019,3106.0
Производство автотранспортных средств,29.10,2020,3670.0
Производство автотранспортных средств,29.10,2021,4028.0
Производство автотранспортных средств,29.10,2022,7185.0
Производство автотранспортных средств,29.10,2023,4144.0
Производство автотранспортных средств,29.10,2024,8573.0
Производство автотранспортных средств,29.10,2025,5485.0
Производство грузовых автомобилей,29.10.4,2025,2063.0
Производство автомобилей специального назначения,29.10.5,2024,527.0
Производство автомобилей специального назначения,29.10.5,2025,464.0
Производство комплектующих и принадлежностей для автотранспортных средств,29.3,2019,146.0
Производство комплектующих и принадлежностей для автотранспортных средств,29.3,2020,53.0
Производство комплектующих и принадлежностей для автотранспортных средств,29.3,2021,64.0
Производство комплектующих и принадлежностей для автотранспортных средств,29.3,2022,147.0
Производство комплектующих и принадлежностей для автотранспортных средств,29.3,2023,183.0
Производство комплектующих и принадлежностей для автотранспортных средств,29.3,2024,143.0
Производство комплектующих и принадлежностей для автотранспортных средств,29.3,2025,329.0
Производство электрического и электронного оборудования для автотранспортных средств,29.31,2025,122.0
Производство прочих комплектующих и принадлежностей для автотранспортных средств,29.32,2024,58.0
Производство прочих комплектующих и принадлежностей для автотранспортных средств,29.32,2025,207.0
"Производство частей и принадлежностей для автотранспортных средств, не включенных в другие группировки",29.32.3,2024,26.0
"Производство частей и принадлежностей для автотранспортных средств, не включенных в другие группировки",29.32.3,2025,207.0
Производство прочих транспортных средств и оборудования,30,2017,11466.0
Производство прочих транспортных средств и оборудования,30,2018,11508.0
Производство прочих транспортных средств и оборудования,30,2019,16448.0
Производство прочих транспортных средств и оборудования,30,2020,19619.0
Производство прочих транспортных средств и оборудования,30,2021,19728.0
Производство прочих транспортных средств и оборудования,30,2022,19067.0
Производство прочих транспортных средств и оборудования,30,2023,20866.0
Производство прочих транспортных средств и оборудования,30,2024,22755.0
Производство прочих транспортных средств и оборудования,30,2025,20073.0
"Производство прочих транспортных средств, не включенных в другие группировки",30.01.АГ,2017,698.0
"Производство прочих транспортных средств, не включенных в другие группировки",30.01.АГ,2018,644.0
"Производство прочих транспортных средств, не включенных в другие группировки",30.01.АГ,2019,612.0
"Производство прочих транспортных средств, не включенных в другие группировки",30.01.АГ,2020,595.0
"Производство прочих транспортных средств, не включенных в другие группировки",30.01.АГ,2024,527.0
"Производство прочих транспортных средств, не включенных в другие группировки",30.01.АГ,2025,652.0
Производство железнодорожных локомотивов и подвижного состава,30.2,2017,1221.0
Производство железнодорожных локомотивов и подвижного состава,30.20,2018,1097.0
Производство железнодорожных локомотивов и подвижного состава,30.20,2019,521.0
Производство железнодорожных локомотивов и подвижного состава,30.20,2020,499.0
Производство железнодорожных локомотивов и подвижного состава,30.20,2021,581.0
Производство железнодорожных локомотивов и подвижного состава,30.20,2022,610.0
Производство железнодорожных локомотивов и подвижного состава,30.20,2023,615.0
Производство железнодорожных локомотивов и подвижного состава,30.20,2024,623.0
Производство железнодорожных локомотивов и подвижного состава,30.20,2025,640.0
Производство прочего подвижного состава,30.20.3,2024,271.0
Производство прочего подвижного состава,30.20.3,2025,270.0
"Производство несамоходных железнодорожных, трамвайных и прочих вагонов для перевозки грузов",30.20.33,2024,271.0
"Производство несамоходных железнодорожных, трамвайных и прочих вагонов для перевозки грузов",30.20.33,2025,270.0
"Производство частей железнодорожных локомотивов, трамвайных и прочих моторных вагонов и подвижного состава; производство путевого оборудования и устройств для железнодорожных, трамвайных и прочих путей, механического и электромеханического оборудования для управления движением",30.20.4,2025,149.0
"Производство летательных аппаратов, включая космические, и соответствующего оборудования",30.3,2017,9547.0
"Производство летательных аппаратов, включая космические, и соответствующего оборудования",30.3,2018,9767.0
"Производство летательных аппаратов, включая космические, и соответствующего оборудования",30.3,2019,15315.0
"Производство летательных аппаратов, включая космические, и соответствующего оборудования",30.3,2020,18525.0
"Производство летательных аппаратов, включая космические, и соответствующего оборудования",30.3,2021,18537.0
"Производство летательных аппаратов, включая космические, и соответствующего оборудования",30.3,2022,17755.0
"Производство летательных аппаратов, включая космические, и соответствующего оборудования",30.3,2023,19327.0
"Производство летательных аппаратов, включая космические, и соответствующего оборудования",30.30,2024,21605.0
"Производство летательных аппаратов, включая космические, и соответствующего оборудования",30.30,2025,18781.0
"Производство силовых установок и двигателей для летательных аппаратов, включая космические; наземных тренажеров для летного состава; их частей",30.30.1,2024,9327.0
"Производство силовых установок и двигателей для летательных аппаратов, включая космические; наземных тренажеров для летного состава; их частей",30.30.1,2025,6136.0
Производство двигателей летательных аппаратов с искровым зажиганием и их частей,30.30.11,2024,4540.0
Производство двигателей летательных аппаратов с искровым зажиганием и их частей,30.30.11,2025,1536.0
Производство турбореактивных и турбовинтовых двигателей и их частей,30.30.12,2024,4510.0
Производство турбореактивных и турбовинтовых двигателей и их частей,30.30.12,2025,4463.0
"Производство вертолетов, самолетов и прочих летательных аппаратов",30.30.3,2024,3491.0
"Производство вертолетов, самолетов и прочих летательных аппаратов",30.30.3,2025,4942.0
Производство самолетов,30.30.32,2024,1104.0
Производство самолетов,30.30.32,2025,2195.0
Производство частей и принадлежностей летательных и космических аппаратов,30.30.5,2024,6772.0
Производство частей и принадлежностей летательных и космических аппаратов,30.30.5,2025,6220.0
Производство прочих готовых изделий,32,2017,34.0
Производство прочих готовых изделий,32,2018,144.0
Производство прочих готовых изделий,32,2019,201.0
Производство прочих готовых изделий,32,2020,298.0
Производство прочих готовых изделий,32,2021,253.0
Производство прочих готовых изделий,32,2022,237.0
Производство прочих готовых изделий,32,2023,242.0
Производство прочих готовых изделий,32,2024,261.0
Производство прочих готовых изделий,32,2025,334.0
Производство медицинских инструментов и оборудования,32.5,2018,141.0
Производство медицинских инструментов и оборудования,32.5,2019,66.0
Производство медицинских инструментов и оборудования,32.5,2020,133.0
Производство медицинских инструментов и оборудования,32.5,2021,82.0
Производство медицинских инструментов и оборудования,32.5,2022,86.0
Производство медицинских инструментов и оборудования,32.5,2023,134.0
Производство медицинских инструментов и оборудования,32.50,2024,167.0
Производство медицинских инструментов и оборудования,32.50,2025,195.0
"Производство изделий, не включенных в другие группировки",32.9,2024,90.0
"Производство прочих готовых изделий, не включенных в другие группировки",32.99,2024,90.0
Производство головных защитных уборов и прочих средств защиты,32.99.1,2024,90.0
Ремонт и монтаж машин и оборудования,33,2017,535.0
Ремонт и монтаж машин и оборудования,33,2018,420.0
Ремонт и монтаж машин и оборудования,33,2019,640.0
Ремонт и монтаж машин и оборудования,33,2020,658.0
Ремонт и монтаж машин и оборудования,33,2021,258.0
Ремонт и монтаж машин и оборудования,33,2022,1189.0
Ремонт и монтаж машин и оборудования,33,2023,2256.0
Ремонт и монтаж машин и оборудования,33,2024,1476.0
Ремонт и монтаж машин и оборудования,33,2025,991.0
"Ремонт и монтаж металлических изделий, машин и оборудования",33.1,2024,1472.0
"Ремонт и монтаж металлических изделий, машин и оборудования",33.1,2025,987.0
Ремонт электронного и оптического оборудования,33.13,2025,44.0
"Обеспечение электрической энергией, газом и паром; кондиционирование воздуха",35,2024,416.0
"Обеспечение электрической энергией, газом и паром; кондиционирование воздуха",35,2025,551.0
"Производство, передача и распределение электроэнергии",35.1,2017,146.0
"Производство, передача и распределение электроэнергии",35.1,2018,162.0
"Производство, передача и распределение электроэнергии",35.1,2021,25.0
"Производство, передача и распределение пара и горячей воды; кондиционирование воздуха",35.3,2020,395.0
"Производство, передача и распределение пара и горячей воды; кондиционирование воздуха",35.3,2021,384.0
"Сбор, обработка и утилизация отходов; обработка вторичного сырья",38,2018,157.0
"Сбор, обработка и утилизация отходов; обработка вторичного сырья",38,2020,289.0
"Сбор, обработка и утилизация отходов; обработка вторичного сырья",38,2021,538.0
Работы строительные специализированные,43,2020,8.0
Работы строительные специализированные,43,2021,15.0
Торговля оптовая и розничная автотранспортными средствами и мотоциклами и их ремонт,45,2020,6.0
Торговля оптовая и розничная автотранспортными средствами и мотоциклами и их ремонт,45,2021,9.0
"Торговля оптовая, кроме оптовой торговли автотранспортными средствами и мотоциклами",46,2017,358.0
"Торговля оптовая, кроме оптовой торговли автотранспортными средствами и мотоциклами",46,2018,447.0
"Торговля оптовая, кроме оптовой торговли автотранспортными средствами и мотоциклами",46,2019,569.0
"Торговля оптовая, кроме оптовой торговли автотранспортными средствами и мотоциклами",46,2020,269.0
"Торговля оптовая, кроме оптовой торговли автотранспортными средствами и мотоциклами",46,2021,267.0
"Торговля оптовая, кроме оптовой торговли автотранспортными средствами и мотоциклами",46,2022,499.0
"Торговля оптовая, кроме оптовой торговли автотранспортными средствами и мотоциклами",46,2023,473.0
"Торговля оптовая, кроме оптовой торговли автотранспортными средствами и мотоциклами",46,2024,470.0
"Торговля оптовая, кроме оптовой торговли автотранспортными средствами и мотоциклами",46,2025,890.0
Торговля оптовая непродовольственными потребительскими товарами,46.4,2025,21.0
Торговля оптовая фармацевтической продукцией,46.46,2025,21.0
Торговля оптовая информационным и коммуникационным оборудованием,46.5,2024,298.0
Торговля оптовая информационным и коммуникационным оборудованием,46.5,2025,596.0
"Торговля оптовая компьютерами, периферийными устройствами к компьютерам и программным обеспечением",46.51,2020,6.0
"Торговля оптовая компьютерами, периферийными устройствами к компьютерам и программным обеспечением",46.51,2021,6.0
"Торговля оптовая компьютерами, периферийными устройствами к компьютерам и программным обеспечением",46.51,2024,243.0
Торговля оптовая электронным и телекоммуникационным оборудованием и его запасными частями,46.52,2021,43.0
"Торговля оптовая прочими машинами, оборудованием и принадлежностями",46.6,2024,128.0
"Торговля оптовая прочими машинами, оборудованием и принадлежностями",46.6,2025,178.0
Торговля оптовая прочими машинами и оборудованием,46.69,2024,128.0
Торговля оптовая прочими машинами и оборудованием,46.69,2025,171.0
"Торговля оптовая прочими машинами, приборами, аппаратурой и оборудованием общепромышленного и специального назначения",46.69.9,2024,43.0
Торговля оптовая специализированная прочая,46.7,2025,50.0
Торговля оптовая неспециализированная,46.90,2024,28.0
Торговля оптовая неспециализированная,46.90,2025,45.0
Деятельность сухопутного и трубопроводного транспорта,49,2017,118.0
Деятельность сухопутного и трубопроводного транспорта,49,2018,107.0
Деятельность сухопутного и трубопроводного транспорта,49,2021,103.0
Деятельность воздушного и космического транспорта,51,2021,966.0
Складское хозяйство и вспомогательная транспортная деятельность,52,2020,413.0
Складское хозяйство и вспомогательная транспортная деятельность,52,2021,413.0
Деятельность почтовой связи и курьерская деятельность,53,2018,7.0
Деятельность по предоставлению продуктов питания и напитков,56,2021,898.0
Деятельность издательская,58,2021,11.0
Деятельность издательская,58,2022,14.0
"Издание книг, периодических публикаций и другие виды издательской деятельности",58.1,2021,11.0
Деятельность в сфере телекоммуникаций,61,2018,15.0
Деятельность в сфере телекоммуникаций,61,2020,24.0
Деятельность в сфере телекоммуникаций,61,2021,54.0
Деятельность в сфере телекоммуникаций,61,2022,234.0
Деятельность в области связи на базе проводных технологий,61.1,2018,15.0
Деятельность в области связи на базе проводных технологий,61.10,2020,9.0
Деятельность в области связи на базе проводных технологий,61.10,2021,10.0
Деятельность в области связи на базе беспроводных технологий,61.20,2020,15.0
Деятельность в области связи на базе беспроводных технологий,61.20,2021,44.0
"Разработка компьютерного программного обеспечения, консультационные услуги в данной области и другие сопутствующие услуги",62,2017,2954.0
"Разработка компьютерного программного обеспечения, консультационные услуги в данной области и другие сопутствующие услуги",62,2018,3006.0
"Разработка компьютерного программного обеспечения, консультационные услуги в данной области и другие сопутствующие услуги",62,2019,3896.0
"Разработка компьютерного программного обеспечения, консультационные услуги в данной области и другие сопутствующие услуги",62,2020,6843.0
"Разработка компьютерного программного обеспечения, консультационные услуги в данной области и другие сопутствующие услуги",62,2021,4013.0
"Разработка компьютерного программного обеспечения, консультационные услуги в данной области и другие сопутствующие услуги",62,2022,3909.0
"Разработка компьютерного программного обеспечения, консультационные услуги в данной области и другие сопутствующие услуги",62,2023,4363.0
"Разработка компьютерного программного обеспечения, консультационные услуги в данной области и другие сопутствующие услуги",62.0,2024,5485.0
"Разработка компьютерного программного обеспечения, консультационные услуги в данной области и другие сопутствующие услуги",62.0,2025,4990.0
Разработка компьютерного программного обеспечения,62.01,2018,1805.0
Разработка компьютерного программного обеспечения,62.01,2019,2413.0
Разработка компьютерного программного обеспечения,62.01,2020,4448.0
Разработка компьютерного программного обеспечения,62.01,2021,2763.0
Разработка компьютерного программного обеспечения,62.01,2022,2838.0
Разработка компьютерного программного обеспечения,62.01,2023,3163.0
Разработка компьютерного программного обеспечения,62.01,2024,3777.0
Разработка компьютерного программного обеспечения,62.01,2025,2710.0
Деятельность консультативная и работы в области компьютерных технологий,62.02,2018,188.0
Деятельность консультативная и работы в области компьютерных технологий,62.02,2019,20.0
Деятельность консультативная и работы в области компьютерных технологий,62.02,2020,85.0
Деятельность консультативная и работы в области компьютерных технологий,62.02,2021,66.0
Деятельность консультативная и работы в области компьютерных технологий,62.02,2022,55.0
Деятельность консультативная и работы в области компьютерных технологий,62.02,2023,56.0
Деятельность консультативная и работы в области компьютерных технологий,62.02,2024,1399.0
Деятельность консультативная и работы в области компьютерных технологий,62.02,2025,1561.0
"Деятельность по планированию, проектированию компьютерных систем",62.02.1,2025,327.0
"Деятельность, связанная с использованием вычислительной техники и информационных технологий, прочая",62.09,2018,1013.0
"Деятельность, связанная с использованием вычислительной техники и информационных технологий, прочая",62.09,2019,1463.0
"Деятельность, связанная с использованием вычислительной техники и информационных технологий, прочая",62.09,2020,2310.0
"Деятельность, связанная с использованием вычислительной техники и информационных технологий, прочая",62.09,2021,1184.0
"Деятельность, связанная с использованием вычислительной техники и информационных технологий, прочая",62.09,2022,1016.0
"Деятельность, связанная с использованием вычислительной техники и информационных технологий, прочая",62.09,2023,1144.0
"Деятельность, связанная с использованием вычислительной техники и информационных технологий, прочая",62.09,2024,294.0
"Деятельность, связанная с использованием вычислительной техники и информационных технологий, прочая",62.09,2025,712.0
Деятельность в области информационных технологий,63,2017,412.0
Деятельность в области информационных технологий,63,2018,289.0
Деятельность в области информационных технологий,63,2019,387.0
Деятельность в области информационных технологий,63,2020,300.0
Деятельность в области информационных технологий,63,2021,216.0
Деятельность в области информационных технологий,63,2022,189.0
Деятельность в области информационных технологий,63,2023,226.0
Деятельность в области информационных технологий,63,2024,174.0
Деятельность в области информационных технологий,63,2025,178.0
"Деятельность по обработке данных, предоставление услуг по размещению информации, деятельность порталов в информационно-коммуникационной сети Интернет",63.1,2017,412.0
"Деятельность по обработке данных, предоставление услуг по размещению информации, деятельность порталов в информационно",63.1,2018,289.0
"Деятельность по обработке данных, предоставление услуг по размещению информации, деятельность порталов в информационно",63.1,2019,372.0
"Деятельность по обработке данных, предоставление услуг по размещению информации, деятельность порталов в информационно-коммуникационной сети Интернет",63.1,2020,279.0
"Деятельность по обработке данных, предоставление услуг по размещению информации, деятельность порталов в информационно-коммуникационной сети Интернет",63.1,2021,201.0
"Деятельность по обработке данных, предоставление услуг по размещению информации, деятельность порталов в информационно-коммуникационной сети Интернет",63.1,2022,179.0
"Деятельность по обработке данных, предоставление услуг по размещению информации, деятельность порталов в информационно-коммуникационной сети Интернет",63.1,2023,197.0
"Деятельность по обработке данных, предоставление услуг по размещению информации, деятельность порталов в информационно-коммуникационной сети Интернет",63.1,2024,158.0
"Деятельность по обработке данных, предоставление услуг по размещению информации, деятельность порталов в информационно-коммуникационной сети Интернет",63.1,2025,141.0
"Деятельность по обработке данных, предоставление услуг по размещению информации и связанная с этим деятельность",63.11,2019,372.0
"Деятельность по обработке данных, предоставление услуг по размещению информации и связанная с этим деятельность",63.11,2020,279.0
"Деятельность по обработке данных, предоставление услуг по размещению информации и связанная с этим деятельность",63.11,2021,201.0
"Деятельность по обработке данных, предоставление услуг по размещению информации и связанная с этим деятельность",63.11,2022,179.0
"Деятельность по обработке данных, предоставление услуг по размещению информации и связанная с этим деятельность",63.11,2023,197.0
"Деятельность по обработке данных, предоставление услуг по размещению информации и связанная с этим деятельность",63.11,2024,158.0
"Деятельность по обработке данных, предоставление услуг по размещению информации и связанная с этим деятельность",63.11,2025,141.0
Деятельность по созданию и использованию баз данных и информационных ресурсов,63.11.1,2024,131.0
Деятельность по созданию и использованию баз данных и информационных ресурсов,63.11.1,2025,112.0
Деятельность в области информационных услуг прочая,63.9,2020,21.0
Деятельность в области информационных услуг прочая,63.9,2021,15.0
Деятельность в области информационных услуг прочая,63.9,2025,37.0
Деятельность информационных агентств,63.91,2020,21.0
Деятельность информационных агентств,63.91,2021,15.0
"Деятельность по предоставлению финансовых услуг, кроме услуг по страхованию и пенсионному обеспечению",64,2017,22.0
"Деятельность по предоставлению финансовых услуг, кроме услуг по страхованию и пенсионному обеспечению",64,2021,5.0
Операции с недвижимым имуществом,68,2024,45.0
Операции с недвижимым имуществом,68,2025,159.0
Аренда и управление собственным или арендованным недвижимым имуществом,68.20,2024,44.0
Аренда и управление собственным или арендованным недвижимым имуществом,68.20,2025,159.0
Аренда и управление собственным или арендованным нежилым недвижимым имуществом,68.20.2,2024,44.0
Аренда и управление собственным или арендованным нежилым недвижимым имуществом,68.20.2,2025,159.0
Аренда и управление собственным или арендованным прочим нежилым недвижимым имуществом,68.20.29,2024,44.0
Аренда и управление собственным или арендованным прочим нежилым недвижимым имуществом,68.20.29,2025,159.0
Деятельность в области права и бухгалтерского учета,69,2020,42.0
Деятельность в области права и бухгалтерского учета,69,2021,48.0
Деятельность головных офисов; консультирование по вопросам управления,70,2017,17.0
Деятельность головных офисов; консультирование по вопросам управления,70,2018,14.0
Деятельность головных офисов; консультирование по вопросам управления,70,2019,170.0
Деятельность головных офисов; консультирование по вопросам управления,70,2020,240.0
Деятельность головных офисов; консультирование по вопросам управления,70,2021,65.0
Деятельность головных офисов; консультирование по вопросам управления,70,2022,107.0
Деятельность головных офисов; консультирование по вопросам управления,70,2023,96.0
Деятельность головных офисов; консультирование по вопросам управления,70,2024,229.0
Деятельность головных офисов; консультирование по вопросам управления,70,2025,1032.0
Деятельность головных офисов,70.1,2020,191.0
Деятельность головных офисов,70.1,2021,26.0
Деятельность головных офисов,70.1,2022,61.0
Деятельность головных офисов,70.1,2023,65.0
Деятельность головных офисов,70.10,2024,216.0
Деятельность головных офисов,70.10,2025,1023.0
Консультирование по вопросам управления,70.2,2017,14.0
Консультирование по вопросам управления,70.2,2019,27.0
Консультирование по вопросам управления,70.2,2020,49.0
Консультирование по вопросам управления,70.2,2021,39.0
Консультирование по вопросам управления,70.2,2022,46.0
Консультирование по вопросам управления,70.2,2023,31.0
Консультирование по вопросам управления,70.2,2024,13.0
Консультирование по вопросам коммерческой деятельности и управления,70.22,2024,13.0
"Деятельность в области архитектуры и инженерно-технического проектирования; технических испытаний, исследований и анализа",71,2017,4758.0
Деятельность в области архитектуры и инженерно,71,2018,4313.0
Деятельность в области архитектуры и инженерно,71,2019,11537.0
"Деятельность в области архитектуры и инженерно-технического проектирования; технических испытаний, исследований и анализа",71,2020,6758.0
"Деятельность в области архитектуры и инженерно-технического проектирования; технических испытаний, исследований и анализа",71,2021,5159.0
"Деятельность в области архитектуры и инженерно-технического проектирования; технических испытаний, исследований и анализа",71,2022,5544.0
"Деятельность в области архитектуры и инженерно-технического проектирования; технических испытаний, исследований и анализа",71,2023,8337.0
"Деятельность в области архитектуры и инженерно-технического проектирования; технических испытаний, исследований и анализа",71,2024,6638.0
"Деятельность в области архитектуры и инженерно-технического проектирования; технических испытаний, исследований и анализа",71,2025,10791.0
"Деятельность в области архитектуры, инженерных изысканий и предоставление технических консультаций в этих областях",71.1,2017,4081.0
"Деятельность в области архитектуры, инженерных изысканий и предоставление технических консультаций в этих областях",71.1,2018,3673.0
"Деятельность в области архитектуры, инженерных изысканий и предоставление технических консультаций в этих областях",71.1,2019,6489.0
"Деятельность в области архитектуры, инженерных изысканий и предоставление технических консультаций в этих областях",71.1,2020,4661.0
"Деятельность в области архитектуры, инженерных изысканий и предоставление технических консультаций в этих областях",71.1,2021,3133.0
"Деятельность в области архитектуры, инженерных изысканий и предоставление технических консультаций в этих областях",71.1,2022,3671.0
"Деятельность в области архитектуры, инженерных изысканий и предоставление технических консультаций в этих областях",71.1,2023,4538.0
"Деятельность в области архитектуры, инженерных изысканий и предоставление технических консультаций в этих областях",71.1,2024,4725.0
"Деятельность в области архитектуры, инженерных изысканий и предоставление технических консультаций в этих областях",71.1,2025,4900.0
Деятельность в области архитектуры,71.11,2024,679.0
Деятельность в области архитектуры,71.11,2025,525.0
"Деятельность в области архитектуры, связанная с созданием архитектурного объекта",71.11.1,2024,549.0
"Деятельность в области архитектуры, связанная с созданием архитектурного объекта",71.11.1,2025,383.0
"Деятельность в области инженерных изысканий, инженерно-технического проектирования, управления проектами строительства, выполнения строительного контроля и авторского надзора, предоставление технических консультаций в этих областях",71.12,2024,4046.0
"Деятельность в области инженерных изысканий, инженерно-технического проектирования, управления проектами строительства, выполнения строительного контроля и авторского надзора, предоставление технических консультаций в этих областях",71.12,2025,4375.0
"Деятельность, связанная с инженерно",71.12.1,2019,1059.0
"Деятельность, связанная с инженерно-техническим проектированием, управлением проектами строительства, выполнением строительного контроля и авторского надзора",71.12.1,2020,950.0
"Деятельность, связанная с инженерно-техническим проектированием, управлением проектами строительства, выполнением строительного контроля и авторского надзора",71.12.1,2021,955.0
"Деятельность, связанная с инженерно-техническим проектированием, управлением проектами строительства, выполнением строительного контроля и авторского надзора",71.12.1,2022,1795.0
"Деятельность, связанная с инженерно-техническим проектированием, управлением проектами строительства, выполнением строительного контроля и авторского надзора",71.12.1,2023,1696.0
"Деятельность, связанная с инженерно-техническим проектированием, управлением проектами строительства, выполнением строительного контроля и авторского надзора",71.12.1,2024,1726.0
"Деятельность, связанная с инженерно-техническим проектированием, управлением проектами строительства, выполнением строительного контроля и авторского надзора",71.12.1,2025,1504.0
"Разработка проектов тепло-, водо-, газоснабжения",71.12.11,2020,16.0
"Разработка проектов промышленных процессов и производств, относящихся к электротехнике, электронной технике, горному делу, химической технологии, машиностроению, а также в области промышленного строительства, системотехники и техники безопасности",71.12.12,2019,777.0
"Разработка проектов промышленных процессов и производств, относящихся к электротехнике, электронной технике, горному делу, химической технологии, машиностроению, а также в области промышленного строительства, системотехники и техники безопасности",71.12.12,2020,852.0
"Разработка проектов промышленных процессов и производств, относящихся к электротехнике, электронной технике, горному делу, химической технологии, машиностроению, а также в области промышленного строительства, системотехники и техники безопасности",71.12.12,2021,856.0
"Разработка проектов промышленных процессов и производств, относящихся к электротехнике, электронной технике, горному делу, химической технологии, машиностроению, а также в области промышленного строительства, системотехники и техники безопасности",71.12.12,2022,1672.0
"Разработка проектов промышленных процессов и производств, относящихся к электротехнике, электронной технике, горному делу, химической технологии, машиностроению, а также в области промышленного строительства, системотехники и техники безопасности",71.12.12,2023,1558.0
"Разработка проектов промышленных процессов и производств, относящихся к электротехнике, электронной технике, горному делу, химической технологии, машиностроению, а также в области промышленного строительства, системотехники и техники безопасности",71.12.12,2024,1423.0
"Разработка проектов промышленных процессов и производств, относящихся к электротехнике, электронной технике, горному делу, химической технологии, машиностроению, а также в области промышленного строительства, системотехники и техники безопасности",71.12.12,2025,1251.0
"Деятельность заказчика-застройщика, генерального подрядчика",71.12.2,2021,26.0
"Деятельность заказчика-застройщика, генерального подрядчика",71.12.2,2023,433.0
"Работы геолого-разведочные, геофизические и геохимические в области изучения недр и воспроизводства минерально-сырьевой базы",71.12.3,2024,966.0
"Работы геолого-разведочные, геофизические и геохимические в области изучения недр и воспроизводства минерально-сырьевой базы",71.12.3,2025,1022.0
Деятельность геодезическая и картографическая,71.12.4,2024,315.0
"Деятельность в области гидрометеорологии и смежных с ней областях, мониторинга состояния окружающей среды, ее загрязнения",71.12.5,2024,231.0
"Деятельность в области гидрометеорологии и смежных с ней областях, мониторинга состояния окружающей среды, ее загрязнения",71.12.5,2025,229.0
"Деятельность в области технического регулирования, стандартизации, метрологии, аккредитации, каталогизации продукции",71.12.6,2024,245.0
"Деятельность в области технического регулирования, стандартизации, метрологии, аккредитации, каталогизации продукции",71.12.6,2025,571.0
Деятельность в области метрологии,71.12.62,2025,307.0
"Технические испытания, исследования, анализ и сертификация",71.2,2017,677.0
"Технические испытания, исследования, анализ и сертификация",71.2,2018,640.0
"Технические испытания, исследования, анализ и сертификация",71.2,2019,5048.0
"Технические испытания, исследования, анализ и сертификация",71.2,2020,2097.0
"Технические испытания, исследования, анализ и сертификация",71.2,2021,2026.0
"Технические испытания, исследования, анализ и сертификация",71.2,2022,1873.0
"Технические испытания, исследования, анализ и сертификация",71.2,2023,3799.0
"Технические испытания, исследования, анализ и сертификация",71.20,2024,1913.0
"Технические испытания, исследования, анализ и сертификация",71.20,2025,5891.0
Судебно-экспертная деятельность,71.20.2,2025,9.0
"Сертификация продукции, услуг и организаций",71.20.8,2025,4021.0
"Деятельность по техническому контролю, испытаниям и анализу прочая",71.20.9,2025,1041.0
Научные исследования и разработки,72,2017,559836.0
Научные исследования и разработки,72,2018,535895.0
Научные исследования и разработки,72,2019,503107.0
Научные исследования и разработки,72,2020,495670.0
Научные исследования и разработки,72,2021,482399.0
Научные исследования и разработки,72,2022,478696.0
Научные исследования и разработки,72,2023,475807.0
Научные исследования и разработки,72,2024,460354.0
Научные исследования и разработки,72,2025,457052.0
Научные исследования и разработки в области естественных и технических наук,72.1,2017,547895.0
Научные исследования и разработки в области естественных и технических наук,72.1,2018,521518.0
Научные исследования и разработки в области естественных и технических наук,72.1,2019,487209.0
Научные исследования и разработки в области естественных и технических наук,72.1,2020,481002.0
Научные исследования и разработки в области естественных и технических наук,72.1,2021,469116.0
Научные исследования и разработки в области естественных и технических наук,72.1,2022,463269.0
Научные исследования и разработки в области естественных и технических наук,72.1,2023,462203.0
Научные исследования и разработки в области естественных и технических наук,72.1,2024,446352.0
Научные исследования и разработки в области естественных и технических наук,72.1,2025,443197.0
Научные исследования и разработки в области биотехнологии,72.11,2017,556.0
Научные исследования и разработки в области биотехнологии,72.11,2018,278.0
Научные исследования и разработки в области биотехнологии,72.11,2019,1388.0
Научные исследования и разработки в области биотехнологии,72.11,2020,2687.0
Научные исследования и разработки в области биотехнологии,72.11,2021,3585.0
Научные исследования и разработки в области биотехнологии,72.11,2022,3117.0
Научные исследования и разработки в области биотехнологии,72.11,2023,3269.0
Научные исследования и разработки в области биотехнологии,72.11,2024,3038.0
Научные исследования и разработки в области биотехнологии,72.11,2025,2956.0
Научные исследования и разработки в области естественных и технических наук прочие,72.19,2017,547305.0
Научные исследования и разработки в области естественных и технических наук прочие,72.19,2018,521240.0
Научные исследования и разработки в области естественных и технических наук прочие,72.19,2019,485821.0
Научные исследования и разработки в области естественных и технических наук прочие,72.19,2020,478315.0
Научные исследования и разработки в области естественных и технических наук прочие,72.19,2021,465531.0
Научные исследования и разработки в области естественных и технических наук прочие,72.19,2022,460152.0
Научные исследования и разработки в области естественных и технических наук прочие,72.19,2023,458934.0
Научные исследования и разработки в области естественных и технических наук прочие,72.19,2024,443314.0
Научные исследования и разработки в области естественных и технических наук прочие,72.19,2025,440241.0
Научные исследования и разработки в области общественных и гуманитарных наук,72.2,2017,11941.0
Научные исследования и разработки в области общественных и гуманитарных наук,72.2,2018,14377.0
Научные исследования и разработки в области общественных и гуманитарных наук,72.2,2019,15898.0
Научные исследования и разработки в области общественных и гуманитарных наук,72.2,2020,14668.0
Научные исследования и разработки в области общественных и гуманитарных наук,72.2,2021,13283.0
Научные исследования и разработки в области общественных и гуманитарных наук,72.2,2022,15427.0
Научные исследования и разработки в области общественных и гуманитарных наук,72.2,2023,13604.0
Научные исследования и разработки в области общественных и гуманитарных наук,72.20,2024,14002.0
Научные исследования и разработки в области общественных и гуманитарных наук,72.20,2025,13855.0
Научные исследования и разработки в области общественных наук,72.20.1,2017,399.0
Научные исследования и разработки в области общественных наук,72.20.1,2018,371.0
Научные исследования и разработки в области общественных наук,72.20.1,2019,698.0
Научные исследования и разработки в области общественных наук,72.20.1,2020,935.0
Научные исследования и разработки в области общественных наук,72.20.1,2021,912.0
Научные исследования и разработки в области общественных наук,72.20.1,2022,2783.0
Научные исследования и разработки в области общественных наук,72.20.1,2023,955.0
Научные исследования и разработки в области общественных наук,72.20.1,2024,1976.0
Научные исследования и разработки в области общественных наук,72.20.1,2025,832.0
Научные исследования и разработки в области общественных наук прочие,72.20.19,2024,1115.0
Научные исследования и разработки в области общественных наук прочие,72.20.19,2025,150.0
Научные исследования и разработки в области гуманитарных наук,72.20.2,2017,1109.0
Научные исследования и разработки в области гуманитарных наук,72.20.2,2018,1021.0
Научные исследования и разработки в области гуманитарных наук,72.20.2,2019,1101.0
Научные исследования и разработки в области гуманитарных наук,72.20.2,2020,601.0
Научные исследования и разработки в области гуманитарных наук,72.20.2,2021,410.0
Научные исследования и разработки в области гуманитарных наук,72.20.2,2022,398.0
Научные исследования и разработки в области гуманитарных наук,72.20.2,2023,425.0
Научные исследования и разработки в области гуманитарных наук,72.20.2,2024,377.0
Научные исследования и разработки в области гуманитарных наук,72.20.2,2025,1023.0
Деятельность рекламная и исследование конъюнктуры рынка,73,2017,8.0
Деятельность рекламная и исследование конъюнктуры рынка,73,2018,42.0
Деятельность рекламная и исследование конъюнктуры рынка,73,2020,46.0
Деятельность рекламная и исследование конъюнктуры рынка,73,2021,26.0
Деятельность рекламная,73.1,2021,15.0
Исследование конъюнктуры рынка и изучение общественного мнения,73.2,2017,8.0
Исследование конъюнктуры рынка и изучение общественного мнения,73.2,2018,42.0
Исследование конъюнктуры рынка и изучение общественного мнения,73.2,2020,46.0
Исследование конъюнктуры рынка и изучение общественного мнения,73.2,2021,11.0
Деятельность профессиональная научная и техническая прочая,74,2019,621.0
Деятельность профессиональная научная и техническая прочая,74,2020,934.0
Деятельность профессиональная научная и техническая прочая,74,2021,809.0
Деятельность профессиональная научная и техническая прочая,74,2022,762.0
Деятельность профессиональная научная и техническая прочая,74,2023,105.0
Деятельность профессиональная научная и техническая прочая,74,2024,698.0
Деятельность профессиональная научная и техническая прочая,74,2025,222.0
"Деятельность профессиональная, научная и техническая прочая, не включенная в другие группировки",74.9,2019,621.0
"Деятельность профессиональная, научная и техническая прочая, не включенная в другие группировки",74.9,2020,934.0
"Деятельность профессиональная, научная и техническая прочая, не включенная в другие группировки",74.9,2021,809.0
"Деятельность профессиональная, научная и техническая прочая, не включенная в другие группировки",74.9,2022,762.0
"Деятельность профессиональная, научная и техническая прочая, не включенная в другие группировки",74.9,2023,105.0
"Деятельность профессиональная, научная и техническая прочая, не включенная в другие группировки",74.90,2024,698.0
"Деятельность профессиональная, научная и техническая прочая, не включенная в другие группировки",74.90,2025,220.0
Деятельность иная в области защиты информации,74.90.09.АГ,2020,93.0
Деятельность иная в области защиты информации,74.90.09.АГ,2024,680.0
Деятельность иная в области защиты информации,74.90.09.АГ,2025,137.0
Деятельность в области защиты информации и обеспечения безопасности критической информационной инфраструктуры,74.90.9,2024,680.0
Деятельность в области защиты информации и обеспечения безопасности критической информационной инфраструктуры,74.90.9,2025,137.0
Деятельность ветеринарная,75,2021,18.0
Аренда и лизинг,77,2020,5.0
"Деятельность административно-хозяйственная, вспомогательная деятельность по обеспечению функционирования организации, деятельность по предоставлению прочих вспомогательных услуг для бизнеса",82,2017,37.0
Деятельность административно,82,2018,30.0
Деятельность административно,82,2019,142.0
"Деятельность административно-хозяйственная, вспомогательная деятельность по обеспечению функционирования организации, деятельность по предоставлению прочих вспомогательных услуг для бизнеса",82,2020,515.0
"Деятельность административно-хозяйственная, вспомогательная деятельность по обеспечению функционирования организации, деятельность по предоставлению прочих вспомогательных услуг для бизнеса",82,2021,411.0
"Деятельность административно-хозяйственная, вспомогательная деятельность по обеспечению функционирования организации, деятельность по предоставлению прочих вспомогательных услуг для бизнеса",82,2022,1193.0
"Деятельность административно-хозяйственная, вспомогательная деятельность по обеспечению функционирования организации, деятельность по предоставлению прочих вспомогательных услуг для бизнеса",82,2023,230.0
"Деятельность административно-хозяйственная, вспомогательная деятельность по обеспечению функционирования организации, деятельность по предоставлению прочих вспомогательных услуг для бизнеса",82,2024,143.0
"Деятельность административно-хозяйственная, вспомогательная деятельность по обеспечению функционирования организации, деятельность по предоставлению прочих вспомогательных услуг для бизнеса",82,2025,180.0
Деятельность по организации конференций и выставок,82.30,2024,7.0
"Деятельность по предоставлению вспомогательных услуг для бизнеса, не включенная в другие группировки",82.9,2025,170.0
"Деятельность по предоставлению прочих вспомогательных услуг для бизнеса, не включенная в другие группировки",82.99,2025,170.0
"Деятельность органов государственного управления по обеспечению военной безопасности, обязательному социальному обеспечению",84,2024,781.0
"Деятельность органов государственного управления по обеспечению военной безопасности, обязательному социальному обеспечению",84,2025,776.0
"Предоставление государственных услуг обществу, не включенные в другие группировки",84.02.АГ,2018,1385.0
"Предоставление государственных услуг обществу, не включенные в другие группировки",84.02.АГ,2020,813.0
"Предоставление государственных услуг обществу, не включенные в другие группировки",84.02.АГ,2024,756.0
"Предоставление государственных услуг обществу, не включенные в другие группировки",84.02.АГ,2025,751.0
Предоставление государственных услуг обществу,84.2,2024,767.0
Предоставление государственных услуг обществу,84.2,2025,769.0
Образование,85,2024,66191.0
Образование,85,2025,65007.0
Образование общее,85.1,2020,47.0
Образование общее,85.1,2021,18.0
Образование профессиональное,85.2,2017,58131.0
Образование профессиональное,85.2,2018,59717.0
Образование профессиональное,85.2,2019,61847.0
Образование профессиональное,85.2,2020,63359.0
Образование профессиональное,85.2,2021,66201.0
Образование профессиональное,85.2,2022,67512.0
Образование профессиональное,85.2,2023,67449.0
Образование профессиональное,85.2,2024,65144.0
Образование профессиональное,85.2,2025,64613.0
Образование профессиональное среднее,85.21,2017,81.0
Образование профессиональное среднее,85.21,2018,62.0
Образование профессиональное среднее,85.21,2019,88.0
Образование профессиональное среднее,85.21,2020,20.0
Образование профессиональное среднее,85.21,2021,22.0
Образование профессиональное среднее,85.21,2022,18.0
Образование профессиональное среднее,85.21,2023,10.0
Образование профессиональное среднее,85.21,2024,11.0
Образование профессиональное среднее,85.21,2025,8.0
Образование высшее,85.22,2017,57482.0
Образование высшее,85.22,2018,59175.0
Образование высшее,85.22,2019,61095.0
Образование высшее,85.22,2020,63098.0
Образование высшее,85.22,2021,65769.0
Образование высшее,85.22,2022,67104.0
Образование высшее,85.22,2023,67325.0
Образование высшее,85.22,2024,65031.0
Образование высшее,85.22,2025,64519.0
Образование высшее - бакалавриат,85.22.1,2024,3836.0
Образование высшее - бакалавриат,85.22.1,2025,4021.0
Образование высшее - специалитет,85.22.2,2024,392.0
Образование высшее - специалитет,85.22.2,2025,428.0
Образование высшее - магистратура,85.22.3,2024,1270.0
Образование высшее - магистратура,85.22.3,2025,1498.0
Подготовка кадров высшей квалификации,85.23,2017,568.0
Подготовка кадров высшей квалификации,85.23,2018,480.0
Подготовка кадров высшей квалификации,85.23,2019,664.0
Подготовка кадров высшей квалификации,85.23,2020,241.0
Подготовка кадров высшей квалификации,85.23,2021,410.0
Подготовка кадров высшей квалификации,85.23,2022,390.0
Подготовка кадров высшей квалификации,85.23,2023,114.0
Подготовка кадров высшей квалификации,85.23,2024,102.0
Подготовка кадров высшей квалификации,85.23,2025,86.0
Обучение профессиональное,85.3,2020,3.0
Образование дополнительное,85.4,2017,166.0
Образование дополнительное,85.4,2018,109.0
Образование дополнительное,85.4,2019,115.0
Образование дополнительное,85.4,2020,317.0
Образование дополнительное,85.4,2021,102.0
Образование дополнительное,85.4,2022,166.0
Образование дополнительное,85.4,2023,410.0
Образование дополнительное,85.4,2024,1028.0
Образование дополнительное,85.4,2025,377.0
Образование профессиональное дополнительное,85.42,2024,918.0
Образование профессиональное дополнительное,85.42,2025,209.0
"Деятельность по дополнительному профессиональному образованию прочая, не включенная в другие группировки",85.42.9,2024,711.0
"Деятельность по дополнительному профессиональному образованию прочая, не включенная в другие группировки",85.42.9,2025,50.0
Деятельность в области здравоохранения,86,2017,3796.0
Деятельность в области здравоохранения,86,2018,3338.0
Деятельность в области здравоохранения,86,2019,4065.0
Деятельность в области здравоохранения,86,2020,4133.0
Деятельность в области здравоохранения,86,2021,4332.0
Деятельность в области здравоохранения,86,2022,3150.0
Деятельность в области здравоохранения,86,2023,2629.0
Деятельность в области здравоохранения,86,2024,2639.0
Деятельность в области здравоохранения,86,2025,2617.0
Деятельность больничных организаций,86.10,2024,1492.0
Деятельность больничных организаций,86.10,2025,1447.0
Медицинская и стоматологическая практика,86.2,2024,53.0
Медицинская и стоматологическая практика,86.2,2025,63.0
Общая врачебная практика,86.21,2025,62.0
Деятельность в области медицины прочая,86.90,2024,1094.0
Деятельность в области медицины прочая,86.90,2025,1107.0
Деятельность организаций санитарно-эпидемиологической службы,86.90.1,2024,1037.0
Деятельность организаций санитарно-эпидемиологической службы,86.90.1,2025,1076.0
Предоставление социальных услуг без обеспечения проживания,88,2020,55.0
Предоставление социальных услуг без обеспечения проживания,88,2021,34.0
"Деятельность творческая, деятельность в области искусства и организации развлечений",90,2020,19.0
"Деятельность творческая, деятельность в области искусства и организации развлечений",90,2021,17.0
"Деятельность творческая, деятельность в области искусства и организации развлечений",90,2023,23.0
"Деятельность творческая, деятельность в области искусства и организации развлечений",90.0,2024,26.0
"Деятельность творческая, деятельность в области искусства и организации развлечений",90.0,2025,26.0
"Деятельность библиотек, архивов, музеев и прочих объектов культуры",91,2017,3102.0
"Деятельность библиотек, архивов, музеев и прочих объектов культуры",91,2018,2647.0
"Деятельность библиотек, архивов, музеев и прочих объектов культуры",91,2019,2360.0
"Деятельность библиотек, архивов, музеев и прочих объектов культуры",91,2020,2960.0
"Деятельность библиотек, архивов, музеев и прочих объектов культуры",91,2021,2539.0
"Деятельность библиотек, архивов, музеев и прочих объектов культуры",91,2022,2019.0
"Деятельность библиотек, архивов, музеев и прочих объектов культуры",91,2023,1933.0
"Деятельность библиотек, архивов, музеев и прочих объектов культуры",91.0,2024,2254.0
"Деятельность библиотек, архивов, музеев и прочих объектов культуры",91.0,2025,1540.0
Деятельность библиотек и архивов,91.01,2024,710.0
Деятельность библиотек и архивов,91.01,2025,237.0
Деятельность музеев,91.02,2024,974.0
Деятельность музеев,91.02,2025,709.0
"Деятельность по охране исторических мест и зданий, памятников культуры",91.03,2024,25.0
"Деятельность по охране исторических мест и зданий, памятников культуры",91.03,2025,26.0
"Деятельность ботанических садов, зоопарков, государственных природных заповедников и национальных парков",91.04,2024,545.0
"Деятельность ботанических садов, зоопарков, государственных природных заповедников и национальных парков",91.04,2025,568.0
Деятельность государственных природных заповедников (в том числе биосферных),91.04.2,2024,93.0
Деятельность государственных природных заповедников (в том числе биосферных),91.04.2,2025,124.0
Деятельность национальных парков,91.04.3,2024,28.0
Деятельность национальных парков,91.04.3,2025,37.0
"Деятельность по организации и проведению азартных игр и заключению пари, по организации и проведению лотерей",92,2021,28.0
"Деятельность в области спорта, отдыха и развлечений",93,2020,30.0
"Деятельность в области спорта, отдыха и развлечений",93,2021,11.0
Деятельность общественных организаций,94,2017,20.0
Деятельность общественных организаций,94,2018,14.0
Деятельность общественных организаций,94,2019,38.0
Деятельность общественных организаций,94,2020,65.0
Деятельность общественных организаций,94,2021,43.0
Деятельность общественных и прочих некоммерческих организаций,94,2022,59.0
Деятельность общественных и прочих некоммерческих организаций,94,2023,42.0
Деятельность общественных и прочих некоммерческих организаций,94,2024,55.0
Деятельность общественных и прочих некоммерческих организаций,94,2025,55.0
Деятельность предпринимательских и профессиональных членских некоммерческих организаций,94.1,2024,27.0
Деятельность предпринимательских и профессиональных членских некоммерческих организаций,94.1,2025,19.0
Деятельность профессиональных членских организаций,94.12,2024,26.0
Деятельность профессиональных членских организаций,94.12,2025,18.0
Деятельность прочих общественных и некоммерческих организаций,94.9,2024,28.0
Деятельность прочих общественных и некоммерческих организаций,94.9,2025,36.0
"Деятельность прочих общественных организаций и некоммерческих организаций, кроме религиозных и политических организаций",94.99,2024,25.0
"Деятельность прочих общественных организаций и некоммерческих организаций, кроме религиозных и политических организаций",94.99,2025,33.0
"Ремонт компьютеров, предметов личного потребления и хозяйственно",95,2018,63.0
"Ремонт компьютеров, предметов личного потребления и хозяйственно-бытового назначения",95,2020,24.0
"Ремонт компьютеров, предметов личного потребления и хозяйственно-бытового назначения",95,2021,20.0
Ремонт коммуникационного оборудования,95.12,2018,40.0
Ремонт коммуникационного оборудования,95.12,2020,24.0
Ремонт коммуникационного оборудования,95.12,2021,20.0
"СЕЛЬСКОЕ, ЛЕСНОЕ ХОЗЯЙСТВО, ОХОТА, РЫБОЛОВСТВО И РЫБОВОДСТВО",A,2017,821.0
"СЕЛЬСКОЕ, ЛЕСНОЕ ХОЗЯЙСТВО, ОХОТА, РЫБОЛОВСТВО И РЫБОВОДСТВО",A,2018,529.0
"СЕЛЬСКОЕ, ЛЕСНОЕ ХОЗЯЙСТВО, ОХОТА, РЫБОЛОВСТВО И РЫБОВОДСТВО",A,2019,369.0
"СЕЛЬСКОЕ, ЛЕСНОЕ ХОЗЯЙСТВО, ОХОТА, РЫБОЛОВСТВО И РЫБОВОДСТВО",A,2020,520.0
"СЕЛЬСКОЕ, ЛЕСНОЕ ХОЗЯЙСТВО, ОХОТА, РЫБОЛОВСТВО И РЫБОВОДСТВО",A,2021,469.0
"СЕЛЬСКОЕ, ЛЕСНОЕ ХОЗЯЙСТВО, ОХОТА, РЫБОЛОВСТВО И РЫБОВОДСТВО",A,2022,435.0
"СЕЛЬСКОЕ, ЛЕСНОЕ ХОЗЯЙСТВО, ОХОТА, РЫБОЛОВСТВО И РЫБОВОДСТВО",A,2023,301.0
"СЕЛЬСКОЕ, ЛЕСНОЕ ХОЗЯЙСТВО, ОХОТА, РЫБОЛОВСТВО И РЫБОВОДСТВО",A,2024,429.0
"СЕЛЬСКОЕ, ЛЕСНОЕ ХОЗЯЙСТВО, ОХОТА, РЫБОЛОВСТВО И РЫБОВОДСТВО",A,2025,371.0
ДОБЫЧА ПОЛЕЗНЫХ ИСКОПАЕМЫХ,B,2017,429.0
ДОБЫЧА ПОЛЕЗНЫХ ИСКОПАЕМЫХ,B,2018,422.0
ДОБЫЧА ПОЛЕЗНЫХ ИСКОПАЕМЫХ,B,2019,460.0
ДОБЫЧА ПОЛЕЗНЫХ ИСКОПАЕМЫХ,B,2020,468.0
ДОБЫЧА ПОЛЕЗНЫХ ИСКОПАЕМЫХ,B,2021,116.0
ДОБЫЧА ПОЛЕЗНЫХ ИСКОПАЕМЫХ,B,2022,74.0
ДОБЫЧА ПОЛЕЗНЫХ ИСКОПАЕМЫХ,B,2023,233.0
ДОБЫЧА ПОЛЕЗНЫХ ИСКОПАЕМЫХ,B,2024,204.0
ДОБЫЧА ПОЛЕЗНЫХ ИСКОПАЕМЫХ,B,2025,228.0
ОБРАБАТЫВАЮЩИЕ ПРОИЗВОДСТВА,C,2017,70598.0
ОБРАБАТЫВАЮЩИЕ ПРОИЗВОДСТВА,C,2018,69527.0
ОБРАБАТЫВАЮЩИЕ ПРОИЗВОДСТВА,C,2019,86451.0
ОБРАБАТЫВАЮЩИЕ ПРОИЗВОДСТВА,C,2020,93372.0
ОБРАБАТЫВАЮЩИЕ ПРОИЗВОДСТВА,C,2021,90576.0
ОБРАБАТЫВАЮЩИЕ ПРОИЗВОДСТВА,C,2022,102169.0
ОБРАБАТЫВАЮЩИЕ ПРОИЗВОДСТВА,C,2023,106331.0
ОБРАБАТЫВАЮЩИЕ ПРОИЗВОДСТВА,C,2024,126201.0
ОБРАБАТЫВАЮЩИЕ ПРОИЗВОДСТВА,C,2025,125833.0
"ОБЕСПЕЧЕНИЕ ЭЛЕКТРИЧЕСКОЙ ЭНЕРГИЕЙ, ГАЗОМ И ПАРОМ; КОНДИЦИОНИРОВАНИЕ ВОЗДУХА",D,2017,146.0
"ОБЕСПЕЧЕНИЕ ЭЛЕКТРИЧЕСКОЙ ЭНЕРГИЕЙ, ГАЗОМ И ПАРОМ; КОНДИЦИОНИРОВАНИЕ ВОЗДУХА",D,2018,162.0
"ОБЕСПЕЧЕНИЕ ЭЛЕКТРИЧЕСКОЙ ЭНЕРГИЕЙ, ГАЗОМ И ПАРОМ; КОНДИЦИОНИРОВАНИЕ ВОЗДУХА",D,2020,395.0
"ОБЕСПЕЧЕНИЕ ЭЛЕКТРИЧЕСКОЙ ЭНЕРГИЕЙ, ГАЗОМ И ПАРОМ; КОНДИЦИОНИРОВАНИЕ ВОЗДУХА",D,2021,409.0
"ОБЕСПЕЧЕНИЕ ЭЛЕКТРИЧЕСКОЙ ЭНЕРГИЕЙ, ГАЗОМ И ПАРОМ; КОНДИЦИОНИРОВАНИЕ ВОЗДУХА",D,2024,416.0
"ОБЕСПЕЧЕНИЕ ЭЛЕКТРИЧЕСКОЙ ЭНЕРГИЕЙ, ГАЗОМ И ПАРОМ; КОНДИЦИОНИРОВАНИЕ ВОЗДУХА",D,2025,551.0
"ВОДОСНАБЖЕНИЕ; ВОДООТВЕДЕНИЕ, ОРГАНИЗАЦИЯ СБОРА И УТИЛИЗАЦИИ ОТХОДОВ, ДЕЯТЕЛЬНОСТЬ ПО ЛИКВИДАЦИИ ЗАГРЯЗНЕНИЙ",E,2018,157.0
"ВОДОСНАБЖЕНИЕ; ВОДООТВЕДЕНИЕ, ОРГАНИЗАЦИЯ СБОРА И УТИЛИЗАЦИИ ОТХОДОВ, ДЕЯТЕЛЬНОСТЬ ПО ЛИКВИДАЦИИ ЗАГРЯЗНЕНИЙ",E,2020,289.0
"ВОДОСНАБЖЕНИЕ; ВОДООТВЕДЕНИЕ, ОРГАНИЗАЦИЯ СБОРА И УТИЛИЗАЦИИ ОТХОДОВ, ДЕЯТЕЛЬНОСТЬ ПО ЛИКВИДАЦИИ ЗАГРЯЗНЕНИЙ",E,2021,538.0
"ВОДОСНАБЖЕНИЕ; ВОДООТВЕДЕНИЕ, ОРГАНИЗАЦИЯ СБОРА И УТИЛИЗАЦИИ ОТХОДОВ, ДЕЯТЕЛЬНОСТЬ ПО ЛИКВИДАЦИИ ЗАГРЯЗНЕНИЙ",E,2024,862.0
СТРОИТЕЛЬСТВО,F,2017,75.0
СТРОИТЕЛЬСТВО,F,2020,8.0
СТРОИТЕЛЬСТВО,F,2021,15.0
ТОРГОВЛЯ ОПТОВАЯ И РОЗНИЧНАЯ; РЕМОНТ АВТОТРАНСПОРТНЫХ СРЕДСТВ И МОТОЦИКЛОВ,G,2017,358.0
ТОРГОВЛЯ ОПТОВАЯ И РОЗНИЧНАЯ; РЕМОНТ АВТОТРАНСПОРТНЫХ СРЕДСТВ И МОТОЦИКЛОВ,G,2018,447.0
ТОРГОВЛЯ ОПТОВАЯ И РОЗНИЧНАЯ; РЕМОНТ АВТОТРАНСПОРТНЫХ СРЕДСТВ И МОТОЦИКЛОВ,G,2019,569.0
ТОРГОВЛЯ ОПТОВАЯ И РОЗНИЧНАЯ; РЕМОНТ АВТОТРАНСПОРТНЫХ СРЕДСТВ И МОТОЦИКЛОВ,G,2020,275.0
ТОРГОВЛЯ ОПТОВАЯ И РОЗНИЧНАЯ; РЕМОНТ АВТОТРАНСПОРТНЫХ СРЕДСТВ И МОТОЦИКЛОВ,G,2021,276.0
ТОРГОВЛЯ ОПТОВАЯ И РОЗНИЧНАЯ; РЕМОНТ АВТОТРАНСПОРТНЫХ СРЕДСТВ И МОТОЦИКЛОВ,G,2022,520.0
ТОРГОВЛЯ ОПТОВАЯ И РОЗНИЧНАЯ; РЕМОНТ АВТОТРАНСПОРТНЫХ СРЕДСТВ И МОТОЦИКЛОВ,G,2023,517.0
ТОРГОВЛЯ ОПТОВАЯ И РОЗНИЧНАЯ; РЕМОНТ АВТОТРАНСПОРТНЫХ СРЕДСТВ И МОТОЦИКЛОВ,G,2024,485.0
ТОРГОВЛЯ ОПТОВАЯ И РОЗНИЧНАЯ; РЕМОНТ АВТОТРАНСПОРТНЫХ СРЕДСТВ И МОТОЦИКЛОВ,G,2025,900.0
ТРАНСПОРТИРОВКА И ХРАНЕНИЕ,H,2017,128.0
ТРАНСПОРТИРОВКА И ХРАНЕНИЕ,H,2018,114.0
ТРАНСПОРТИРОВКА И ХРАНЕНИЕ,H,2019,2535.0
ТРАНСПОРТИРОВКА И ХРАНЕНИЕ,H,2020,413.0
ТРАНСПОРТИРОВКА И ХРАНЕНИЕ,H,2021,1482.0
ДЕЯТЕЛЬНОСТЬ ГОСТИНИЦ И ПРЕДПРИЯТИЙ ОБЩЕСТВЕННОГО ПИТАНИЯ,I,2021,898.0
ДЕЯТЕЛЬНОСТЬ В ОБЛАСТИ ИНФОРМАЦИИ И СВЯЗИ,J,2017,3538.0
ДЕЯТЕЛЬНОСТЬ В ОБЛАСТИ ИНФОРМАЦИИ И СВЯЗИ,J,2018,3310.0
ДЕЯТЕЛЬНОСТЬ В ОБЛАСТИ ИНФОРМАЦИИ И СВЯЗИ,J,2019,4307.0
ДЕЯТЕЛЬНОСТЬ В ОБЛАСТИ ИНФОРМАЦИИ И СВЯЗИ,J,2020,7167.0
ДЕЯТЕЛЬНОСТЬ В ОБЛАСТИ ИНФОРМАЦИИ И СВЯЗИ,J,2021,4294.0
ДЕЯТЕЛЬНОСТЬ В ОБЛАСТИ ИНФОРМАЦИИ И СВЯЗИ,J,2022,4346.0
ДЕЯТЕЛЬНОСТЬ В ОБЛАСТИ ИНФОРМАЦИИ И СВЯЗИ,J,2023,4705.0
ДЕЯТЕЛЬНОСТЬ В ОБЛАСТИ ИНФОРМАЦИИ И СВЯЗИ,J,2024,5769.0
ДЕЯТЕЛЬНОСТЬ В ОБЛАСТИ ИНФОРМАЦИИ И СВЯЗИ,J,2025,5220.0
ДЕЯТЕЛЬНОСТЬ ФИНАНСОВАЯ И СТРАХОВАЯ,K,2017,22.0
ДЕЯТЕЛЬНОСТЬ ФИНАНСОВАЯ И СТРАХОВАЯ,K,2021,5.0
ДЕЯТЕЛЬНОСТЬ ПО ОПЕРАЦИЯМ С НЕДВИЖИМЫМ ИМУЩЕСТВОМ,L,2017,688.0
ДЕЯТЕЛЬНОСТЬ ПО ОПЕРАЦИЯМ С НЕДВИЖИМЫМ ИМУЩЕСТВОМ,L,2018,151.0
ДЕЯТЕЛЬНОСТЬ ПО ОПЕРАЦИЯМ С НЕДВИЖИМЫМ ИМУЩЕСТВОМ,L,2019,866.0
ДЕЯТЕЛЬНОСТЬ ПО ОПЕРАЦИЯМ С НЕДВИЖИМЫМ ИМУЩЕСТВОМ,L,2020,362.0
ДЕЯТЕЛЬНОСТЬ ПО ОПЕРАЦИЯМ С НЕДВИЖИМЫМ ИМУЩЕСТВОМ,L,2021,385.0
ДЕЯТЕЛЬНОСТЬ ПО ОПЕРАЦИЯМ С НЕДВИЖИМЫМ ИМУЩЕСТВОМ,L,2022,156.0
ДЕЯТЕЛЬНОСТЬ ПО ОПЕРАЦИЯМ С НЕДВИЖИМЫМ ИМУЩЕСТВОМ,L,2023,76.0
ДЕЯТЕЛЬНОСТЬ ПО ОПЕРАЦИЯМ С НЕДВИЖИМЫМ ИМУЩЕСТВОМ,L,2024,45.0
ДЕЯТЕЛЬНОСТЬ ПО ОПЕРАЦИЯМ С НЕДВИЖИМЫМ ИМУЩЕСТВОМ,L,2025,159.0
"ДЕЯТЕЛЬНОСТЬ ПРОФЕССИОНАЛЬНАЯ, НАУЧНАЯ И ТЕХНИЧЕСКАЯ",M,2017,564623.0
"ДЕЯТЕЛЬНОСТЬ ПРОФЕССИОНАЛЬНАЯ, НАУЧНАЯ И ТЕХНИЧЕСКАЯ",M,2018,540272.0
"ДЕЯТЕЛЬНОСТЬ ПРОФЕССИОНАЛЬНАЯ, НАУЧНАЯ И ТЕХНИЧЕСКАЯ",M,2019,515479.0
"ДЕЯТЕЛЬНОСТЬ ПРОФЕССИОНАЛЬНАЯ, НАУЧНАЯ И ТЕХНИЧЕСКАЯ",M,2020,503690.0
"ДЕЯТЕЛЬНОСТЬ ПРОФЕССИОНАЛЬНАЯ, НАУЧНАЯ И ТЕХНИЧЕСКАЯ",M,2021,488524.0
"ДЕЯТЕЛЬНОСТЬ ПРОФЕССИОНАЛЬНАЯ, НАУЧНАЯ И ТЕХНИЧЕСКАЯ",M,2022,485174.0
"ДЕЯТЕЛЬНОСТЬ ПРОФЕССИОНАЛЬНАЯ, НАУЧНАЯ И ТЕХНИЧЕСКАЯ",M,2023,484444.0
"ДЕЯТЕЛЬНОСТЬ ПРОФЕССИОНАЛЬНАЯ, НАУЧНАЯ И ТЕХНИЧЕСКАЯ",M,2024,467985.0
"ДЕЯТЕЛЬНОСТЬ ПРОФЕССИОНАЛЬНАЯ, НАУЧНАЯ И ТЕХНИЧЕСКАЯ",M,2025,469146.0
ДЕЯТЕЛЬНОСТЬ АДМИНИСТРАТИВНАЯ И СОПУТСТВУЮЩИЕ ДОПОЛНИТЕЛЬНЫЕ УСЛУГИ,N,2017,37.0
ДЕЯТЕЛЬНОСТЬ АДМИНИСТРАТИВНАЯ И СОПУТСТВУЮЩИЕ ДОПОЛНИТЕЛЬНЫЕ УСЛУГИ,N,2018,135.0
ДЕЯТЕЛЬНОСТЬ АДМИНИСТРАТИВНАЯ И СОПУТСТВУЮЩИЕ ДОПОЛНИТЕЛЬНЫЕ УСЛУГИ,N,2019,305.0
ДЕЯТЕЛЬНОСТЬ АДМИНИСТРАТИВНАЯ И СОПУТСТВУЮЩИЕ ДОПОЛНИТЕЛЬНЫЕ УСЛУГИ,N,2020,520.0
ДЕЯТЕЛЬНОСТЬ АДМИНИСТРАТИВНАЯ И СОПУТСТВУЮЩИЕ ДОПОЛНИТЕЛЬНЫЕ УСЛУГИ,N,2021,411.0
ДЕЯТЕЛЬНОСТЬ АДМИНИСТРАТИВНАЯ И СОПУТСТВУЮЩИЕ ДОПОЛНИТЕЛЬНЫЕ УСЛУГИ,N,2022,1340.0
ДЕЯТЕЛЬНОСТЬ АДМИНИСТРАТИВНАЯ И СОПУТСТВУЮЩИЕ ДОПОЛНИТЕЛЬНЫЕ УСЛУГИ,N,2023,230.0
ДЕЯТЕЛЬНОСТЬ АДМИНИСТРАТИВНАЯ И СОПУТСТВУЮЩИЕ ДОПОЛНИТЕЛЬНЫЕ УСЛУГИ,N,2024,203.0
ДЕЯТЕЛЬНОСТЬ АДМИНИСТРАТИВНАЯ И СОПУТСТВУЮЩИЕ ДОПОЛНИТЕЛЬНЫЕ УСЛУГИ,N,2025,540.0
ГОСУДАРСТВЕННОЕ УПРАВЛЕНИЕ И ОБЕСПЕЧЕНИЕ ВОЕННОЙ БЕЗОПАСНОСТИ; СОЦИАЛЬНОЕ ОБЕСПЕЧЕНИЕ,O,2018,1385.0
ГОСУДАРСТВЕННОЕ УПРАВЛЕНИЕ И ОБЕСПЕЧЕНИЕ ВОЕННОЙ БЕЗОПАСНОСТИ; СОЦИАЛЬНОЕ ОБЕСПЕЧЕНИЕ,O,2019,850.0
ГОСУДАРСТВЕННОЕ УПРАВЛЕНИЕ И ОБЕСПЕЧЕНИЕ ВОЕННОЙ БЕЗОПАСНОСТИ; СОЦИАЛЬНОЕ ОБЕСПЕЧЕНИЕ,O,2020,842.0
ГОСУДАРСТВЕННОЕ УПРАВЛЕНИЕ И ОБЕСПЕЧЕНИЕ ВОЕННОЙ БЕЗОПАСНОСТИ; СОЦИАЛЬНОЕ ОБЕСПЕЧЕНИЕ,O,2021,959.0
ГОСУДАРСТВЕННОЕ УПРАВЛЕНИЕ И ОБЕСПЕЧЕНИЕ ВОЕННОЙ БЕЗОПАСНОСТИ; СОЦИАЛЬНОЕ ОБЕСПЕЧЕНИЕ,O,2022,957.0
ГОСУДАРСТВЕННОЕ УПРАВЛЕНИЕ И ОБЕСПЕЧЕНИЕ ВОЕННОЙ БЕЗОПАСНОСТИ; СОЦИАЛЬНОЕ ОБЕСПЕЧЕНИЕ,O,2023,771.0
ГОСУДАРСТВЕННОЕ УПРАВЛЕНИЕ И ОБЕСПЕЧЕНИЕ ВОЕННОЙ БЕЗОПАСНОСТИ; СОЦИАЛЬНОЕ ОБЕСПЕЧЕНИЕ,O,2024,781.0
ГОСУДАРСТВЕННОЕ УПРАВЛЕНИЕ И ОБЕСПЕЧЕНИЕ ВОЕННОЙ БЕЗОПАСНОСТИ; СОЦИАЛЬНОЕ ОБЕСПЕЧЕНИЕ,O,2025,776.0
ОБРАЗОВАНИЕ,P,2017,58297.0
ОБРАЗОВАНИЕ,P,2018,59854.0
ОБРАЗОВАНИЕ,P,2019,61964.0
ОБРАЗОВАНИЕ,P,2020,63726.0
ОБРАЗОВАНИЕ,P,2021,66321.0
ОБРАЗОВАНИЕ,P,2022,67697.0
ОБРАЗОВАНИЕ,P,2023,67878.0
ОБРАЗОВАНИЕ,P,2024,66191.0
ОБРАЗОВАНИЕ,P,2025,65007.0
ДЕЯТЕЛЬНОСТЬ В ОБЛАСТИ ЗДРАВООХРАНЕНИЯ И СОЦИАЛЬНЫХ УСЛУГ,Q,2017,3796.0
ДЕЯТЕЛЬНОСТЬ В ОБЛАСТИ ЗДРАВООХРАНЕНИЯ И СОЦИАЛЬНЫХ УСЛУГ,Q,2018,3338.0
ДЕЯТЕЛЬНОСТЬ В ОБЛАСТИ ЗДРАВООХРАНЕНИЯ И СОЦИАЛЬНЫХ УСЛУГ,Q,2019,4065.0
ДЕЯТЕЛЬНОСТЬ В ОБЛАСТИ ЗДРАВООХРАНЕНИЯ И СОЦИАЛЬНЫХ УСЛУГ,Q,2020,4188.0
ДЕЯТЕЛЬНОСТЬ В ОБЛАСТИ ЗДРАВООХРАНЕНИЯ И СОЦИАЛЬНЫХ УСЛУГ,Q,2021,4366.0
ДЕЯТЕЛЬНОСТЬ В ОБЛАСТИ ЗДРАВООХРАНЕНИЯ И СОЦИАЛЬНЫХ УСЛУГ,Q,2022,3178.0
ДЕЯТЕЛЬНОСТЬ В ОБЛАСТИ ЗДРАВООХРАНЕНИЯ И СОЦИАЛЬНЫХ УСЛУГ,Q,2023,2650.0
ДЕЯТЕЛЬНОСТЬ В ОБЛАСТИ ЗДРАВООХРАНЕНИЯ И СОЦИАЛЬНЫХ УСЛУГ,Q,2024,2672.0
ДЕЯТЕЛЬНОСТЬ В ОБЛАСТИ ЗДРАВООХРАНЕНИЯ И СОЦИАЛЬНЫХ УСЛУГ,Q,2025,2639.0
"ДЕЯТЕЛЬНОСТЬ В ОБЛАСТИ КУЛЬТУРЫ, СПОРТА, ОРГАНИЗАЦИИ ДОСУГА И РАЗВЛЕЧЕНИЙ",R,2017,3102.0
"ДЕЯТЕЛЬНОСТЬ В ОБЛАСТИ КУЛЬТУРЫ, СПОРТА, ОРГАНИЗАЦИИ ДОСУГА И РАЗВЛЕЧЕНИЙ",R,2018,2647.0
"ДЕЯТЕЛЬНОСТЬ В ОБЛАСТИ КУЛЬТУРЫ, СПОРТА, ОРГАНИЗАЦИИ ДОСУГА И РАЗВЛЕЧЕНИЙ",R,2019,3066.0
"ДЕЯТЕЛЬНОСТЬ В ОБЛАСТИ КУЛЬТУРЫ, СПОРТА, ОРГАНИЗАЦИИ ДОСУГА И РАЗВЛЕЧЕНИЙ",R,2020,3009.0
"ДЕЯТЕЛЬНОСТЬ В ОБЛАСТИ КУЛЬТУРЫ, СПОРТА, ОРГАНИЗАЦИИ ДОСУГА И РАЗВЛЕЧЕНИЙ",R,2021,2595.0
"ДЕЯТЕЛЬНОСТЬ В ОБЛАСТИ КУЛЬТУРЫ, СПОРТА, ОРГАНИЗАЦИИ ДОСУГА И РАЗВЛЕЧЕНИЙ",R,2022,2036.0
"ДЕЯТЕЛЬНОСТЬ В ОБЛАСТИ КУЛЬТУРЫ, СПОРТА, ОРГАНИЗАЦИИ ДОСУГА И РАЗВЛЕЧЕНИЙ",R,2023,1957.0
"ДЕЯТЕЛЬНОСТЬ В ОБЛАСТИ КУЛЬТУРЫ, СПОРТА, ОРГАНИЗАЦИИ ДОСУГА И РАЗВЛЕЧЕНИЙ",R,2024,2394.0
"ДЕЯТЕЛЬНОСТЬ В ОБЛАСТИ КУЛЬТУРЫ, СПОРТА, ОРГАНИЗАЦИИ ДОСУГА И РАЗВЛЕЧЕНИЙ",R,2025,1568.0
ПРЕДОСТАВЛЕНИЕ ПРОЧИХ ВИДОВ УСЛУГ,S,2017,73.0
ПРЕДОСТАВЛЕНИЕ ПРОЧИХ ВИДОВ УСЛУГ,S,2018,77.0
ПРЕДОСТАВЛЕНИЕ ПРОЧИХ ВИДОВ УСЛУГ,S,2019,78.0
ПРЕДОСТАВЛЕНИЕ ПРОЧИХ ВИДОВ УСЛУГ,S,2020,89.0
ПРЕДОСТАВЛЕНИЕ ПРОЧИХ ВИДОВ УСЛУГ,S,2021,63.0
ПРЕДОСТАВЛЕНИЕ ПРОЧИХ ВИДОВ УСЛУГ,S,2022,79.0
ПРЕДОСТАВЛЕНИЕ ПРОЧИХ ВИДОВ УСЛУГ,S,2023,42.0
ПРЕДОСТАВЛЕНИЕ ПРОЧИХ ВИДОВ УСЛУГ,S,2024,72.0
ПРЕДОСТАВЛЕНИЕ ПРОЧИХ ВИДОВ УСЛУГ,S,2025,55.0
